文件名,数据来源,预测类别,最大置信度,类别混淆度,信息熵,处理状态
F0504.txt,数据集2,0,0.7497723676876289,0.6383342921739981,1.285768000648766,自动归类成功
F0074.txt,数据集2,0,0.880398856457691,0.8209487621312576,0.7633830550514225,自动归类成功
F0909.txt,数据集2,0,0.8326200327968466,0.7502811039148585,0.9776777351281613,自动归类成功
F0882.txt,数据集2,0,0.7489476763633562,0.5942685266680863,1.2338809185450132,自动归类成功
F0896.txt,数据集2,0,0.7937381663837648,0.6763142312172181,1.0985710033895302,自动归类成功
F0699.txt,数据集2,0,0.7613074948709819,0.6356746400388511,1.2322636930142767,自动归类成功
F0855.txt,数据集2,0,0.6900318655936748,0.5048474961725531,1.4174111418183901,自动归类成功
F0464.txt,数据集2,0,0.7962008807047817,0.6952603128960574,1.124217502236306,自动归类成功
F0316.txt,数据集2,0,0.7878312744174446,0.6612376974342637,1.1081137738463038,自动归类成功
F0317.txt,数据集2,0,0.769344567222133,0.6350268607187046,1.184462145172834,自动归类成功
F0459.txt,数据集2,0,0.7896494577838539,0.680374484228842,1.1453056803782586,自动归类成功
F0868.txt,数据集2,0,0.6255709970510088,0.36886972844861543,1.490223427095447,自动归类成功
F0115.txt,数据集2,0,0.6489765808858415,0.4168433238159609,1.463833323045625,自动归类成功
F0667.txt,数据集2,0,0.7259377015158569,0.5767215652969484,1.3397731847175796,自动归类成功
F0101.txt,数据集2,0,0.7476623045016795,0.594350528197622,1.2441600974485234,自动归类成功
F0883.txt,数据集2,0,0.7686689447493509,0.6411609592553562,1.1978882551556163,自动归类成功
F0908.txt,数据集2,0,0.5544685670199037,0.23189244257913527,1.5810868713013062,自动归类成功
F0920.txt,数据集2,0,0.7408672808631309,0.576378251304693,1.2404397888208634,自动归类成功
F0934.txt,数据集2,0,0.745865949295088,0.6179959962028093,1.2962273293519453,自动归类成功
F0061.txt,数据集2,0,0.790605234325862,0.6671453138978221,1.1066798991443136,自动归类成功
F0707.txt,数据集2,0,0.8162609412541175,0.7249470994846575,1.0354875368350271,自动归类成功
F0075.txt,数据集2,0,0.6985523917211391,0.5120614399801324,1.3809404167078962,自动归类成功
F0505.txt,数据集2,0,0.7521772148359709,0.6045182729422989,1.2361512912038206,自动归类成功
F0263.txt,数据集2,0,0.8339566342698957,0.7510109780645382,0.9623943966500691,自动归类成功
F0261.txt,数据集2,0,0.7294425845623344,0.5637680535181154,1.2872775647348884,自动归类成功
F0513.txt,数据集2,0,0.8629190203086008,0.7931097871700258,0.8361693381772975,自动归类成功
F0739.txt,数据集2,0,0.7848771231003605,0.6512063235080108,1.107145182872285,自动归类成功
F0705.txt,数据集2,0,0.752669678665814,0.62336425715909,1.2661140347503097,自动归类成功
F0063.txt,数据集2,0,0.5395676755277877,0.195167581945217,1.5773559803988848,自动归类成功
F0922.txt,数据集2,0,0.90080624535331,0.8529013592783906,0.663312874702405,自动归类成功
F0936.txt,数据集2,0,0.7335597361571797,0.5751597578713854,1.2751554028785337,自动归类成功
F0895.txt,数据集2,0,0.7736493151047457,0.6480476242698203,1.176198317714933,自动归类成功
F0881.txt,数据集2,0,0.7654230777860485,0.6286411573894406,1.1917041082730704,自动归类成功
F0117.txt,数据集2,0,0.8183752910540213,0.7258992322441042,1.0308626769618812,自动归类成功
F0665.txt,数据集2,0,0.7308712530993967,0.5616321383515999,1.2804487614473885,自动归类成功
F0856.txt,数据集2,0,0.788376595345381,0.6508726809729859,1.0797150338797787,自动归类成功
F0329.txt,数据集2,0,0.6944543554640389,0.49569104808142117,1.3615305517890604,自动归类成功
F0300.txt,数据集2,0,0.644977232796649,0.3873118545111592,1.41187778981129,自动归类成功
F0328.txt,数据集2,0,0.8334204338315938,0.7460915642193169,0.9625883023257464,自动归类成功
F0664.txt,数据集2,0,0.7132409501773216,0.5282625095292303,1.3169232885022424,自动归类成功
F0089.txt,数据集2,0,0.7631887865073483,0.6224497217925522,1.1998034551508776,自动归类成功
F0076.txt,数据集2,0,0.7683507617814206,0.6294729324684608,1.1708183979162228,自动归类成功
F0710.txt,数据集2,0,0.5962463916896388,0.3165876490133003,1.5621063109846913,自动归类成功
F0704.txt,数据集2,0,0.7995030160339219,0.6862379694432099,1.0827929392197062,自动归类成功
F0248.txt,数据集2,0,0.7244975726287858,0.5584025759637303,1.3150178478848538,自动归类成功
F0270.txt,数据集2,0,0.8363478197190714,0.7447007703357446,0.9391192574095132,自动归类成功
F0700.txt,数据集2,0,0.7497392269498964,0.6088589754994195,1.2558442591679373,自动归类成功
F0728.txt,数据集2,0,0.8151507407646147,0.7011376116958058,1.0002418886950857,自动归类成功
F0660.txt,数据集2,0,0.6599202337989878,0.4228537543586031,1.4145364893287782,自动归类成功
F0648.txt,数据集2,0,0.7012024114883718,0.5167141323556327,1.3699868356446279,自动归类成功
F0304.txt,数据集2,0,0.860358237238654,0.7782283574873218,0.8301483060768788,自动归类成功
F0338.txt,数据集2,0,0.8469011885703749,0.760482125160626,0.8951467181777165,自动归类成功
F0489.txt,数据集2,0,0.7977804283005414,0.6962248107082987,1.1160372964114031,自动归类成功
F0339.txt,数据集2,0,0.7671798158813622,0.6100645252608421,1.1311817254028416,自动归类成功
F0649.txt,数据集2,0,0.7583520493311643,0.620749249362295,1.2241996847314092,自动归类成功
F0675.txt,数据集2,0,0.7903463010331014,0.6789711880483255,1.12042323736531,自动归类成功
F0926.txt,数据集2,0,0.7612523746909322,0.6251732747802663,1.2147816535220726,自动归类成功
F0715.txt,数据集2,0,0.6968185636137676,0.4912530258454244,1.3297107218842064,自动归类成功
F0517.txt,数据集2,0,0.7623597264109336,0.6175772979190621,1.1872428819454623,自动归类成功
F0503.txt,数据集2,0,0.8809115602702065,0.8189228420419947,0.7542235440159211,自动归类成功
F0273.txt,数据集2,0,0.8298771454695465,0.7330380760344779,0.9607717753911421,自动归类成功
F0267.txt,数据集2,0,0.5967723648844339,0.2890126896535677,1.469480773089777,自动归类成功
F0501.txt,数据集2,0,0.8033004105700219,0.7043752980615134,1.0918988194610582,自动归类成功
F0717.txt,数据集2,0,0.676619732925069,0.4765817511867007,1.4323712012750114,自动归类成功
F0703.txt,数据集2,0,0.8127197052458283,0.7034364432486948,1.026420325892578,自动归类成功
F0065.txt,数据集2,0,0.7474041350172002,0.6031117811652167,1.2478529494462787,自动归类成功
F0059.txt,数据集2,0,0.8119600806144353,0.7154343160795285,1.0547833695693565,自动归类成功
F0918.txt,数据集2,0,0.7527272239920538,0.5968183737347006,1.210124894265942,自动归类成功
F0546.xlsx,数据集2,0,0.7338084264875292,0.5787279501578613,1.3034757912149382,自动归类成功
F0844.txt,数据集2,0,0.7453404218647228,0.5769473701146959,1.2145990088321321,自动归类成功
F0461.txt,数据集2,0,0.8549590838143385,0.7853582592743349,0.8748793170424426,自动归类成功
F0449.txt,数据集2,0,0.7742110033297435,0.6534278528973568,1.187913044826363,自动归类成功
F0312.txt,数据集2,0,0.7654108549571387,0.6272330293692261,1.1953289600726917,自动归类成功
F0460.txt,数据集2,0,0.8140975792266706,0.7215419806160304,1.0515970622128896,自动归类成功
F0306.txt,数据集2,0,0.6828818751088934,0.48193602182853706,1.409666395038072,自动归类成功
F0689.txt,数据集2,0,0.6282692196465578,0.4139999560360431,1.5782220789800125,自动归类成功
F0676.txt,数据集2,0,0.76030437895422,0.6284156270007017,1.225546629778831,自动归类成功
F0110.txt,数据集2,0,0.7903139429104973,0.6767833516651086,1.1326578595317562,自动归类成功
F0104.txt,数据集2,0,0.7795129649768012,0.6738791379169942,1.181478801341721,自动归类成功
F0662.txt,数据集2,0,0.7622937337748432,0.62965443563648,1.2187205847420854,自动归类成功
F0925.txt,数据集2,0,0.822212012107023,0.7226738974774108,0.9976764760957694,自动归类成功
F0931.txt,数据集2,0,0.8192813275442813,0.719416644198925,1.007868706356217,自动归类成功
F0878.xlsx,数据集2,0,0.7338084264875292,0.5787279501578613,1.3034757912149382,自动归类成功
F0702.txt,数据集2,0,0.8116425017615764,0.7051808852330879,1.0404140404349442,自动归类成功
F0655.xlsx,数据集2,0,0.7338084264875292,0.5787279501578613,1.3034757912149382,自动归类成功
F0266.txt,数据集2,0,0.7696681830438982,0.6356037991674043,1.1796082002954424,自动归类成功
F0956.txt,数据集2,0,0.8218372120540725,0.7214154601189418,0.9962431797239708,自动归类成功
F0349.txt,数据集2,0,0.7799158958411988,0.6474815393871272,1.1328795808982626,自动归类成功
F0407.txt,数据集2,0,0.7691191227250672,0.6409523647877337,1.1933246273702733,自动归类成功
F0361.txt,数据集2,0,0.7093399687535683,0.5083837523329305,1.2957005043025038,自动归类成功
F0412.txt,数据集2,0,0.7719918164714658,0.654167601693679,1.1936974089889516,自动归类成功
F0823.txt,数据集2,0,0.7341563753086463,0.5964143231512444,1.3162616133658236,自动归类成功
F0162.txt,数据集2,0,0.8043527765317627,0.6977564940419386,1.0707638933529866,自动归类成功
F0764.txt,数据集2,0,0.8150160873394509,0.7199789865772599,1.0351036892183838,自动归类成功
F0016.txt,数据集2,0,0.7327684917428741,0.5863960677554982,1.320312760307457,自动归类成功
F0672.xlsx,数据集2,0,0.7338084264875292,0.5787279501578613,1.3034757912149382,自动归类成功
F0228.txt,数据集2,0,0.7451145799637835,0.5710044046162821,1.1999213940638556,自动归类成功
F0202.txt,数据集2,0,0.6839306142191475,0.47494429899883583,1.3810619735979515,自动归类成功
F0570.txt,数据集2,0,0.6747853164627445,0.45960794737087496,1.4114583461009935,自动归类成功
F0799.txt,数据集2,0,0.7988301378258158,0.6894613577804845,1.0965151786354486,自动归类成功
F0835.txt,数据集2,0,0.7643909681976808,0.6260734438101082,1.1951903936937422,自动归类成功
F0809.txt,数据集2,0,0.6952176053861312,0.4877934983357347,1.33931760637645,自动归类成功
F0438.txt,数据集2,0,0.6908031889673713,0.4966064007853318,1.3925405194323563,自动归类成功
F0362.txt,数据集2,0,0.655584407545999,0.4274437915730923,1.461434374754243,自动归类成功
F0389.txt,数据集2,0,0.7184315709624686,0.5555742525004204,1.339694127991018,自动归类成功
F0388.txt,数据集2,0,0.8013643290490777,0.6832359495975201,1.058963500492575,自动归类成功
F0405.txt,数据集2,0,0.8294040948712889,0.7445272273822281,0.9860450928857649,自动归类成功
F0820.txt,数据集2,0,0.7454814889155421,0.5877134281155629,1.2423075176137923,自动归类成功
F0834.txt,数据集2,0,0.7594406704211529,0.6235275719951352,1.220103724532813,自动归类成功
F0175.txt,数据集2,0,0.6641428996952646,0.4457468150108854,1.4409864338969096,自动归类成功
F0957.xlsx,数据集2,0,0.7338084264875292,0.5787279501578613,1.3034757912149382,自动归类成功
F0954.txt,数据集2,0,0.6497622080967095,0.41858485502756154,1.4724968208350824,自动归类成功
F0001.txt,数据集2,0,0.789092264484909,0.6747165428099875,1.1318325463306573,自动归类成功
F0767.txt,数据集2,0,0.7436829401859987,0.5892226234636626,1.2559766071281047,自动归类成功
F0997.txt,数据集2,0,0.8591089916154304,0.7849750340559625,0.8514080606883758,自动归类成功
F0983.txt,数据集2,0,0.7614207183468201,0.598609203726642,1.1543692593544561,自动归类成功
F0217.txt,数据集2,0,0.803436302202758,0.6878846797520238,1.0606042322161915,自动归类成功
F0571.txt,数据集2,0,0.6942335206963983,0.5080554568512661,1.3971832761531116,自动归类成功
F0207.txt,数据集2,0,0.7916104107660731,0.6765302854944164,1.1133110841108957,自动归类成功
F0005.txt,数据集2,0,0.6478574397642963,0.4082136884679276,1.4492801621289308,自动归类成功
F0039.txt,数据集2,0,0.8168538472729804,0.7168167052539357,1.0219450529927048,自动归类成功
F0944.txt,数据集2,0,0.7808782458823623,0.6505007806541974,1.1369446492472162,自动归类成功
F0171.txt,数据集2,0,0.7440385009913449,0.6261103596837835,1.3109141864891234,自动归类成功
F0165.txt,数据集2,0,0.8089942310556165,0.7017510826466165,1.0492577306135051,自动归类成功
F0824.txt,数据集2,0,0.7689402946873228,0.628645566320867,1.1729102379173013,自动归类成功
F0373.txt,数据集2,0,0.6701602813023204,0.49917385025486644,1.5088789908751736,自动归类成功
F0415.txt,数据集2,0,0.7292077348070991,0.5799852688874344,1.3375881497591378,自动归类成功
F0429.txt,数据集2,0,0.8077851133437892,0.7006734910069122,1.0555711890508495,自动归类成功
F0399.txt,数据集2,0,0.8881569140512746,0.8303345600342366,0.7203189028117181,自动归类成功
F0645.xlsx,数据集2,0,0.7338084264875292,0.5787279501578613,1.3034757912149382,自动归类成功
F0400.txt,数据集2,0,0.7198724889791634,0.5567992162069999,1.338908978967266,自动归类成功
F0414.txt,数据集2,0,0.7838634704361676,0.678086432779704,1.1693331425715787,自动归类成功
F0825.txt,数据集2,0,0.7877807321583903,0.6709854546229804,1.1320204205660669,自动归类成功
F0831.txt,数据集2,0,0.7503995338067032,0.6095567114153966,1.2535239996813812,自动归类成功
F0158.txt,数据集2,0,0.7530481393039709,0.6178646847985791,1.2564546867360196,自动归类成功
F0951.txt,数据集2,0,0.62323292644425,0.35312765578648964,1.467743544113143,自动归类成功
F0945.txt,数据集2,0,0.7102214566253101,0.5271938035201669,1.338240771382199,自动归类成功
F0992.txt,数据集2,0,0.8440518399264251,0.7630952078133036,0.9160951811171699,自动归类成功
F0986.txt,数据集2,0,0.8061931734012676,0.704079884083728,1.0706756561344053,自动归类成功
F0776.txt,数据集2,0,0.6402432719539181,0.3940025738000757,1.4826806382648112,自动归类成功
F0560.txt,数据集2,0,0.8972447277884076,0.8486653243209332,0.6833390680591951,自动归类成功
F0006.txt,数据集2,0,0.8267191644229389,0.7406970323417286,0.9971890347852052,自动归类成功
F0990.txt,数据集2,0,0.7683407035568597,0.6212815221258139,1.1524902413901945,自动归类成功
F0600.txt,数据集2,0,0.824799039965362,0.7393306102636344,1.0040445564369738,自动归类成功
F0199.txt,数据集2,0,0.7986955646244377,0.6933494744964057,1.0954226754851017,自动归类成功
F0364.txt,数据集2,0,0.5794223704250663,0.2933773874372344,1.6034960677970864,自动归类成功
F0370.txt,数据集2,0,0.809317570320425,0.7021592087284672,1.048140104453943,自动归类成功
F0417.txt,数据集2,0,0.5473458185351794,0.23412026088300913,1.6424423196427138,自动归类成功
F0371.txt,数据集2,0,0.6390149862490591,0.3796083121984306,1.4382237886138147,自动归类成功
F0403.txt,数据集2,0,0.7469569043817438,0.5938884822282091,1.2431580800659687,自动归类成功
F0832.txt,数据集2,0,0.809705589355442,0.720341042248706,1.075461155136106,自动归类成功
F0615.txt,数据集2,0,0.7706350532399716,0.6326927358421176,1.1683838969483546,自动归类成功
F0946.txt,数据集2,0,0.7520620906911567,0.63706274197038,1.2848857577104325,自动归类成功
F0985.txt,数据集2,0,0.7673670100151446,0.66181119943239,1.2252005854322126,自动归类成功
F0749.txt,数据集2,0,0.6404474963569196,0.3904827965028346,1.454030999658886,自动归类成功
F0007.txt,数据集2,0,0.8303233043839038,0.7448931001608741,0.9830428622595365,自动归类成功
F0211.txt,数据集2,0,0.7472687899895093,0.6023605048848071,1.2481889530622676,自动归类成功
F0591.txt,数据集2,0,0.7998118876898925,0.6855266818734942,1.075937811399808,自动归类成功
F0585.txt,数据集2,0,0.828976003304726,0.7375082231487735,0.9738541584972119,自动归类成功
F0036.txt,数据集2,0,0.7961081189572445,0.6737436042630489,1.0738799467198912,自动归类成功
F0750.txt,数据集2,0,0.7431801708420444,0.5902700552731076,1.25414797155689,自动归类成功
F0988.txt,数据集2,0,0.6917265965401767,0.5239954461519374,1.4455811682637294,自动归类成功
F0744.txt,数据集2,0,0.6202421529770421,0.3838638027319624,1.5680582088882022,自动归类成功
F0977.txt,数据集2,0,0.834517098947978,0.731644828185807,0.9258329111020166,自动归类成功
F0142.txt,数据集2,0,0.7877051802669273,0.6823690414982414,1.139356863811354,自动归类成功
F0630.txt,数据集2,0,0.7542191230415255,0.6336161721942255,1.2643981803572613,自动归类成功
F0181.txt,数据集2,0,0.7391470140453201,0.6018425608349733,1.3061281623211751,自动归类成功
F0195.txt,数据集2,0,0.807613171002159,0.7039071727323862,1.0627564946293637,自动归类成功
F0354.txt,数据集2,0,0.7954496855891295,0.6782202770208945,1.0937732296864793,自动归类成功
F0396.txt,数据集2,0,0.7100960169397073,0.5516511759927984,1.3876831172539525,自动归类成功
F0355.txt,数据集2,0,0.7097543188060399,0.5249867968459804,1.3289890883798976,自动归类成功
F0433.txt,数据集2,0,0.7747407992905537,0.6551874164361038,1.1904427379686708,自动归类成功
F0427.txt,数据集2,0,0.7895515159175369,0.6716042254478058,1.1202762618308455,自动归类成功
F0802.txt,数据集2,0,0.7608263131899631,0.6213085388859894,1.210053564078679,自动归类成功
F0157.txt,数据集2,0,0.6517423742771089,0.4303836587628956,1.4927645302717039,自动归类成功
F0976.txt,数据集2,0,0.8190188224646573,0.7194042029592213,1.0143807425647953,自动归类成功
F0023.txt,数据集2,0,0.7681228149942507,0.6224777747473038,1.1580712598245866,自动归类成功
F0751.txt,数据集2,0,0.7486916705689843,0.6032099129754139,1.2526753748748871,自动归类成功
F0584.txt,数据集2,0,0.741758066738506,0.587081135653924,1.2599428634053758,自动归类成功
F0547.txt,数据集2,0,0.6524675634055208,0.4095404378025007,1.4298195353713339,自动归类成功
F0551.txt,数据集2,0,0.7734737903365752,0.648499736319228,1.1863025282562245,自动归类成功
F0586.txt,数据集2,0,0.8099559193899388,0.7157110247765588,1.06791738442638,自动归类成功
F0592.txt,数据集2,0,0.6504827316533977,0.42539225559635807,1.4843075591793469,自动归类成功
F0021.txt,数据集2,0,0.7164394570413041,0.5439381864603354,1.3357367954423374,自动归类成功
F0141.txt,数据集2,0,0.7678185380782643,0.6198453257060555,1.1619668543014978,自动归类成功
F0814.txt,数据集2,0,0.756505526973736,0.6110589375291182,1.2171335146304716,自动归类成功
F0196.txt,数据集2,0,0.7853829556046568,0.658209212433935,1.1242304506648344,自动归类成功
F0431.txt,数据集2,0,0.7895239654648668,0.6701176286600353,1.1181567421704517,自动归类成功
F0380.txt,数据集2,0,0.7807531815564601,0.6541505126802258,1.14157318073445,自动归类成功
F0381.txt,数据集2,0,0.8098775338396325,0.7081999210015852,1.0520603455454074,自动归类成功
F0395.txt,数据集2,0,0.6849561522514563,0.48613009869315316,1.404805227163954,自动归类成功
F0979.xlsx,数据集2,0,0.7338084264875292,0.5787279501578613,1.3034757912149382,自动归类成功
F0154.txt,数据集2,0,0.8342095797441256,0.7432354994502199,0.9516558319199754,自动归类成功
F0632.txt,数据集2,0,0.8156664279943596,0.7223316358185216,1.0421969433034837,自动归类成功
F0949.txt,数据集2,0,0.7981494812196813,0.6829218076921635,1.0799391698227474,自动归类成功
F0938.xlsx,数据集2,0,0.5971477558689386,0.3124563951861738,1.5449847918353827,自动归类成功
F0034.txt,数据集2,0,0.7569235327400763,0.6143911096030817,1.2153057664823133,自动归类成功
F0746.txt,数据集2,0,0.8327308999317588,0.737690646306018,0.9529153269566084,自动归类成功
F0593.txt,数据集2,0,0.7612682827631653,0.6106294583072075,1.1874955178365798,自动归类成功
F0550.txt,数据集2,0,0.8247396084728983,0.7324137943606515,0.9969672416096099,自动归类成功
F0540.txt,数据集2,0,0.834820801001713,0.7431966154642113,0.9479751682460463,自动归类成功
F0024.txt,数据集2,0,0.8020889746584581,0.6977765529896974,1.0893308968753999,自动归类成功
F0781.txt,数据集2,-1,0.48463979445955224,0.13541830190945675,1.7261387087633253,多类别特征 (倾向类别 0 与 4)
F0622.txt,数据集2,0,0.825533076394032,0.7273895924996485,0.9827939482945057,自动归类成功
F0178.txt,数据集2,0,0.7429356425684144,0.5836491530885215,1.2511091195675461,自动归类成功
F0839.txt,数据集2,0,0.8014446775271549,0.6914246899979182,1.078882969717949,自动归类成功
F0811.txt,数据集2,0,0.6956048232124604,0.5320975773129326,1.4274705677733366,自动归类成功
F0346.txt,数据集2,0,0.8036566463372392,0.695530324825691,1.0744384535424,自动归类成功
F0408.txt,数据集2,0,0.7498096458993527,0.6092176635350224,1.2556376580556246,自动归类成功
F0409.txt,数据集2,0,0.8403271271503294,0.7509751398500587,0.9244637775819213,自动归类成功
F0347.txt,数据集2,0,0.839257741865463,0.7567144864328491,0.9369297450840463,自动归类成功
F0435.txt,数据集2,0,0.7489060996227069,0.5993152787736185,1.24366756093933,自动归类成功
F0838.txt,数据集2,0,0.6940822191155577,0.4718777982350755,1.3100826844710682,自动归类成功
F0192.txt,数据集2,0,0.7610509341835161,0.6275781170744452,1.2299027630149317,自动归类成功
F0145.txt,数据集2,0,0.8168605956757292,0.7058991904705195,0.9993086353090215,自动归类成功
F0970.txt,数据集2,0,0.7622429256557277,0.6371930351517063,1.231019072838109,自动归类成功
F0794.txt,数据集2,0,0.793433977625002,0.671577345370429,1.0914267529853385,自动归类成功
F0031.txt,数据集2,0,0.7723977887247498,0.650700520302065,1.1949699410128458,自动归类成功
F0757.txt,数据集2,0,0.7449963922759751,0.6243343925829413,1.2961189014002792,自动归类成功
F0541.txt,数据集2,0,0.7356500062698045,0.5691446494179697,1.2621010435579387,自动归类成功
F0543.txt,数据集2,0,0.8464492084569077,0.7663726410819148,0.9101307997267215,自动归类成功
F0219.txt,数据集2,0,0.7326310223459611,0.5756437350856002,1.2937612618882597,自动归类成功
F0033.txt,数据集2,0,0.6725674553370805,0.47817542458077184,1.4657194345998859,自动归类成功
F0027.txt,数据集2,0,0.7783240549080307,0.6589251792049932,1.1687054106410346,自动归类成功
F0796.txt,数据集2,0,0.7748895457233896,0.6511422683502409,1.177458808882837,自动归类成功
F0972.txt,数据集2,0,0.7556778943990007,0.6052752830339537,1.2067558538505758,自动归类成功
F0966.txt,数据集2,0,0.8378807736577363,0.7578854589924444,0.9459860742208689,自动归类成功
F0147.txt,数据集2,0,0.7885131741717193,0.6606834480191607,1.107031315304428,自动归类成功
F0153.txt,数据集2,0,0.7096042147663533,0.554803359499445,1.3696277448516245,自动归类成功
F0635.txt,数据集2,0,0.7810736402917265,0.6581956502685918,1.1514223652706221,自动归类成功
F0609.txt,数据集2,0,0.6265654509129059,0.37795146334526547,1.5250177659128668,自动归类成功
F0379.txt,数据集2,0,0.7089457259390732,0.4944457889393944,1.25936419504979,自动归类成功
F0392.txt,数据集2,0,0.89797148913111,0.8468920817511866,0.6741592907972075,自动归类成功
F0378.txt,数据集2,0,0.5989506743445628,0.3288909059661981,1.5734805038179547,自动归类成功
F0422.txt,数据集2,0,0.7370701520101811,0.5842019918109047,1.29370406731254,自动归类成功
F0152.txt,数据集2,0,0.7730396361653714,0.6306727385025584,1.1443963224458051,自动归类成功
F0967.txt,数据集2,0,0.8177343580512554,0.7324780842426207,1.0463484463499004,自动归类成功
F0740.txt,数据集2,0,0.7978768651590176,0.6803047795517396,1.0740886465658814,自动归类成功
F0754.txt,数据集2,0,0.8101679171487629,0.704703366438576,1.0492382501185669,自动归类成功
F0032.txt,数据集2,0,0.8485873481009903,0.7746427258135932,0.9047208849307382,自动归类成功
F0581.txt,数据集2,0,0.8007218696884976,0.6900578737389023,1.0769337625292819,自动归类成功
F0595.txt,数据集2,0,0.6201650329829013,0.3507082987324108,1.4969131240562887,自动归类成功
F0218.txt,数据集2,0,0.8018436430103163,0.6929241908151046,1.0813486930267817,自动归类成功
F0542.txt,数据集2,0,0.8244028041667143,0.7297953884397451,0.9918376021296157,自动归类成功
F0556.txt,数据集2,0,0.7940739137132004,0.6771221972334319,1.1028256483228789,自动归类成功
F0519.txt,数据集2,0,0.8423856823096578,0.7499589392201824,0.909642067056369,自动归类成功
F0525.txt,数据集2,0,0.7497392269498964,0.6088589754994195,1.2558442591679373,自动归类成功
F0069.txt,数据集2,0,0.7940186008625129,0.6760032504153486,1.0977754718274728,自动归类成功
F0109.txt,数据集2,0,0.7516732053873255,0.594249238257931,1.2140514531129154,自动归类成功
F0647.txt,数据集2,0,0.8014446775271549,0.6914246899979182,1.078882969717949,自动归类成功
F0121.txt,数据集2,0,0.7649989924878492,0.6345882418706652,1.2026697709211487,自动归类成功
F0860.txt,数据集2,0,0.7582883966347655,0.6322403197046972,1.2489355347540987,自动归类成功
F0874.txt,数据集2,0,0.7238660472143228,0.5618385963261414,1.328511977641845,自动归类成功
F0323.txt,数据集2,0,0.8007003903547015,0.6872505879438969,1.0771905117630196,自动归类成功
F0336.txt,数据集2,0,0.8029907147159033,0.7087632234960054,1.09412178163093,自动归类成功
F0478.txt,数据集2,0,0.7369900989899614,0.5763502940543621,1.2689922349774916,自动归类成功
F0685.txt,数据集2,0,0.7803675112154185,0.6594002873594813,1.1553996062549547,自动归类成功
F0861.txt,数据集2,0,0.7494551962129984,0.6079790653398446,1.2566601487308944,自动归类成功
F0646.txt,数据集2,0,0.7468847352620752,0.6162256896105933,1.278113213557372,自动归类成功
F0901.txt,数据集2,0,0.7969935930482951,0.6858912001625916,1.1015690694107676,自动归类成功
F0040.txt,数据集2,0,0.7853405453542154,0.6596522519070486,1.120612631195358,自动归类成功
F0068.txt,数据集2,0,0.8226014653810733,0.7267202093192625,1.0004692414153935,自动归类成功
F0281.txt,数据集2,0,0.6375751533855141,0.4122511511592881,1.5305811925999142,自动归类成功
F0524.txt,数据集2,0,0.8199142994334718,0.7247946146716023,1.0131321823542392,自动归类成功
F0242.txt,数据集2,0,0.689615995336311,0.5011726797345722,1.4130418253133725,自动归类成功
F0530.txt,数据集2,0,0.7633892895954184,0.6211376528084696,1.197866469335774,自动归类成功
F0240.txt,数据集2,0,0.7491458128171335,0.5904468525866805,1.2227212278773758,自动归类成功
F0718.txt,数据集2,0,0.7309518075535486,0.5595437937222888,1.2710518607747359,自动归类成功
F0042.txt,数据集2,0,0.7981312547466248,0.6832577427026175,1.0840399099064062,自动归类成功
F0136.txt,数据集2,0,0.7050365520962186,0.5034484496863916,1.309726076347795,自动归类成功
F0122.txt,数据集2,0,0.8028724351531304,0.6956770073662635,1.0746858254499998,自动归类成功
F0644.txt,数据集2,0,0.6248665391247834,0.36063185900826056,1.4736342810131775,自动归类成功
F0863.txt,数据集2,0,0.7854112650744236,0.6783955888866644,1.1555606141300971,自动归类成功
F0687.txt,数据集2,0,0.7297544697673438,0.5537749429261021,1.2695593450879163,自动归类成功
F0447.txt,数据集2,0,0.7623657116763877,0.621968501600915,1.2015569118458491,自动归类成功
F0321.txt,数据集2,0,0.7893200918892406,0.6743319258864473,1.1187521613943625,自动归类成功
F0309.txt,数据集2,0,0.7894741196952347,0.6761101706778706,1.1307336612517125,自动归类成功
F0686.txt,数据集2,0,0.7425694332124818,0.5895734470421481,1.2566091997829079,自动归类成功
F0692.txt,数据集2,0,0.8080383565837259,0.6970056894199891,1.0428024249752954,自动归类成功
F0862.txt,数据集2,0,0.6997116063977267,0.5127825668238005,1.3715389275559997,自动归类成功
F0137.txt,数据集2,0,0.7725175921918612,0.6593279023016841,1.2011809186627043,自动归类成功
F0679.txt,数据集2,0,0.6750934554765223,0.48361693171309295,1.4552294227704312,自动归类成功
F0902.txt,数据集2,0,0.7745822973555477,0.6602718238756681,1.1866468081528467,自动归类成功
F0296.txt,数据集2,0,0.7897400295382294,0.6662808233925771,1.1059892907382007,自动归类成功
F0537.txt,数据集2,0,0.7958546177004753,0.6792196158461027,1.0874999503303295,自动归类成功
F0876.xlsx,数据集2,0,0.7338084264875292,0.5787279501578613,1.3034757912149382,自动归类成功
F0735.txt,数据集2,0,0.7690670895346294,0.6433004144431353,1.2016971703257298,自动归类成功
F0053.txt,数据集2,0,0.7186468677209601,0.5413642689478902,1.3159158053477753,自动归类成功
F0084.txt,数据集2,0,0.7849072181800981,0.6607676561242155,1.1311252934900737,自动归类成功
F0912.txt,数据集2,0,0.6993056104888579,0.5147851058151889,1.3807485481473534,自动归类成功
F0163.xlsx,数据集2,0,0.810445748711624,0.7158281655100125,1.0673221227045069,自动归类成功
F0899.txt,数据集2,0,0.7529875619834223,0.6026432740265002,1.2253585114925207,自动归类成功
F0641.txt,数据集2,0,0.7975410166410806,0.6912359503658497,1.1052552846562966,自动归类成功
F0669.txt,数据集2,0,0.7707190162772661,0.6507705251533187,1.2085207717544466,自动归类成功
F0682.txt,数据集2,0,0.8162360532588878,0.7195593948155343,1.035990654117777,自动归类成功
F0457.txt,数据集2,0,0.609957794882976,0.34556678398778257,1.528804379642363,自动归类成功
F0331.txt,数据集2,0,0.8047082148656515,0.6938441609269698,1.0610269909461514,自动归类成功
F0480.txt,数据集2,0,0.7947766939816465,0.6725217481570305,1.0883372981818182,自动归类成功
F0495.txt,数据集2,0,0.8477599417230013,0.7680773398012424,0.9026659274595101,自动归类成功
F0324.txt,数据集2,0,0.7427541761206171,0.5848992217536573,1.2544559688279266,自动归类成功
F0330.txt,数据集2,0,0.7481711698321916,0.6221896413939845,1.2883932516741115,自动归类成功
F0867.txt,数据集2,0,0.7899829780093837,0.6687507583256197,1.1096992734223596,自动归类成功
F0132.txt,数据集2,0,0.8206604233813226,0.7220118278878898,1.0077951296652503,自动归类成功
F0654.txt,数据集2,0,0.6949777947466447,0.5049155560270259,1.393857782208001,自动归类成功
F0085.txt,数据集2,0,0.7547339447810701,0.6058616110682418,1.2194425475858455,自动归类成功
F0708.txt,数据集2,0,0.7538947574281275,0.6320209225127438,1.269474852339456,自动归类成功
F0720.txt,数据集2,0,0.7876180974237769,0.6756197327740997,1.147086539278495,自动归类成功
F0287.txt,数据集2,0,0.6371856181440249,0.4264331645688747,1.564408121817437,自动归类成功
F0250.txt,数据集2,0,0.8300482262669135,0.7404825949147402,0.9756006970433538,自动归类成功
F0536.txt,数据集2,0,0.8372067003065281,0.7575417072215893,0.9534577123340752,自动归类成功
F0522.txt,数据集2,0,0.7376886768079095,0.5813755961636895,1.2831537636479549,自动归类成功
F0534.txt,数据集2,0,0.7642134062411264,0.6306870657909283,1.2056322156755859,自动归类成功
F0252.txt,数据集2,0,0.7428137792715402,0.5882257900972769,1.2568120923683068,自动归类成功
F0246.txt,数据集2,0,0.7188978573344538,0.5626889304952073,1.3629853435317316,自动归类成功
F0291.txt,数据集2,0,0.7232089103847558,0.5544961123070498,1.308163690403228,自动归类成功
F0285.txt,数据集2,0,0.7516480852345965,0.6093992131092291,1.247930416021016,自动归类成功
F0044.txt,数据集2,0,0.765551557792551,0.6313982589689401,1.2026872714341084,自动归类成功
F0179.xlsx,数据集2,0,0.7338084264875292,0.5787279501578613,1.3034757912149382,自动归类成功
F0905.txt,数据集2,0,0.7301288783643225,0.5643721451761703,1.284763392544959,自动归类成功
F0681.txt,数据集2,0,0.6831184946597981,0.48409509480158663,1.4077124732143542,自动归类成功
F0859.txt,数据集2,0,0.7715656168418625,0.646261092634647,1.1925087939841248,自动归类成功
F0440.txt,数据集2,0,0.7441692365683193,0.5975469961124678,1.2656493276034106,自动归类成功
F0332.txt,数据集2,0,0.6498156558487271,0.40993340562421243,1.449646955680322,自动归类成功
F0454.txt,数据集2,0,0.7613473455058515,0.6241885528383285,1.2097833806684224,自动归类成功
F0468.txt,数据集2,0,0.7754355926160709,0.6567411279184504,1.1796053918837284,自动归类成功
F0496.txt,数据集2,0,0.807586949905667,0.7003531995069947,1.0549955296543136,自动归类成功
F0482.txt,数据集2,0,0.7873497928505412,0.6866077684105178,1.1646151026463243,自动归类成功
F0469.txt,数据集2,0,0.7967718404861378,0.6906527313633427,1.1079329188645715,自动归类成功
F0870.txt,数据集2,0,0.7961393333176774,0.6916480326271863,1.113697162186013,自动归类成功
F0864.txt,数据集2,0,0.7019486317062706,0.5120797113399105,1.3511503107611136,自动归类成功
F0119.txt,数据集2,-1,0.4772865388933777,0.1283487034441338,1.7091384009186075,多类别特征 (倾向类别 2 与 0)
F0131.txt,数据集2,0,0.7470612253988961,0.6021197400842015,1.262560285923236,自动归类成功
F0125.txt,数据集2,0,0.8100498389070735,0.7005796712327779,1.0376139585960948,自动归类成功
F0092.txt,数据集2,0,0.7807549442347638,0.6672676132549533,1.1638584807267909,自动归类成功
F0723.txt,数据集2,0,0.8396247310165759,0.7481007177269152,0.9228865096319915,自动归类成功
F0247.txt,数据集2,0,0.8017694691077512,0.6923229851832617,1.0775941370304014,自动归类成功
匿名文件_行号_1,数据集3,0,0.7951417154748778,0.6780324607026071,1.0974452730431086,自动归类成功
匿名文件_行号_2,数据集3,0,0.8311974486362479,0.7347418655592654,0.9579359192187464,自动归类成功
匿名文件_行号_3,数据集3,0,0.8230348422136343,0.7257136815155223,0.9974956677144472,自动归类成功
匿名文件_行号_4,数据集3,0,0.8269473386992278,0.7300685351133454,0.9780901911725413,自动归类成功
匿名文件_行号_5,数据集3,0,0.8832433554969841,0.8261821936417958,0.7475570392974067,自动归类成功
匿名文件_行号_6,数据集3,0,0.8359245950805508,0.7530678733922477,0.9627519816276889,自动归类成功
匿名文件_行号_7,数据集3,0,0.7152203196442212,0.5323705170467854,1.3197462164648637,自动归类成功
匿名文件_行号_8,数据集3,0,0.8486721848346556,0.7688220404487499,0.897176664230858,自动归类成功
匿名文件_行号_9,数据集3,0,0.8329629192442883,0.7453201579536812,0.9664923183930366,自动归类成功
匿名文件_行号_10,数据集3,0,0.7640349725329403,0.6167432024503723,1.178999708276186,自动归类成功
匿名文件_行号_11,数据集3,0,0.8179407248364016,0.7226680931000504,1.0327560969643852,自动归类成功
匿名文件_行号_12,数据集3,0,0.7714544256807618,0.64275002259053,1.1854737141951766,自动归类成功
匿名文件_行号_13,数据集3,0,0.7606563195653773,0.6269873040409626,1.2279605347580809,自动归类成功
匿名文件_行号_14,数据集3,0,0.7601486766553449,0.6288831172662774,1.2371954586672422,自动归类成功
匿名文件_行号_15,数据集3,0,0.8010845128999552,0.6898185396847383,1.0764535386160143,自动归类成功
匿名文件_行号_16,数据集3,0,0.848660272768521,0.7725912138139881,0.9050028025602429,自动归类成功
匿名文件_行号_17,数据集3,0,0.848652827703838,0.7850223329110563,0.9141361190698629,自动归类成功
匿名文件_行号_18,数据集3,0,0.8026272682116972,0.691865819960154,1.0734552142635112,自动归类成功
匿名文件_行号_19,数据集3,0,0.8266453123299384,0.7333078375594326,0.9879845811724797,自动归类成功
匿名文件_行号_20,数据集3,0,0.7870505056241813,0.6999287456541685,1.167489457818629,自动归类成功
匿名文件_行号_21,数据集3,0,0.792105448153417,0.6667323746401721,1.0926185404895534,自动归类成功
匿名文件_行号_22,数据集3,0,0.8104003969417181,0.7035136451023861,1.0426880138484287,自动归类成功
匿名文件_行号_23,数据集3,0,0.8244563426838413,0.7321563898062945,1.0023051614718317,自动归类成功
匿名文件_行号_24,数据集3,0,0.825819490136553,0.7306615062870956,0.9878361487188816,自动归类成功
匿名文件_行号_25,数据集3,0,0.8779466145977743,0.8147839391663698,0.7674786613911992,自动归类成功
匿名文件_行号_26,数据集3,0,0.847416275754299,0.7728623059550406,0.9118429314744572,自动归类成功
匿名文件_行号_27,数据集3,0,0.7971472402582565,0.6730932552006934,1.0703758142410087,自动归类成功
匿名文件_行号_28,数据集3,0,0.8606509243980472,0.7938613760102078,0.8579968956569176,自动归类成功
匿名文件_行号_29,数据集3,0,0.8273425159224576,0.7282354289516568,0.9725458275739605,自动归类成功
匿名文件_行号_30,数据集3,0,0.7975772156024363,0.6854811947200344,1.0979267753307291,自动归类成功
匿名文件_行号_31,数据集3,0,0.7726680132606695,0.6355740351990853,1.1634718512301234,自动归类成功
匿名文件_行号_32,数据集3,0,0.8404680002678592,0.7596867503597621,0.9400590282737668,自动归类成功
匿名文件_行号_33,数据集3,0,0.8263723303503665,0.7279237344960701,0.9761660951436758,自动归类成功
匿名文件_行号_34,数据集3,0,0.7640349725329403,0.6167432024503723,1.178999708276186,自动归类成功
匿名文件_行号_35,数据集3,0,0.8161709184989566,0.7162885199777888,1.0285406032770625,自动归类成功
匿名文件_行号_36,数据集3,0,0.8451060724129773,0.768588882314637,0.9277458574750851,自动归类成功
匿名文件_行号_37,数据集3,0,0.8291139513630479,0.7536651546280673,0.9965093716329788,自动归类成功
匿名文件_行号_38,数据集3,0,0.7685866519745381,0.6302856162013372,1.1775558312901175,自动归类成功
匿名文件_行号_39,数据集3,0,0.8474860560051584,0.7704894296072778,0.9117468370049694,自动归类成功
匿名文件_行号_40,数据集3,0,0.8019206123284797,0.6899632075025901,1.0744872736911677,自动归类成功
匿名文件_行号_41,数据集3,0,0.797771851827121,0.6832466829162728,1.089551564158533,自动归类成功
匿名文件_行号_42,数据集3,0,0.8458142077980626,0.7627090083834663,0.9059899499974252,自动归类成功
匿名文件_行号_43,数据集3,0,0.6481867937492052,0.4697855344379723,1.6043885811682062,自动归类成功
匿名文件_行号_44,数据集3,0,0.6704796748754642,0.5186138576213585,1.5320293611984075,自动归类成功
匿名文件_行号_45,数据集3,0,0.7661884906405994,0.6547488444955522,1.2426671029829093,自动归类成功
匿名文件_行号_46,数据集3,0,0.7863410248089999,0.6814918270202498,1.151068282092163,自动归类成功
匿名文件_行号_47,数据集3,0,0.8117194030704926,0.7174955916267793,1.0581277631116355,自动归类成功
匿名文件_行号_48,数据集3,0,0.8120860452870463,0.706478365619319,1.036372033712139,自动归类成功
匿名文件_行号_49,数据集3,0,0.5712621568761191,0.2556736549899199,1.5555760819128035,自动归类成功
匿名文件_行号_50,数据集3,0,0.7037936731680172,0.5161628353531487,1.360457960520699,自动归类成功
匿名文件_行号_51,数据集3,0,0.7834721383436893,0.6610944857693815,1.145823074264784,自动归类成功
匿名文件_行号_52,数据集3,0,0.8068617736090806,0.7040235599451194,1.0695339776859485,自动归类成功
匿名文件_行号_53,数据集3,0,0.7991828525833702,0.6905997433563186,1.096090776052974,自动归类成功
匿名文件_行号_54,数据集3,0,0.8002840327959385,0.6827498147276907,1.0697880826993018,自动归类成功
匿名文件_行号_55,数据集3,0,0.7839210126088986,0.6477841356169192,1.1065151738071513,自动归类成功
匿名文件_行号_56,数据集3,0,0.8446036622185064,0.7710054148504155,0.9281566998627462,自动归类成功
匿名文件_行号_57,数据集3,0,0.8283704779673208,0.7218628569423637,0.9482938625579415,自动归类成功
匿名文件_行号_58,数据集3,0,0.7998101447271141,0.6734123589584913,1.050698982229508,自动归类成功
匿名文件_行号_59,数据集3,0,0.6904872238221135,0.548253437435938,1.4792869312351817,自动归类成功
匿名文件_行号_60,数据集3,0,0.804203775441384,0.7004503570791607,1.0827378531503538,自动归类成功
匿名文件_行号_61,数据集3,0,0.7857917829120534,0.6634762907463405,1.13156506281693,自动归类成功
匿名文件_行号_62,数据集3,0,0.7794519685852034,0.6722192079960301,1.181508950335359,自动归类成功
匿名文件_行号_63,数据集3,0,0.8087448145172333,0.7057085608889038,1.0629176869784591,自动归类成功
匿名文件_行号_64,数据集3,0,0.8046366566787654,0.6979989668259241,1.0730737554026797,自动归类成功
匿名文件_行号_65,数据集3,0,0.848594152156059,0.771935556925107,0.90223616764667,自动归类成功
匿名文件_行号_66,数据集3,0,0.8248386820998997,0.7300481940746278,0.9951945686653807,自动归类成功
匿名文件_行号_67,数据集3,0,0.8435913884959366,0.7609719045689273,0.9196374542651289,自动归类成功
匿名文件_行号_68,数据集3,0,0.7704256266717932,0.6373113999324127,1.181045255585156,自动归类成功
匿名文件_行号_69,数据集3,0,0.8677722700049517,0.8004406651578604,0.8159939107160006,自动归类成功
匿名文件_行号_70,数据集3,0,0.8337517127430057,0.7490761502082708,0.9705295961240155,自动归类成功
匿名文件_行号_71,数据集3,0,0.6609097218711868,0.4934396917345286,1.556672382026027,自动归类成功
匿名文件_行号_72,数据集3,0,0.7710789912819451,0.639033111564892,1.1818477551652045,自动归类成功
匿名文件_行号_73,数据集3,0,0.7762798860122656,0.6485303410160616,1.1688642378641816,自动归类成功
匿名文件_行号_74,数据集3,0,0.6613682263327914,0.4622676925409543,1.5102802318065403,自动归类成功
匿名文件_行号_75,数据集3,0,0.7970871288627739,0.6915167980920296,1.1162848442088906,自动归类成功
匿名文件_行号_76,数据集3,0,0.8605951431725718,0.790752732615737,0.8510000504825668,自动归类成功
匿名文件_行号_77,数据集3,0,0.8417298207041851,0.7597891564145932,0.9322910829526315,自动归类成功
匿名文件_行号_78,数据集3,0,0.7263137999614921,0.5718599359210597,1.3355132857698326,自动归类成功
匿名文件_行号_79,数据集3,0,0.6221989779314292,0.35248999041593604,1.4870280792541637,自动归类成功
匿名文件_行号_80,数据集3,0,0.7419902750094347,0.5800152346387195,1.2478966683175903,自动归类成功
匿名文件_行号_81,数据集3,0,0.8237590284310894,0.7273687654409096,0.9962495396488382,自动归类成功
匿名文件_行号_82,数据集3,0,0.7517059005573257,0.5929568564010206,1.2109757566527788,自动归类成功
匿名文件_行号_83,数据集3,0,0.8004448601366649,0.679899840144654,1.0628238923775881,自动归类成功
匿名文件_行号_84,数据集3,0,0.8475550295265365,0.7654463447909743,0.8992467579620714,自动归类成功
匿名文件_行号_85,数据集3,0,0.80089084859631,0.6896692201037841,1.0810158007094086,自动归类成功
匿名文件_行号_86,数据集3,0,0.8212271321301122,0.7156785995529482,0.9897151087090235,自动归类成功
匿名文件_行号_87,数据集3,0,0.8361119361644662,0.7457652579723822,0.9418251524855419,自动归类成功
匿名文件_行号_88,数据集3,0,0.8453575546184413,0.7642470436416804,0.9147827616687841,自动归类成功
匿名文件_行号_89,数据集3,0,0.8687195082417893,0.7993125788236036,0.8074748822800085,自动归类成功
匿名文件_行号_90,数据集3,0,0.7919460734253404,0.6734770556343603,1.1117212742335922,自动归类成功
匿名文件_行号_91,数据集3,0,0.8095951436136326,0.7008810207909495,1.040257358159613,自动归类成功
匿名文件_行号_92,数据集3,0,0.8751643282908872,0.8094583905156927,0.7783023897038057,自动归类成功
匿名文件_行号_93,数据集3,0,0.8401271954483281,0.754590682975446,0.932372265111517,自动归类成功
匿名文件_行号_94,数据集3,0,0.8561228967353414,0.777806728525583,0.860132268574362,自动归类成功
匿名文件_行号_95,数据集3,0,0.7423713923332492,0.6045365818449162,1.3028355810906163,自动归类成功
匿名文件_行号_96,数据集3,0,0.8011098037726028,0.6878217487517895,1.075421373304587,自动归类成功
匿名文件_行号_97,数据集3,0,0.7549684922967002,0.6139556091360837,1.2347745372984797,自动归类成功
匿名文件_行号_98,数据集3,0,0.7940153356806913,0.6701517920890538,1.0906568592024382,自动归类成功
匿名文件_行号_99,数据集3,0,0.7715713760581894,0.6408864112560813,1.1819215915793915,自动归类成功
匿名文件_行号_100,数据集3,0,0.7369233443988044,0.575659546007066,1.2770004202329601,自动归类成功
匿名文件_行号_101,数据集3,0,0.7333179695449524,0.567853620535486,1.2829500107645422,自动归类成功
匿名文件_行号_102,数据集3,0,0.8079415926759006,0.699181604424818,1.051024318088167,自动归类成功
匿名文件_行号_103,数据集3,0,0.8121999984075984,0.7160593691315924,1.056587371753725,自动归类成功
匿名文件_行号_104,数据集3,0,0.7987700164500947,0.6884507765417271,1.0960596720991358,自动归类成功
匿名文件_行号_105,数据集3,0,0.821482886251001,0.7252965777906759,1.0085752010754911,自动归类成功
匿名文件_行号_106,数据集3,0,0.7445202512190773,0.5880397171746582,1.2500635371882172,自动归类成功
匿名文件_行号_107,数据集3,0,0.778698817582043,0.6528508130116153,1.1587885001226859,自动归类成功
匿名文件_行号_108,数据集3,0,0.8705880601923084,0.8035129781061282,0.8036848232169305,自动归类成功
匿名文件_行号_109,数据集3,0,0.8224028423092332,0.7277548529857183,1.0072387253325483,自动归类成功
匿名文件_行号_110,数据集3,0,0.8040829205151815,0.6895496187037998,1.058810556820462,自动归类成功
匿名文件_行号_111,数据集3,0,0.5596206131485225,0.35376549385867684,1.8672118996385665,自动归类成功
匿名文件_行号_112,数据集3,0,0.8212166327946133,0.7212307431089491,1.0012163022225795,自动归类成功
匿名文件_行号_113,数据集3,0,0.8554272740500487,0.7777953400232738,0.8660296594801175,自动归类成功
匿名文件_行号_114,数据集3,0,0.7908343985922646,0.6611960412571536,1.0888244120498323,自动归类成功
匿名文件_行号_115,数据集3,2,0.9022337304565033,0.8353198119122192,0.6055085349272821,自动归类成功
匿名文件_行号_116,数据集3,0,0.8235713202451972,0.7243060939263685,0.9923340072763489,自动归类成功
匿名文件_行号_117,数据集3,0,0.8333825074999289,0.7419370997209682,0.9560637487701492,自动归类成功
匿名文件_行号_118,数据集3,0,0.773138034425499,0.6449098525769851,1.1835406342771633,自动归类成功
匿名文件_行号_119,数据集3,0,0.8006895173197024,0.6961517458947597,1.0984236024982754,自动归类成功
匿名文件_行号_120,数据集3,0,0.8807090712943677,0.8196062658939532,0.754426781431349,自动归类成功
匿名文件_行号_121,数据集3,0,0.6578160201684298,0.4320380603676839,1.4623037201468896,自动归类成功
匿名文件_行号_122,数据集3,0,0.8168118079145633,0.7149087048535819,1.0203313573583725,自动归类成功
匿名文件_行号_123,数据集3,0,0.8459270681858828,0.7716006520438494,0.9227658143218563,自动归类成功
匿名文件_行号_124,数据集3,0,0.8126395393092346,0.7070964755893373,1.035708359600081,自动归类成功
匿名文件_行号_125,数据集3,0,0.8643463544852877,0.7959255731903602,0.834014531955758,自动归类成功
匿名文件_行号_126,数据集3,0,0.8064686659342527,0.705847122248593,1.0777432583923616,自动归类成功
匿名文件_行号_127,数据集3,0,0.7979135156634736,0.6871371026827066,1.1010460248867242,自动归类成功
匿名文件_行号_128,数据集3,0,0.7665081549173419,0.6331738307549404,1.200885655689685,自动归类成功
匿名文件_行号_129,数据集3,0,0.7918380195589123,0.6752571910705925,1.117319634278777,自动归类成功
匿名文件_行号_130,数据集3,0,0.7919778663183116,0.6721649807672623,1.1067434328546752,自动归类成功
匿名文件_行号_131,数据集3,0,0.7237801907513053,0.5501407593398218,1.3056806313863123,自动归类成功
匿名文件_行号_132,数据集3,0,0.8821684093404025,0.8203047392470317,0.7454417207690007,自动归类成功
匿名文件_行号_133,数据集3,0,0.7808994507394788,0.6574940805104611,1.1538199349597258,自动归类成功
匿名文件_行号_134,数据集3,0,0.8293397281521045,0.7361338347033894,0.9732373864683954,自动归类成功
匿名文件_行号_135,数据集3,0,0.8266630211748582,0.7345432550190683,0.9905111018603304,自动归类成功
匿名文件_行号_136,数据集3,0,0.7664184697778212,0.6334454082900999,1.1999854726010124,自动归类成功
匿名文件_行号_137,数据集3,0,0.8069784326204837,0.7060943822513289,1.0690640638387832,自动归类成功
匿名文件_行号_138,数据集3,0,0.8123546163027551,0.7018480343024796,1.0242130848935413,自动归类成功
匿名文件_行号_139,数据集3,0,0.7336198052759052,0.6017867258348617,1.336045475209586,自动归类成功
匿名文件_行号_140,数据集3,0,0.7931631925286918,0.681772794158246,1.1200108142250325,自动归类成功
匿名文件_行号_141,数据集3,0,0.8389802439416907,0.7532810834236603,0.9375992845725,自动归类成功
匿名文件_行号_142,数据集3,0,0.8142544452234605,0.703930243795449,1.0160972944041313,自动归类成功
匿名文件_行号_143,数据集3,0,0.8479823438674116,0.767726624031263,0.9023006157436907,自动归类成功
匿名文件_行号_144,数据集3,0,0.8445859714923745,0.7602136343196201,0.9106574107859016,自动归类成功
匿名文件_行号_145,数据集3,0,0.8044119019865031,0.6979323388633464,1.0754861649271963,自动归类成功
匿名文件_行号_146,数据集3,0,0.8577671526203081,0.781970846172172,0.8556301720473151,自动归类成功
匿名文件_行号_147,数据集3,0,0.584618851232596,0.3943913691717837,1.7296098711750247,自动归类成功
匿名文件_行号_148,数据集3,0,0.7448605722236626,0.5895691566587129,1.2528043950532357,自动归类成功
匿名文件_行号_149,数据集3,0,0.7118168311109921,0.5455582261847258,1.3798908537039427,自动归类成功
匿名文件_行号_150,数据集3,0,0.8150228295469685,0.7165771605923428,1.0361731083747807,自动归类成功
匿名文件_行号_151,数据集3,0,0.632520920975962,0.35705742821917746,1.4150484946354245,自动归类成功
匿名文件_行号_152,数据集3,0,0.7949206078845694,0.6974809901552389,1.1338383314159381,自动归类成功
匿名文件_行号_153,数据集3,0,0.8514690841746724,0.7707135326390989,0.8782406647797459,自动归类成功
匿名文件_行号_154,数据集3,0,0.7916343284641341,0.6705022723905735,1.1071776977104573,自动归类成功
匿名文件_行号_155,数据集3,0,0.8071196375429674,0.6943996769266866,1.0461822398309653,自动归类成功
匿名文件_行号_156,数据集3,0,0.8392998894778133,0.7537154599655765,0.9357027491167982,自动归类成功
匿名文件_行号_157,数据集3,0,0.8253135613018288,0.7254471786828861,0.9798278484675347,自动归类成功
匿名文件_行号_158,数据集3,0,0.7589478299825737,0.6145431508742796,1.2113900828314565,自动归类成功
匿名文件_行号_159,数据集3,0,0.8001363928781152,0.6896868395316816,1.0880063672447666,自动归类成功
匿名文件_行号_160,数据集3,0,0.7795522752999355,0.6794587859413914,1.185786756564499,自动归类成功
匿名文件_行号_161,数据集3,0,0.7799479431893832,0.6492624440361404,1.1403107562796888,自动归类成功
匿名文件_行号_162,数据集3,0,0.7988843488602028,0.6822276456123928,1.0790639373382702,自动归类成功
匿名文件_行号_163,数据集3,0,0.7250307854044121,0.6088027797000147,1.41727109644508,自动归类成功
匿名文件_行号_164,数据集3,0,0.7977448296459333,0.686711550718526,1.0989974099314563,自动归类成功
匿名文件_行号_165,数据集3,0,0.8443277396749036,0.7710784895058844,0.9260843672304522,自动归类成功
匿名文件_行号_166,数据集3,0,0.8451894274417985,0.7604112578303377,0.9071983497265242,自动归类成功
匿名文件_行号_167,数据集3,0,0.7362958457887602,0.5799453149117438,1.2901804645566128,自动归类成功
匿名文件_行号_168,数据集3,0,0.7669966554614015,0.6297450351929834,1.1894702513516093,自动归类成功
匿名文件_行号_169,数据集3,0,0.6725065609530384,0.4625816290289759,1.4442536204911403,自动归类成功
匿名文件_行号_170,数据集3,0,0.7700902452505227,0.6386549746772074,1.1873175392673245,自动归类成功
匿名文件_行号_171,数据集3,0,0.8606654177487516,0.7860700054061786,0.842435736042929,自动归类成功
匿名文件_行号_172,数据集3,0,0.8305757904863613,0.7558005997679051,1.002258586191219,自动归类成功
匿名文件_行号_173,数据集3,0,0.8407181589018181,0.752172369218536,0.9217254944659267,自动归类成功
匿名文件_行号_174,数据集3,0,0.6529568293589101,0.48528930087383004,1.6178457620061504,自动归类成功
匿名文件_行号_175,数据集3,0,0.7268570729703019,0.5714285677655413,1.3305098958317314,自动归类成功
匿名文件_行号_176,数据集3,0,0.7343822841309485,0.6024998066497498,1.3595650599131808,自动归类成功
匿名文件_行号_177,数据集3,0,0.7411453591097982,0.5848395648884673,1.2690260247086302,自动归类成功
匿名文件_行号_178,数据集3,0,0.7988544387027705,0.6705178501898036,1.0499834362783709,自动归类成功
匿名文件_行号_179,数据集3,0,0.7982743565517207,0.6811256792489006,1.0813180187370601,自动归类成功
匿名文件_行号_180,数据集3,0,0.7771184747568641,0.6533871719608806,1.1668724757998592,自动归类成功
匿名文件_行号_181,数据集3,0,0.8260903008754487,0.7320718505229937,0.9892608682760907,自动归类成功
匿名文件_行号_182,数据集3,0,0.812731186308435,0.7053813943870597,1.0286430541359832,自动归类成功
匿名文件_行号_183,数据集3,0,0.8026412771203725,0.6943751062089217,1.0784752730365479,自动归类成功
匿名文件_行号_184,数据集3,0,0.7534854312862045,0.6304229186615855,1.2715831961732145,自动归类成功
匿名文件_行号_185,数据集3,0,0.7975139605932502,0.6756202324924965,1.0735992355376254,自动归类成功
匿名文件_行号_186,数据集3,0,0.8297795023023762,0.7356570914125085,0.9697258161708063,自动归类成功
匿名文件_行号_187,数据集3,0,0.7564223570066786,0.6564925023733837,1.2710808066349302,自动归类成功
匿名文件_行号_188,数据集3,0,0.7240780166298945,0.5519195600494332,1.3085585780292297,自动归类成功
匿名文件_行号_189,数据集3,0,0.7387374324357835,0.5803562386822656,1.2745707691253254,自动归类成功
匿名文件_行号_190,数据集3,0,0.8186537145613633,0.7185436751261469,1.0144049419368384,自动归类成功
匿名文件_行号_191,数据集3,0,0.8312357644880158,0.7388491479587742,0.9663559656833599,自动归类成功
匿名文件_行号_192,数据集3,0,0.8491096502471781,0.7693095752665695,0.8944132904031867,自动归类成功
匿名文件_行号_193,数据集3,0,0.8116722008355195,0.7063405505711979,1.037995367082188,自动归类成功
匿名文件_行号_194,数据集3,0,0.795784631916957,0.6875638134557501,1.1134135844785038,自动归类成功
匿名文件_行号_195,数据集3,0,0.7845127633458977,0.6575895022528827,1.1259919323832626,自动归类成功
匿名文件_行号_196,数据集3,0,0.820198994392345,0.7307733488727766,1.0285498359163818,自动归类成功
匿名文件_行号_197,数据集3,0,0.7413173104933067,0.5942134210833062,1.2905188727909462,自动归类成功
匿名文件_行号_198,数据集3,0,0.8084917506743463,0.7119066884001692,1.0744837688714453,自动归类成功
匿名文件_行号_199,数据集3,0,0.8525440650132131,0.7825345081165639,0.8957746180461231,自动归类成功
匿名文件_行号_200,数据集3,0,0.7755432657280031,0.6467234913272296,1.167227301376844,自动归类成功
匿名文件_行号_201,数据集3,0,0.8492272462379505,0.7812709938242448,0.9093618796097597,自动归类成功
匿名文件_行号_202,数据集3,4,0.6348804136218194,0.359638601312602,1.4115548354419953,自动归类成功
匿名文件_行号_203,数据集3,0,0.7911300526458082,0.6721128762250221,1.1126215128977976,自动归类成功
匿名文件_行号_204,数据集3,0,0.8040791450163315,0.6951746385828403,1.067437204478155,自动归类成功
匿名文件_行号_205,数据集3,0,0.7936928340573631,0.6731926855154547,1.09808517838933,自动归类成功
匿名文件_行号_206,数据集3,0,0.8372805287152055,0.7556932580157838,0.9536265460957046,自动归类成功
匿名文件_行号_207,数据集3,-1,0.3812747309978011,0.051465982526800846,1.9094697719990577,无法明确归类 (低置信度)
匿名文件_行号_208,数据集3,0,0.8244332989034969,0.7271358987414612,0.9899320400567155,自动归类成功
匿名文件_行号_209,数据集3,0,0.8145412691081327,0.7114687818698513,1.0292012622237718,自动归类成功
匿名文件_行号_210,数据集3,0,0.8154721954367327,0.7110651089908766,1.0218505048275797,自动归类成功
匿名文件_行号_211,数据集3,0,0.8414141860403771,0.7542003886871117,0.9218665649565606,自动归类成功
匿名文件_行号_212,数据集3,0,0.7817236381179002,0.6617790233981066,1.1591722006383633,自动归类成功
匿名文件_行号_213,数据集3,0,0.861517587284568,0.7970290684703223,0.8574525435427047,自动归类成功
匿名文件_行号_214,数据集3,0,0.8433096243100676,0.7589648608293226,0.9159554815981904,自动归类成功
匿名文件_行号_215,数据集3,0,0.7834201301070224,0.6830644357187159,1.18439433606565,自动归类成功
匿名文件_行号_216,数据集3,0,0.8326052129473568,0.7504246267283685,0.9760538124648861,自动归类成功
匿名文件_行号_217,数据集3,0,0.7439952796556101,0.6066193288963038,1.2910843286290838,自动归类成功
匿名文件_行号_218,数据集3,0,0.8020085996360227,0.6834678720720564,1.0596843770736715,自动归类成功
匿名文件_行号_219,数据集3,0,0.7773275022192923,0.650221883055087,1.1620471216859452,自动归类成功
匿名文件_行号_220,数据集3,0,0.8009206916058197,0.6947888643485193,1.095046305477726,自动归类成功
匿名文件_行号_221,数据集3,0,0.8516324071947656,0.7850957092057994,0.9013383164290658,自动归类成功
匿名文件_行号_222,数据集3,0,0.6912887098464662,0.4744106690386183,1.3371514240291502,自动归类成功
匿名文件_行号_223,数据集3,0,0.7688476253366525,0.635178509604953,1.1888812117603698,自动归类成功
匿名文件_行号_224,数据集3,0,0.8689990542893916,0.8096900114968519,0.824834583329989,自动归类成功
匿名文件_行号_225,数据集3,0,0.8369518791904079,0.7433304070385804,0.931559761617246,自动归类成功
匿名文件_行号_226,数据集3,0,0.7834246871629416,0.6542859921082808,1.1285401116250198,自动归类成功
匿名文件_行号_227,数据集3,0,0.8525082055578883,0.7749384716648895,0.882069070708411,自动归类成功
匿名文件_行号_228,数据集3,0,0.7903501305678177,0.6758161144854772,1.1293191224722845,自动归类成功
匿名文件_行号_229,数据集3,0,0.8003432819290937,0.6766171015852191,1.0538306409829314,自动归类成功
匿名文件_行号_230,数据集3,0,0.7378668459950366,0.5844891932042988,1.2889478322788295,自动归类成功
匿名文件_行号_231,数据集3,0,0.7727892037863179,0.6641585182573361,1.2053576465575786,自动归类成功
匿名文件_行号_232,数据集3,0,0.7419053808124622,0.6258919100454203,1.3166243730871465,自动归类成功
匿名文件_行号_233,数据集3,0,0.8294130780164383,0.7370548332576237,0.9732955601535261,自动归类成功
匿名文件_行号_234,数据集3,0,0.5666122830253981,0.3682474772756342,1.8569680637883474,自动归类成功
匿名文件_行号_235,数据集3,0,0.8726340777880772,0.808890917406154,0.7958592127309136,自动归类成功
匿名文件_行号_236,数据集3,0,0.8605978254343456,0.7906697864674986,0.8528833457259901,自动归类成功
匿名文件_行号_237,数据集3,0,0.7700937049094686,0.6275744283385595,1.1615900064387985,自动归类成功
匿名文件_行号_238,数据集3,0,0.8236963603124425,0.7266095365543005,0.9975993290755025,自动归类成功
匿名文件_行号_239,数据集3,0,0.8278782499408609,0.7287026412063818,0.9679248662769797,自动归类成功
匿名文件_行号_240,数据集3,0,0.8419635854748719,0.753998142016449,0.9151669481214002,自动归类成功
匿名文件_行号_241,数据集3,0,0.8269623721572836,0.7278369884310397,0.9728887346507986,自动归类成功
匿名文件_行号_242,数据集3,0,0.829169843337514,0.761626477292215,1.0028317596362055,自动归类成功
匿名文件_行号_243,数据集3,0,0.7731683428294245,0.6396205159067865,1.1642547865406305,自动归类成功
匿名文件_行号_244,数据集3,0,0.8038936066231196,0.6842063963362669,1.0445157680931596,自动归类成功
匿名文件_行号_245,数据集3,0,0.8464853468418532,0.7636149086736085,0.9034164508010708,自动归类成功
匿名文件_行号_246,数据集3,0,0.8208629176153809,0.7270262164065784,1.0171219805271212,自动归类成功
匿名文件_行号_247,数据集3,0,0.8489975256689803,0.7722204799294095,0.9039392704154721,自动归类成功
匿名文件_行号_248,数据集3,0,0.8062350766180914,0.6997685359899184,1.0642760533984426,自动归类成功
匿名文件_行号_249,数据集3,0,0.874637125328189,0.8119502927955105,0.7860200189628619,自动归类成功
匿名文件_行号_250,数据集3,0,0.8244640205434969,0.7267784188649575,0.9915849133556452,自动归类成功
匿名文件_行号_251,数据集3,0,0.7976865873764314,0.6799323283244388,1.0860456455636058,自动归类成功
匿名文件_行号_252,数据集3,0,0.6821530397608958,0.46784000827384886,1.3860689974257203,自动归类成功
匿名文件_行号_253,数据集3,0,0.8382215873438968,0.7557205465141054,0.9490812299266455,自动归类成功
匿名文件_行号_254,数据集3,0,0.8371262637650417,0.7501633203866519,0.9467444828030854,自动归类成功
匿名文件_行号_255,数据集3,0,0.767945757392752,0.6324638888194285,1.1892883528118317,自动归类成功
匿名文件_行号_256,数据集3,0,0.8341382839444851,0.7553623331946343,0.9754996289657216,自动归类成功
匿名文件_行号_257,数据集3,-1,0.4672824916487298,0.034295928592597,1.5547362298350142,多类别特征 (倾向类别 0 与 4)
匿名文件_行号_258,数据集3,0,0.8316516650923422,0.7385010510435338,0.9637316875977164,自动归类成功
匿名文件_行号_259,数据集3,0,0.8101025834369407,0.7014591070596308,1.0390527562248628,自动归类成功
匿名文件_行号_260,数据集3,-1,0.45234200085414206,0.13424606790830385,1.915241185699655,多类别特征 (倾向类别 0 与 1)
匿名文件_行号_261,数据集3,0,0.8733801573731617,0.8091695514389265,0.7900135270645473,自动归类成功
匿名文件_行号_262,数据集3,0,0.7640337055003068,0.6258078561056979,1.201481594983903,自动归类成功
匿名文件_行号_263,数据集3,0,0.8478154334288903,0.77237061240677,0.9117319055458568,自动归类成功
匿名文件_行号_264,数据集3,0,0.7916488538838028,0.6704248324209623,1.1081809721098617,自动归类成功
匿名文件_行号_265,数据集3,0,0.8123084773917485,0.7059160532263937,1.0333627738785711,自动归类成功
匿名文件_行号_266,数据集3,0,0.762394266031864,0.6068369540335292,1.166415850509178,自动归类成功
匿名文件_行号_267,数据集3,0,0.8258364975319715,0.7320943766978424,0.9883919525746451,自动归类成功
匿名文件_行号_268,数据集3,0,0.7096952972553847,0.5131162332886634,1.3076499599076123,自动归类成功
匿名文件_行号_269,数据集3,0,0.848719481306924,0.7669561592149235,0.8943922434887557,自动归类成功
匿名文件_行号_270,数据集3,0,0.8366968724163744,0.7530070539439916,0.9540614709382282,自动归类成功
匿名文件_行号_271,数据集3,0,0.822862947199601,0.7280678707461727,1.0051952095232144,自动归类成功
匿名文件_行号_272,数据集3,0,0.8209888928245993,0.7229754650610913,1.0072411543990252,自动归类成功
匿名文件_行号_273,数据集3,0,0.7310961065524348,0.5645683456530848,1.2878384991047789,自动归类成功
匿名文件_行号_274,数据集3,0,0.7278277479744406,0.6012495137366665,1.3729429229203547,自动归类成功
匿名文件_行号_275,数据集3,0,0.8525345461374316,0.7750503110895705,0.8822702737094427,自动归类成功
匿名文件_行号_276,数据集3,0,0.8169284442575305,0.7153547813842829,1.0195998071609835,自动归类成功
匿名文件_行号_277,数据集3,-1,0.4470763624885989,0.0763306068943852,1.8063188327109456,多类别特征 (倾向类别 0 与 4)
匿名文件_行号_278,数据集3,0,0.6736342166863136,0.4599562345919305,1.427839604465502,自动归类成功
匿名文件_行号_279,数据集3,0,0.7513251980087331,0.6078152992338615,1.2492637201542298,自动归类成功
匿名文件_行号_280,数据集3,0,0.8148558616133411,0.7166995773236475,1.041794106357673,自动归类成功
匿名文件_行号_281,数据集3,0,0.8525064127303359,0.7720493986622362,0.8766385140524274,自动归类成功
匿名文件_行号_282,数据集3,0,0.8332548765164797,0.7432666424877881,0.9601543658813808,自动归类成功
匿名文件_行号_283,数据集3,0,0.7778816202996501,0.651399364471049,1.1599819241910383,自动归类成功
匿名文件_行号_284,数据集3,0,0.7877339070891928,0.6693300093769814,1.1313314684695426,自动归类成功
匿名文件_行号_285,数据集3,0,0.8342702258602923,0.7350242424918857,0.9329163982698373,自动归类成功
匿名文件_行号_286,数据集3,0,0.5480163882753557,0.338850674355614,1.8407692022066273,自动归类成功
匿名文件_行号_287,数据集3,0,0.7213724200144103,0.5252562138634169,1.2521395493965886,自动归类成功
匿名文件_行号_288,数据集3,0,0.8437681244031288,0.7624055065502864,0.9204479712181092,自动归类成功
匿名文件_行号_289,数据集3,0,0.7775277556694823,0.6467843639369867,1.1565106470976663,自动归类成功
匿名文件_行号_290,数据集3,0,0.7284131599980556,0.55936387075689,1.2940914684859572,自动归类成功
匿名文件_行号_291,数据集3,0,0.7139364070016337,0.5311133449876192,1.3255188159087374,自动归类成功
匿名文件_行号_292,数据集3,0,0.8129496681998555,0.7058239391208831,1.0289781954792452,自动归类成功
匿名文件_行号_293,数据集3,0,0.6485118968405427,0.41781361146872686,1.484196535156507,自动归类成功
匿名文件_行号_294,数据集3,0,0.817553253365065,0.7217823522089574,1.0285486491582019,自动归类成功
匿名文件_行号_295,数据集3,0,0.8222125113041873,0.7266566208023063,1.0088378832505893,自动归类成功
匿名文件_行号_296,数据集3,0,0.8422663981584847,0.7567170574796906,0.92268281760946,自动归类成功
匿名文件_行号_297,数据集3,0,0.8041616350715546,0.6821883411562901,1.03746649136682,自动归类成功
匿名文件_行号_298,数据集3,0,0.7831642096022968,0.6624993722469631,1.1430459456108,自动归类成功
匿名文件_行号_299,数据集3,0,0.7875107574053433,0.6450321563387276,1.0711772024634678,自动归类成功
匿名文件_行号_300,数据集3,0,0.8000146555445145,0.6933941458150973,1.0943748869068273,自动归类成功
匿名文件_行号_301,数据集3,0,0.5390683514796428,0.2694479506873695,1.7508998045761768,自动归类成功
匿名文件_行号_302,数据集3,0,0.7629257285054843,0.6404027533406897,1.2331465829217347,自动归类成功
匿名文件_行号_303,数据集3,0,0.8624262523920391,0.8022663322403948,0.8563325458438649,自动归类成功
匿名文件_行号_304,数据集3,0,0.8155405854560016,0.7059453621011904,1.0093406348258342,自动归类成功
匿名文件_行号_305,数据集3,0,0.8233389124472826,0.7298585427708307,1.0032460381974095,自动归类成功
匿名文件_行号_306,数据集3,0,0.8809047661841065,0.8221631726768381,0.758305029753413,自动归类成功
匿名文件_行号_307,数据集3,0,0.7774838150853218,0.6477867030764752,1.1553062794994846,自动归类成功
匿名文件_行号_308,数据集3,0,0.81925739197788,0.7197484086182655,1.0115876206745966,自动归类成功
匿名文件_行号_309,数据集3,0,0.8482923832978017,0.777138468705048,0.9137673819212393,自动归类成功
匿名文件_行号_310,数据集3,0,0.7987648381320542,0.7072096786664374,1.1194731682742125,自动归类成功
匿名文件_行号_311,数据集3,0,0.4053994584606936,0.1555429898583991,2.0195592486000895,自动归类成功
匿名文件_行号_312,数据集3,0,0.6952287202066905,0.4755444212124621,1.3097663353649371,自动归类成功
匿名文件_行号_313,数据集3,0,0.8182953981768667,0.7181594120321554,1.0151831076508924,自动归类成功
匿名文件_行号_314,数据集3,0,0.7650505695507712,0.659185690441859,1.2326373521490332,自动归类成功
匿名文件_行号_315,数据集3,0,0.8708637656204543,0.8045664286335571,0.8017788252627179,自动归类成功
匿名文件_行号_316,数据集3,0,0.7741141470371198,0.6438190185918525,1.1704650791345257,自动归类成功
匿名文件_行号_317,数据集3,0,0.7902737404832662,0.6805993907938865,1.1386621265280183,自动归类成功
匿名文件_行号_318,数据集3,0,0.8691304483238579,0.8085290151690353,0.8213261563767569,自动归类成功
匿名文件_行号_319,数据集3,0,0.8189618021027127,0.7171048585788868,1.0085381305105892,自动归类成功
匿名文件_行号_320,数据集3,0,0.8001614945657148,0.6910556184655889,1.088815864649649,自动归类成功
匿名文件_行号_321,数据集3,-1,0.5008138838592883,0.13647800729709125,1.6723832390795226,多类别特征 (倾向类别 0 与 4)
匿名文件_行号_322,数据集3,0,0.7271339378352855,0.5720376920834356,1.3373267070686101,自动归类成功
匿名文件_行号_323,数据集3,0,0.8302498730363107,0.7382407155306088,0.9733883111771527,自动归类成功
匿名文件_行号_324,数据集3,0,0.8326320605088369,0.7392725949404897,0.9547796643927428,自动归类成功
匿名文件_行号_325,数据集3,-1,0.4470670925821591,0.00374035994949079,1.5946930212380273,多类别特征 (倾向类别 4 与 0)
匿名文件_行号_326,数据集3,0,0.8122763357539436,0.6932686892249549,1.0023714239495483,自动归类成功
匿名文件_行号_327,数据集3,0,0.7701405783546587,0.6339709552822088,1.1779089790274608,自动归类成功
匿名文件_行号_328,数据集3,0,0.8026336441138014,0.6923598425908966,1.0747589700720208,自动归类成功
匿名文件_行号_329,数据集3,0,0.7939044500145239,0.6688443790795551,1.083205938292909,自动归类成功
匿名文件_行号_330,数据集3,0,0.8140205616475927,0.7075565349325945,1.0263767014672058,自动归类成功
匿名文件_行号_331,数据集3,0,0.8831635399352549,0.8243427433125404,0.7456896950254001,自动归类成功
匿名文件_行号_332,数据集3,0,0.8082456623649027,0.7028154844549548,1.0563518774512637,自动归类成功
匿名文件_行号_333,数据集3,0,0.7695997970872203,0.6382911789310302,1.1937870604416982,自动归类成功
匿名文件_行号_334,数据集3,0,0.8103921653962303,0.7055993020649605,1.0465174276530225,自动归类成功
匿名文件_行号_335,数据集3,0,0.8438641319238142,0.761189579735408,0.9150127805193117,自动归类成功
匿名文件_行号_336,数据集3,0,0.785797384614671,0.6613539471263825,1.1263080860017314,自动归类成功
匿名文件_行号_337,数据集3,0,0.810070573742038,0.7024991876287197,1.045190385303943,自动归类成功
匿名文件_行号_338,数据集3,0,0.8443144951716384,0.7638470568105358,0.920316339819429,自动归类成功
匿名文件_行号_339,数据集3,0,0.7843864842160869,0.6627538248021388,1.1402424022731965,自动归类成功
匿名文件_行号_340,数据集3,0,0.7371411757073877,0.6089980719058231,1.3498350196357423,自动归类成功
匿名文件_行号_341,数据集3,0,0.7675589805018542,0.6282681580392241,1.1838681073815924,自动归类成功
匿名文件_行号_342,数据集3,0,0.8247899101455562,0.730656378124408,0.9966136346456953,自动归类成功
匿名文件_行号_343,数据集3,0,0.8529338959174262,0.7755060270448341,0.8790071576019232,自动归类成功
匿名文件_行号_344,数据集3,0,0.7458171600875907,0.5890234507568649,1.2468236405406454,自动归类成功
匿名文件_行号_345,数据集3,0,0.8535785367567043,0.7838162462530961,0.8898400975562453,自动归类成功
匿名文件_行号_346,数据集3,0,0.7731471013617434,0.6430568470828103,1.1750705604228198,自动归类成功
匿名文件_行号_347,数据集3,0,0.8385925273624908,0.7517977829994059,0.9371432883681143,自动归类成功
匿名文件_行号_348,数据集3,0,0.7683388768003082,0.6380943735789878,1.1995095110755816,自动归类成功
匿名文件_行号_349,数据集3,0,0.8754832409506023,0.8098396403825837,0.7760464253389484,自动归类成功
匿名文件_行号_350,数据集3,0,0.8744618278923761,0.8085999069614223,0.7818436797777717,自动归类成功
匿名文件_行号_351,数据集3,0,0.6697619011876011,0.45504505780972326,1.4323173407575756,自动归类成功
匿名文件_行号_352,数据集3,0,0.860205971941721,0.7889360216939966,0.8525415929060057,自动归类成功
匿名文件_行号_353,数据集3,0,0.5796335027446077,0.42645896448023257,1.8051762938174583,自动归类成功
匿名文件_行号_354,数据集3,0,0.7851540099634664,0.6632312208976714,1.1360322181496143,自动归类成功
匿名文件_行号_355,数据集3,0,0.852616175875611,0.7741740864867107,0.8796758588737459,自动归类成功
匿名文件_行号_356,数据集3,0,0.8864871351270709,0.8292945361071983,0.7286215316089922,自动归类成功
匿名文件_行号_357,数据集3,0,0.7925139402164896,0.6757863144957621,1.1127439792809701,自动归类成功
匿名文件_行号_358,数据集3,0,0.8145741930340029,0.7117905396198666,1.029919825226142,自动归类成功
匿名文件_行号_359,数据集3,0,0.7729026489747314,0.675007833920431,1.2339729653047569,自动归类成功
匿名文件_行号_360,数据集3,0,0.8224043212039602,0.7240718608716478,0.998668302672862,自动归类成功
匿名文件_行号_361,数据集3,0,0.8249335354004312,0.7294204023047521,0.9920622666032018,自动归类成功
匿名文件_行号_362,数据集3,0,0.821289329808488,0.7216146453249338,1.0036814942281516,自动归类成功
匿名文件_行号_363,数据集3,0,0.7481475458677292,0.5743859912439253,1.184971212678355,自动归类成功
匿名文件_行号_364,数据集3,0,0.6996856560574168,0.49664375550739026,1.3350919896052946,自动归类成功
匿名文件_行号_365,数据集3,0,0.7993428007015974,0.6909226532753074,1.0941107669590904,自动归类成功
匿名文件_行号_366,数据集3,0,0.7406828979570864,0.5668617933872642,1.2173014921213412,自动归类成功
匿名文件_行号_367,数据集3,0,0.824447314359228,0.7260486932263335,0.9881315224197639,自动归类成功
匿名文件_行号_368,数据集3,0,0.8073132568070608,0.7028148673812558,1.0601652408172635,自动归类成功
匿名文件_行号_369,数据集3,0,0.8311163951238622,0.7393239075703878,0.9672049085936163,自动归类成功
匿名文件_行号_370,数据集3,0,0.850156627443835,0.7738376525016228,0.8955281708390759,自动归类成功
匿名文件_行号_371,数据集3,0,0.7743508780441571,0.6432362873201587,1.167632149066607,自动归类成功
匿名文件_行号_372,数据集3,0,0.8588795279203778,0.7866463706778437,0.859078437768721,自动归类成功
匿名文件_行号_373,数据集3,0,0.8102274859994967,0.7053169833653673,1.0477222506819817,自动归类成功
匿名文件_行号_374,数据集3,0,0.7624666778212575,0.6220519854896813,1.2037127343021836,自动归类成功
匿名文件_行号_375,数据集3,0,0.805132775452911,0.7048153926952219,1.0785173985444478,自动归类成功
匿名文件_行号_376,数据集3,0,0.7945979451390149,0.6655813016103219,1.0705107855116338,自动归类成功
匿名文件_行号_377,数据集3,0,0.7783978507218431,0.6492540711336157,1.156205512692534,自动归类成功
匿名文件_行号_378,数据集3,0,0.7817839161188966,0.6533772857711628,1.1376516317162666,自动归类成功
匿名文件_行号_379,数据集3,0,0.8643175884354173,0.7917612393213564,0.8253030439289916,自动归类成功
匿名文件_行号_380,数据集3,0,0.8604054268891601,0.7874998166263474,0.848290690265029,自动归类成功
匿名文件_行号_381,数据集3,0,0.7822821767551533,0.676253800289073,1.175871380724315,自动归类成功
匿名文件_行号_382,数据集3,0,0.7952007814749141,0.6620904354204622,1.0573066314622246,自动归类成功
匿名文件_行号_383,数据集3,0,0.8236538393683458,0.7298198473631593,1.0009416036164398,自动归类成功
匿名文件_行号_384,数据集3,0,0.8369558191910333,0.7473527335136603,0.9413891923776235,自动归类成功
匿名文件_行号_385,数据集3,0,0.8525257554320755,0.7855489125948144,0.8915126416062139,自动归类成功
匿名文件_行号_386,数据集3,0,0.698513293029925,0.5861830551627728,1.5008902390436263,自动归类成功
匿名文件_行号_387,数据集3,0,0.7191115816314858,0.5454332100570252,1.323035671944592,自动归类成功
匿名文件_行号_388,数据集3,0,0.4770205536025382,0.2844494767727759,2.0666189333202767,自动归类成功
匿名文件_行号_389,数据集3,0,0.7562740953048878,0.6213225282080495,1.2408503180628365,自动归类成功
匿名文件_行号_390,数据集3,0,0.8278715885235457,0.730384482507745,0.9728114313019562,自动归类成功
匿名文件_行号_391,数据集3,0,0.7988177465590685,0.680510868355231,1.0753799487440017,自动归类成功
匿名文件_行号_392,数据集3,0,0.7309876126958228,0.5778693807765255,1.3235679588871203,自动归类成功
匿名文件_行号_393,数据集3,0,0.8489390576196553,0.7710288723565475,0.8993973144992516,自动归类成功
匿名文件_行号_394,数据集3,0,0.8181127463150154,0.7181150171315642,1.0180066228846725,自动归类成功
匿名文件_行号_395,数据集3,0,0.8489885400550504,0.771163212661732,0.9020945288873699,自动归类成功
匿名文件_行号_396,数据集3,0,0.7891367450400553,0.6754251763983214,1.132568959901439,自动归类成功
匿名文件_行号_397,数据集3,0,0.827078223235354,0.7188669484315862,0.9505624993398942,自动归类成功
匿名文件_行号_398,数据集3,0,0.8001715917766629,0.6915307573197714,1.0939108205137598,自动归类成功
匿名文件_行号_399,数据集3,0,0.7615057387727682,0.6448858171831336,1.2651731212607045,自动归类成功
匿名文件_行号_400,数据集3,0,0.7098415863347985,0.5530351298719716,1.3822003772839884,自动归类成功
匿名文件_行号_401,数据集3,0,0.8645952569280458,0.8084985546011652,0.8462058377794925,自动归类成功
匿名文件_行号_402,数据集3,0,0.6233361788173367,0.3971310904001649,1.6007306889542996,自动归类成功
匿名文件_行号_403,数据集3,0,0.8281841661148013,0.735181455326209,0.981516444084628,自动归类成功
匿名文件_行号_404,数据集3,0,0.6431736805831836,0.3890028527773855,1.4405452419695643,自动归类成功
匿名文件_行号_405,数据集3,0,0.7770648569974109,0.6481565595333435,1.1639564754249152,自动归类成功
匿名文件_行号_406,数据集3,0,0.8216469726724505,0.7339441343311179,1.0255637007534584,自动归类成功
匿名文件_行号_407,数据集3,0,0.8102666563665728,0.7055170551272194,1.0454062797348265,自动归类成功
匿名文件_行号_408,数据集3,0,0.8257318330750265,0.7337150037482396,0.9940358024324796,自动归类成功
匿名文件_行号_409,数据集3,0,0.7711660012342522,0.6369363517008964,1.1761904887077193,自动归类成功
匿名文件_行号_410,数据集3,0,0.8130557176372598,0.6928035812930637,0.9969564865382029,自动归类成功
匿名文件_行号_411,数据集3,0,0.8436823577502937,0.7589246196134847,0.9139563799722715,自动归类成功
匿名文件_行号_412,数据集3,0,0.8217596827338419,0.723276647858168,1.0017563824105555,自动归类成功
匿名文件_行号_413,数据集3,0,0.8470485874454056,0.7655703925193592,0.9024350804029685,自动归类成功
匿名文件_行号_414,数据集3,0,0.785995498258434,0.651823788001939,1.1008621698498873,自动归类成功
匿名文件_行号_415,数据集3,0,0.7988956493961061,0.694721193330546,1.1042743397559196,自动归类成功
匿名文件_行号_416,数据集3,0,0.7687528647163088,0.6406840174321973,1.2043597274398725,自动归类成功
匿名文件_行号_417,数据集3,0,0.8179311121973396,0.7143279521229506,1.0108841220753426,自动归类成功
匿名文件_行号_418,数据集3,0,0.8311059547153863,0.7438378351588737,0.978649046918687,自动归类成功
匿名文件_行号_419,数据集3,0,0.8070761741104907,0.6938738317552003,1.0448800130110842,自动归类成功
匿名文件_行号_420,数据集3,0,0.8152863960265734,0.7135633789472524,1.027752871683348,自动归类成功
匿名文件_行号_421,数据集3,0,0.829302168687641,0.7424843650529458,0.9870379532218394,自动归类成功
匿名文件_行号_422,数据集3,0,0.7963532103337458,0.6828532373350484,1.0984712298533652,自动归类成功
匿名文件_行号_423,数据集3,0,0.6551301892080995,0.4345355632904704,1.4788831641523923,自动归类成功
匿名文件_行号_424,数据集3,0,0.8251214745234746,0.7287774618961071,0.9888101009522485,自动归类成功
匿名文件_行号_425,数据集3,0,0.7155076609243063,0.5950124061999038,1.3804754215923996,自动归类成功
匿名文件_行号_426,数据集3,0,0.7641144726648096,0.6258475788036707,1.2003325161977032,自动归类成功
匿名文件_行号_427,数据集3,0,0.7566432674798955,0.6349676832711421,1.2604475973830014,自动归类成功
匿名文件_行号_428,数据集3,0,0.8079310287730751,0.6998459191984396,1.0551488696726639,自动归类成功
匿名文件_行号_429,数据集3,0,0.6734774633857719,0.5247386072970222,1.497651253692393,自动归类成功
匿名文件_行号_430,数据集3,0,0.84644695388322,0.7700215861472884,0.9206445040247784,自动归类成功
匿名文件_行号_431,数据集3,0,0.8162335227060928,0.7155358053388078,1.0251754763089735,自动归类成功
匿名文件_行号_432,数据集3,0,0.8391465341341258,0.7505697992145763,0.9313630797188598,自动归类成功
匿名文件_行号_433,数据集3,0,0.7557598483401424,0.6072969563317769,1.2174796839898623,自动归类成功
匿名文件_行号_434,数据集3,0,0.8582343786030702,0.7797932940359493,0.8487741812724867,自动归类成功
匿名文件_行号_435,数据集3,0,0.8771802337912598,0.8149263335772863,0.7728053397982128,自动归类成功
匿名文件_行号_436,数据集3,0,0.8223542437858347,0.7243095314199433,1.000902754503798,自动归类成功
匿名文件_行号_437,数据集3,0,0.8602420136970939,0.7822461596409276,0.8390465320123318,自动归类成功
匿名文件_行号_438,数据集3,0,0.8386139900233465,0.7466305739769689,0.9248967991302512,自动归类成功
匿名文件_行号_439,数据集3,0,0.8435404842297741,0.7634134124148715,0.9248171946301494,自动归类成功
匿名文件_行号_440,数据集3,0,0.8302853870427284,0.7381951525963837,0.9706196215283798,自动归类成功
匿名文件_行号_441,数据集3,0,0.7881404852076718,0.6681877948963256,1.1256887759218344,自动归类成功
匿名文件_行号_442,数据集3,0,0.8419624018506141,0.7578111796352133,0.9241785913088947,自动归类成功
匿名文件_行号_443,数据集3,0,0.5301439000121563,0.3275827481355751,1.8754764435438567,自动归类成功
匿名文件_行号_444,数据集3,0,0.8451981468245181,0.7634798297159433,0.9116976370531242,自动归类成功
匿名文件_行号_445,数据集3,0,0.8470965055063266,0.7691185058068168,0.909098754690164,自动归类成功
匿名文件_行号_446,数据集3,0,0.752213463428246,0.6020694849249072,1.2313409937820763,自动归类成功
匿名文件_行号_447,数据集3,0,0.8649814095507227,0.7925678464292888,0.8225512500657288,自动归类成功
匿名文件_行号_448,数据集3,0,0.8493075213493216,0.7716994755487363,0.899678676082589,自动归类成功
匿名文件_行号_449,数据集3,0,0.8033172960084201,0.6895896933660132,1.0633607164598353,自动归类成功
匿名文件_行号_450,数据集3,0,0.7814966667261763,0.6666730673080813,1.1733421840566016,自动归类成功
匿名文件_行号_451,数据集3,0,0.8180074053274644,0.7241149769696771,1.0298754628461149,自动归类成功
匿名文件_行号_452,数据集3,0,0.8257684527154614,0.7342004312995716,0.9944095344894003,自动归类成功
匿名文件_行号_453,数据集3,0,0.7941248854110003,0.6707903793535411,1.0900063121669037,自动归类成功
匿名文件_行号_454,数据集3,0,0.852034775458643,0.7823227184039349,0.8963714280135006,自动归类成功
匿名文件_行号_455,数据集3,0,0.8396277697554172,0.75202239924186,0.9309242371612763,自动归类成功
匿名文件_行号_456,数据集3,0,0.8054359314457789,0.6883736425739259,1.0462781939034171,自动归类成功
匿名文件_行号_457,数据集3,0,0.8262593872397561,0.7332929573566279,0.9910077299161384,自动归类成功
匿名文件_行号_458,数据集3,0,0.7564710011105845,0.6349851702687417,1.2543415184810576,自动归类成功
匿名文件_行号_459,数据集3,0,0.8411418387412216,0.755299493172093,0.9274476360310999,自动归类成功
匿名文件_行号_460,数据集3,0,0.7718705198106001,0.6383703920046477,1.1744144203501703,自动归类成功
匿名文件_行号_461,数据集3,2,0.5284985279595605,0.1700630425671542,1.5453959688566083,自动归类成功
匿名文件_行号_462,数据集3,0,0.836419706161679,0.7549599266815373,0.95752546305963,自动归类成功
匿名文件_行号_463,数据集3,0,0.849921158239839,0.7711205758470807,0.8934296716417259,自动归类成功
匿名文件_行号_464,数据集3,0,0.7577557455486434,0.617106409685638,1.227238241243162,自动归类成功
匿名文件_行号_465,数据集3,0,0.7719881281707937,0.6469187056265558,1.194893527396587,自动归类成功
匿名文件_行号_466,数据集3,0,0.7111244280789705,0.5263994893663001,1.3353051352727452,自动归类成功
匿名文件_行号_467,数据集3,0,0.8480600868963833,0.7593421769541071,0.8824888767520742,自动归类成功
匿名文件_行号_468,数据集3,0,0.7636767466831689,0.6231835718981173,1.2016794664133923,自动归类成功
匿名文件_行号_469,数据集3,0,0.7197541314767985,0.5303090072425611,1.2794200028656288,自动归类成功
匿名文件_行号_470,数据集3,0,0.7422966826203794,0.5839754972430873,1.254834451189317,自动归类成功
匿名文件_行号_471,数据集3,0,0.7965243485035326,0.6840592087776137,1.0977306123407902,自动归类成功
匿名文件_行号_472,数据集3,0,0.8198502375069957,0.7130156535674107,0.9934848911172506,自动归类成功
匿名文件_行号_473,数据集3,4,0.7355937267455028,0.5411979302880517,1.1873259617563154,自动归类成功
匿名文件_行号_474,数据集3,0,0.7929035962439789,0.6752973395204293,1.11267664329467,自动归类成功
匿名文件_行号_475,数据集3,0,0.8068161404698548,0.6994716223567241,1.0589107552024808,自动归类成功
匿名文件_行号_476,数据集3,0,0.7834279723702923,0.6951551684572201,1.200141804205273,自动归类成功
匿名文件_行号_477,数据集3,0,0.8487409662712501,0.7726383422299612,0.8986087712410791,自动归类成功
匿名文件_行号_478,数据集3,0,0.7499632042576996,0.6110828680518074,1.2671893094661495,自动归类成功
匿名文件_行号_479,数据集3,0,0.8822384101164772,0.8233080630836909,0.7514035322344192,自动归类成功
匿名文件_行号_480,数据集3,0,0.8042864159311154,0.7019542154067361,1.078109930597787,自动归类成功
匿名文件_行号_481,数据集3,0,0.8293243160900273,0.7418764684889674,0.9860631907924879,自动归类成功
匿名文件_行号_482,数据集3,0,0.7929187027139827,0.6779496001744741,1.1130976329328701,自动归类成功
匿名文件_行号_483,数据集3,0,0.8396217312681552,0.7577733265083582,0.9413842211740701,自动归类成功
匿名文件_行号_484,数据集3,0,0.7939080065186596,0.6846262084139619,1.1210715420287807,自动归类成功
匿名文件_行号_485,数据集3,0,0.8215487444157236,0.731359141414191,1.0198334792274186,自动归类成功
匿名文件_行号_486,数据集3,0,0.8037410064256898,0.6750721451540007,1.0238233414054165,自动归类成功
匿名文件_行号_487,数据集3,0,0.8171072873343761,0.7135814365848978,1.0151353002450356,自动归类成功
匿名文件_行号_488,数据集3,0,0.713909381836093,0.5235992986505815,1.3073570505551424,自动归类成功
匿名文件_行号_489,数据集3,0,0.7785587564321563,0.6705468171655132,1.1833230019124719,自动归类成功
匿名文件_行号_490,数据集3,0,0.8559033413662585,0.7816430440405592,0.8681042066611377,自动归类成功
匿名文件_行号_491,数据集3,0,0.7382839373900291,0.584476875024819,1.2812249611410307,自动归类成功
匿名文件_行号_492,数据集3,0,0.764471611601114,0.6310234667694787,1.2093518744326055,自动归类成功
匿名文件_行号_493,数据集3,0,0.8245358914256585,0.7289201079911556,0.9935062361245343,自动归类成功
匿名文件_行号_494,数据集3,0,0.7762304649273004,0.6468811690302285,1.1611525734259445,自动归类成功
匿名文件_行号_495,数据集3,0,0.8197367625853608,0.7203175903498582,1.0106036267835274,自动归类成功
匿名文件_行号_496,数据集3,0,0.7967458736968636,0.6824027390081958,1.0954697586578563,自动归类成功
匿名文件_行号_497,数据集3,0,0.8269303027547783,0.7567579296092282,1.0207733801552363,自动归类成功
匿名文件_行号_498,数据集3,0,0.8874881316170827,0.8342760816844642,0.7282281891699158,自动归类成功
匿名文件_行号_499,数据集3,0,0.8460466453589409,0.7648850075143518,0.9105847115067888,自动归类成功
匿名文件_行号_500,数据集3,0,0.8244753178572378,0.7265497604724458,0.9892633900153098,自动归类成功
匿名文件_行号_501,数据集3,0,0.7474253111965468,0.597934579705215,1.2535258026332945,自动归类成功
匿名文件_行号_502,数据集3,0,0.8820900142382977,0.8213518242184269,0.7466988821855702,自动归类成功
匿名文件_行号_503,数据集3,0,0.8436521713619234,0.7642796587117149,0.9272101319133079,自动归类成功
匿名文件_行号_504,数据集3,0,0.8834926900319451,0.8266609891306266,0.7476180119203945,自动归类成功
匿名文件_行号_505,数据集3,0,0.8090564392708596,0.7012002534232217,1.049110040627677,自动归类成功
匿名文件_行号_506,数据集3,0,0.8033781750745819,0.6925412726235176,1.0697089202690124,自动归类成功
匿名文件_行号_507,数据集3,0,0.5710605857326286,0.32363618021571583,1.7449058696004514,自动归类成功
匿名文件_行号_508,数据集3,0,0.8413506180908346,0.7569932147603339,0.927871850076075,自动归类成功
匿名文件_行号_509,数据集3,0,0.7604121898760908,0.6467797412747489,1.2543455204897336,自动归类成功
匿名文件_行号_510,数据集3,0,0.8180341068300181,0.7160809757203478,1.0141853185132126,自动归类成功
匿名文件_行号_511,数据集3,0,0.8302162445811735,0.7422193155963863,0.9797614966949636,自动归类成功
匿名文件_行号_512,数据集3,0,0.7675441074856024,0.6233491882484838,1.1731799376012852,自动归类成功
匿名文件_行号_513,数据集3,0,0.8764780577096474,0.8151468736991804,0.7803742326153721,自动归类成功
匿名文件_行号_514,数据集3,0,0.7836335056295004,0.6698798161855541,1.162506282174206,自动归类成功
匿名文件_行号_515,数据集3,0,0.7907708599689168,0.6784284072019859,1.1340137801174022,自动归类成功
匿名文件_行号_516,数据集3,0,0.7960165168150435,0.6703827057687926,1.0759933217798776,自动归类成功
匿名文件_行号_517,数据集3,0,0.808904284086837,0.702131006823721,1.0544217501972153,自动归类成功
匿名文件_行号_518,数据集3,0,0.8093879915658764,0.7189842466330212,1.0706654596886058,自动归类成功
匿名文件_行号_519,数据集3,0,0.8431547960194345,0.7580701951069645,0.9158482740315749,自动归类成功
匿名文件_行号_520,数据集3,-1,0.33060903277682324,0.018103265569203497,2.1717859979400056,无法明确归类 (低置信度)
匿名文件_行号_521,数据集3,0,0.8441779295197464,0.7597322194365723,0.912403150369183,自动归类成功
匿名文件_行号_522,数据集3,0,0.768910853901275,0.6289609006644611,1.1744356105317426,自动归类成功
匿名文件_行号_523,数据集3,0,0.7568429997673471,0.6231900499935348,1.2490691364893196,自动归类成功
匿名文件_行号_524,数据集3,0,0.8497991311876312,0.7731168955693543,0.8980970755649492,自动归类成功
匿名文件_行号_525,数据集3,0,0.8084131486103474,0.7121668273571706,1.0659494208011295,自动归类成功
匿名文件_行号_526,数据集3,0,0.8431359367763419,0.7562184403426198,0.9103921176805229,自动归类成功
匿名文件_行号_527,数据集3,0,0.8234603480723928,0.7313159132241484,1.0085002213968894,自动归类成功
匿名文件_行号_528,数据集3,0,0.820039096659674,0.7267769064005285,1.0224409350084231,自动归类成功
匿名文件_行号_529,数据集3,0,0.823617693635458,0.7276481281990101,0.9974135743517606,自动归类成功
匿名文件_行号_530,数据集3,0,0.7832450271003347,0.6782732516573726,1.1549457554217175,自动归类成功
匿名文件_行号_531,数据集3,0,0.7740745216066974,0.6602867326930838,1.2089450564505442,自动归类成功
匿名文件_行号_532,数据集3,0,0.8121089384950244,0.712706250648067,1.0522021166988316,自动归类成功
匿名文件_行号_533,数据集3,0,0.8055313623448339,0.7018190579012565,1.075564769461004,自动归类成功
匿名文件_行号_534,数据集3,0,0.8208215856979687,0.7276589376274823,1.01654568133373,自动归类成功
匿名文件_行号_535,数据集3,0,0.848696938207325,0.766553923479586,0.8944414425417734,自动归类成功
匿名文件_行号_536,数据集3,0,0.8149975218713289,0.7273427487097784,1.0575363947019472,自动归类成功
匿名文件_行号_537,数据集3,0,0.8429808714199611,0.7682787917364277,0.9327895161355646,自动归类成功
匿名文件_行号_538,数据集3,0,0.5507227426831545,0.1955233380719658,1.5006630512430623,自动归类成功
匿名文件_行号_539,数据集3,0,0.830139518674281,0.7350166207250578,0.9643255157794978,自动归类成功
匿名文件_行号_540,数据集3,0,0.8279474666254248,0.7332902808313783,0.9780586661924774,自动归类成功
匿名文件_行号_541,数据集3,0,0.8303214988527399,0.7423649588109078,0.9791155677187092,自动归类成功
匿名文件_行号_542,数据集3,0,0.8460769106001159,0.7635094984912483,0.9044959443872109,自动归类成功
匿名文件_行号_543,数据集3,0,0.8388747624638435,0.7485770530641218,0.928016747565657,自动归类成功
匿名文件_行号_544,数据集3,0,0.777600531814168,0.6639582082445051,1.1906196174394401,自动归类成功
匿名文件_行号_545,数据集3,0,0.8298904005166211,0.7403200001875941,0.9778251228150487,自动归类成功
匿名文件_行号_546,数据集3,0,0.8174257522871232,0.7174038066319235,1.0210644137949592,自动归类成功
匿名文件_行号_547,数据集3,0,0.838038760125532,0.7644860916463256,0.9664917519033778,自动归类成功
匿名文件_行号_548,数据集3,0,0.76687653085773,0.6390132623266208,1.1896225078114862,自动归类成功
匿名文件_行号_549,数据集3,0,0.764075245731437,0.6265469417410959,1.2080066981876871,自动归类成功
匿名文件_行号_550,数据集3,0,0.8229246561252722,0.7242085585323189,0.995472705719077,自动归类成功
匿名文件_行号_551,数据集3,0,0.7587116350661968,0.6189060180882844,1.2264417674589188,自动归类成功
匿名文件_行号_552,数据集3,0,0.7856105070104612,0.6688844647980002,1.147901083900028,自动归类成功
匿名文件_行号_553,数据集3,0,0.7940966078606737,0.677945228961365,1.1043881199073868,自动归类成功
匿名文件_行号_554,数据集3,0,0.8502868540728205,0.7784764527648752,0.9053369167408252,自动归类成功
匿名文件_行号_555,数据集3,0,0.7929847960159832,0.6604866942063489,1.070493627759851,自动归类成功
匿名文件_行号_556,数据集3,0,0.7550587711090192,0.6168004387351761,1.243855292495374,自动归类成功
匿名文件_行号_557,数据集3,0,0.7664629651690112,0.6477323782512763,1.2237449250348504,自动归类成功
匿名文件_行号_558,数据集3,0,0.7889008139415024,0.6618733520244237,1.1067084895130699,自动归类成功
匿名文件_行号_559,数据集3,0,0.8471641963031112,0.763673773251976,0.8985081336560421,自动归类成功
匿名文件_行号_560,数据集3,0,0.7936949723405721,0.6787309491018483,1.10887481815425,自动归类成功
匿名文件_行号_561,数据集3,0,0.8200900625136671,0.7182225836338441,1.0046308275098943,自动归类成功
匿名文件_行号_562,数据集3,0,0.8300750513919622,0.738128971928641,0.973011645283675,自动归类成功
匿名文件_行号_563,数据集3,0,0.8276108109406476,0.7305555995229719,0.9751877742014442,自动归类成功
匿名文件_行号_564,数据集3,0,0.8074809912271014,0.6944850423886855,1.0452917072030359,自动归类成功
匿名文件_行号_565,数据集3,0,0.8072225497576029,0.7029302549888014,1.0647114827991218,自动归类成功
匿名文件_行号_566,数据集3,0,0.792754673565547,0.6833680995416682,1.1170524886012267,自动归类成功
匿名文件_行号_567,数据集3,0,0.7796904553878153,0.647045844408255,1.1401962021166936,自动归类成功
匿名文件_行号_568,数据集3,0,0.8084594719442008,0.7315041085177815,1.079966385358268,自动归类成功
匿名文件_行号_569,数据集3,0,0.7859385905045159,0.6529751916849903,1.1073939238217874,自动归类成功
匿名文件_行号_570,数据集3,0,0.8057381785770035,0.692213262739425,1.0515863911414378,自动归类成功
匿名文件_行号_571,数据集3,0,0.82859707438332,0.7360442226711893,0.9794531306598928,自动归类成功
匿名文件_行号_572,数据集3,0,0.850365727036779,0.7784694698101484,0.8999916649858153,自动归类成功
匿名文件_行号_573,数据集3,0,0.8194603365327834,0.731512497001224,1.0292702399057891,自动归类成功
匿名文件_行号_574,数据集3,0,0.8169393176727775,0.7440591891519365,1.0706425548920833,自动归类成功
匿名文件_行号_575,数据集3,0,0.8079365238505852,0.7044652027376147,1.063190131498049,自动归类成功
匿名文件_行号_576,数据集3,0,0.8489956631889858,0.7774375340017485,0.9117847130822396,自动归类成功
匿名文件_行号_577,数据集3,0,0.8163466954165348,0.7173603400017192,1.0305560354345833,自动归类成功
匿名文件_行号_578,数据集3,0,0.8474113179718468,0.7625056289233136,0.8942519419693458,自动归类成功
匿名文件_行号_579,数据集3,0,0.6222747183115461,0.44967341619020385,1.7200093117574637,自动归类成功
匿名文件_行号_580,数据集3,0,0.7446734960016528,0.5901915058425329,1.2557115716534988,自动归类成功
匿名文件_行号_581,数据集3,0,0.8073858548740547,0.7075715384240278,1.0685516961809587,自动归类成功
匿名文件_行号_582,数据集3,0,0.7739669191543822,0.639821961590058,1.1620581352751074,自动归类成功
匿名文件_行号_583,数据集3,0,0.8245155741343329,0.7395276320620123,1.014972170570316,自动归类成功
匿名文件_行号_584,数据集3,0,0.8059359102039971,0.69740057778539,1.0610318680586113,自动归类成功
匿名文件_行号_585,数据集3,0,0.8044668392119367,0.6897746808321866,1.0548579735319012,自动归类成功
匿名文件_行号_586,数据集3,0,0.9101382024409677,0.8650181567099542,0.6105487576301158,自动归类成功
匿名文件_行号_587,数据集3,0,0.7702658900773839,0.6547339616733183,1.2038893744560193,自动归类成功
匿名文件_行号_588,数据集3,0,0.8576082145827815,0.790336580061262,0.8692070312815048,自动归类成功
匿名文件_行号_589,数据集3,0,0.7318100411330608,0.560984106255303,1.2740074473919059,自动归类成功
匿名文件_行号_590,数据集3,0,0.8554844709666075,0.7919538438345259,0.8898951173467609,自动归类成功
匿名文件_行号_591,数据集3,0,0.8268679343410701,0.7351862129113973,0.9895014086388382,自动归类成功
匿名文件_行号_592,数据集3,0,0.7732774057778411,0.6269941474533716,1.1355818777047673,自动归类成功
匿名文件_行号_593,数据集3,0,0.7976782707403536,0.6838776463664281,1.0899532754744379,自动归类成功
匿名文件_行号_594,数据集3,0,0.7882382603223436,0.6691441882156939,1.1269680412449985,自动归类成功
匿名文件_行号_595,数据集3,0,0.8255916647204891,0.7341536620507592,0.9974223017653541,自动归类成功
匿名文件_行号_596,数据集3,0,0.6836708249086698,0.5459729549767527,1.4967806756041149,自动归类成功
匿名文件_行号_597,数据集3,0,0.8082632001974015,0.7010478272234689,1.0528592287805805,自动归类成功
匿名文件_行号_598,数据集3,0,0.8252657862821633,0.7280114678949594,0.9857321839584688,自动归类成功
匿名文件_行号_599,数据集3,0,0.7637946538732407,0.6286931683065089,1.2142364954930334,自动归类成功
匿名文件_行号_600,数据集3,0,0.8311688303884581,0.7327559647788835,0.9524357240707275,自动归类成功
匿名文件_行号_601,数据集3,0,0.8194900131935172,0.7207350117398619,1.0142170200191636,自动归类成功
匿名文件_行号_602,数据集3,0,0.827199242900191,0.7503862365404225,1.008201337799869,自动归类成功
匿名文件_行号_603,数据集3,0,0.7729246707242642,0.6296583359548685,1.147304306436073,自动归类成功
匿名文件_行号_604,数据集3,0,0.8226590011984216,0.72348438432514,0.9972216170565039,自动归类成功
匿名文件_行号_605,数据集3,0,0.8433091797834847,0.7633879090510473,0.9292142300402865,自动归类成功
匿名文件_行号_606,数据集3,0,0.8415885496596631,0.7736916167868008,0.9482602687540137,自动归类成功
匿名文件_行号_607,数据集3,0,0.8784674314120691,0.8177895628461078,0.7708654207685826,自动归类成功
匿名文件_行号_608,数据集3,0,0.7942646223775834,0.6795638480420823,1.1069741533291793,自动归类成功
匿名文件_行号_609,数据集3,0,0.7712564580712998,0.6388299659865513,1.1802649071731872,自动归类成功
匿名文件_行号_610,数据集3,0,0.6402446432209574,0.3843673119813523,1.4505394685352564,自动归类成功
匿名文件_行号_611,数据集3,0,0.8093714685682718,0.7205164052427911,1.0829338850736923,自动归类成功
匿名文件_行号_612,数据集3,0,0.815609998335701,0.714253000387327,1.0281163524639787,自动归类成功
匿名文件_行号_613,数据集3,0,0.8483635926470252,0.7668836166369364,0.8962355086795042,自动归类成功
匿名文件_行号_614,数据集3,0,0.6749285848062998,0.5327031319806877,1.5396116083579476,自动归类成功
匿名文件_行号_615,数据集3,0,0.764620678437923,0.607061097412984,1.1498143935186014,自动归类成功
匿名文件_行号_616,数据集3,0,0.7779806036218456,0.651164878494936,1.1651588268012252,自动归类成功
匿名文件_行号_617,数据集3,0,0.7659450912676067,0.6174324349465785,1.1654452592133007,自动归类成功
匿名文件_行号_618,数据集3,0,0.7234052531814144,0.5664646978811296,1.35169003190615,自动归类成功
匿名文件_行号_619,数据集3,0,0.804046340043022,0.6890963948447012,1.0577564448796448,自动归类成功
匿名文件_行号_620,数据集3,0,0.7519780970471741,0.603435747117506,1.2346329839664356,自动归类成功
匿名文件_行号_621,数据集3,0,0.8477374911136226,0.7628694475913684,0.8931815261544235,自动归类成功
匿名文件_行号_622,数据集3,0,0.8238547008814351,0.7267799173515317,0.9932401633508507,自动归类成功
匿名文件_行号_623,数据集3,0,0.7777994397812794,0.6416486294455759,1.1382316004098392,自动归类成功
匿名文件_行号_624,数据集3,0,0.7970784118232404,0.684260817431121,1.0967125626052334,自动归类成功
匿名文件_行号_625,数据集3,0,0.7788740481185381,0.6555588694108816,1.161400705867006,自动归类成功
匿名文件_行号_626,数据集3,0,0.8282303941769148,0.7347380648181163,0.9798353312891522,自动归类成功
匿名文件_行号_627,数据集3,0,0.8126870527149783,0.7197373619154888,1.0587424853456229,自动归类成功
匿名文件_行号_628,数据集3,0,0.8367087940791955,0.7476301751022089,0.9432762980937406,自动归类成功
匿名文件_行号_629,数据集3,0,0.7706433919757426,0.6220423467600674,1.1464472570519246,自动归类成功
匿名文件_行号_630,数据集3,0,0.8464722368945421,0.7654332051474582,0.9065066190750538,自动归类成功
匿名文件_行号_631,数据集3,0,0.756068856779311,0.6006092962048871,1.1994330666905035,自动归类成功
匿名文件_行号_632,数据集3,0,0.8181465394211076,0.7127419139669731,1.003807686428967,自动归类成功
匿名文件_行号_633,数据集3,0,0.8440874074811794,0.7599032752478837,0.9130817343036658,自动归类成功
匿名文件_行号_634,数据集3,0,0.7484185764628407,0.6283255674069578,1.2985018250702454,自动归类成功
匿名文件_行号_635,数据集3,0,0.8314160169650974,0.7456284081625959,0.9798422630568372,自动归类成功
匿名文件_行号_636,数据集3,0,0.8084463857079118,0.6927044693472606,1.0339441288148676,自动归类成功
匿名文件_行号_637,数据集3,0,0.8510150110473007,0.7835601591953949,0.9076740166272671,自动归类成功
匿名文件_行号_638,数据集3,0,0.7852207238590578,0.6572845351689177,1.1222747334749927,自动归类成功
匿名文件_行号_639,数据集3,0,0.8207295514229243,0.7209885145334508,1.004671021335076,自动归类成功
匿名文件_行号_640,数据集3,0,0.8709135585081064,0.805136808711047,0.8010194318476314,自动归类成功
匿名文件_行号_641,数据集3,0,0.7373456641332679,0.5682200161579407,1.2519222251422784,自动归类成功
匿名文件_行号_642,数据集3,0,0.8504882795693682,0.7735031836392194,0.8928266945526411,自动归类成功
匿名文件_行号_643,数据集3,0,0.743136410340512,0.5811521075307121,1.242753523534286,自动归类成功
匿名文件_行号_644,数据集3,0,0.8330298880265175,0.7456020825497389,0.966218117603993,自动归类成功
匿名文件_行号_645,数据集3,0,0.7976865873764314,0.6799323283244388,1.0860456455636058,自动归类成功
匿名文件_行号_646,数据集3,0,0.8081298379997213,0.6911237283699341,1.0301976439469436,自动归类成功
匿名文件_行号_647,数据集3,0,0.7924375512398959,0.6723515588279064,1.1018649204363706,自动归类成功
匿名文件_行号_648,数据集3,0,0.8563225300102026,0.776305405051366,0.8534095053979738,自动归类成功
匿名文件_行号_649,数据集3,0,0.8288725439732184,0.7308396062815476,0.9641931807874131,自动归类成功
匿名文件_行号_650,数据集3,0,0.8167501289785319,0.7122129573648226,1.0149479243625603,自动归类成功
匿名文件_行号_651,数据集3,0,0.800637945498396,0.7134424614279401,1.1062695876520952,自动归类成功
匿名文件_行号_652,数据集3,0,0.7868559217767245,0.6680769401030702,1.134835240720848,自动归类成功
匿名文件_行号_653,数据集3,0,0.7988412318421457,0.6996671382832214,1.1118099690175478,自动归类成功
匿名文件_行号_654,数据集3,0,0.8440535342644939,0.758191245957837,0.91073157735322,自动归类成功
匿名文件_行号_655,数据集3,0,0.7520304823950228,0.6101427391671468,1.2544651576412498,自动归类成功
匿名文件_行号_656,数据集3,0,0.7463360648685752,0.594757917230576,1.2528513727321817,自动归类成功
匿名文件_行号_657,数据集3,0,0.769395790017032,0.6359938607163758,1.1891295877020565,自动归类成功
匿名文件_行号_658,数据集3,0,0.8347186736198129,0.7451721202761517,0.9525673273596821,自动归类成功
匿名文件_行号_659,数据集3,0,0.8085199890616467,0.7000995922909059,1.048076324839078,自动归类成功
匿名文件_行号_660,数据集3,0,0.764471611601114,0.6310234667694787,1.2093518744326055,自动归类成功
匿名文件_行号_661,数据集3,0,0.779675643905316,0.6550935383050204,1.1617863307910117,自动归类成功
匿名文件_行号_662,数据集3,0,0.7801861539725317,0.6740626622151268,1.1654003501375707,自动归类成功
匿名文件_行号_663,数据集3,0,0.7902883829421786,0.6560890964011581,1.0784539196484395,自动归类成功
匿名文件_行号_664,数据集3,0,0.8130330729150863,0.7113926594964816,1.0390759553103572,自动归类成功
匿名文件_行号_665,数据集3,0,0.8121765684331272,0.7063063582882243,1.0355179495446898,自动归类成功
匿名文件_行号_666,数据集3,0,0.7990688254049482,0.678868490807205,1.0693961940008758,自动归类成功
匿名文件_行号_667,数据集3,0,0.8053162217293167,0.6947085555107211,1.0609907839680497,自动归类成功
匿名文件_行号_668,数据集3,0,0.7490515888840409,0.5882132821831677,1.2185423401163087,自动归类成功
匿名文件_行号_669,数据集3,0,0.7891190457035778,0.6638172972047992,1.1084191076194856,自动归类成功
匿名文件_行号_670,数据集3,0,0.7968109331258404,0.6802465857320472,1.0898115767423164,自动归类成功
匿名文件_行号_671,数据集3,0,0.7591455869479973,0.6105636394886209,1.201430604836304,自动归类成功
匿名文件_行号_672,数据集3,0,0.7401608210450845,0.5889479844493901,1.2879812903336991,自动归类成功
匿名文件_行号_673,数据集3,0,0.8503265610254519,0.7726085540499148,0.8942109398766237,自动归类成功
匿名文件_行号_674,数据集3,0,0.6753800806720631,0.4834313935817939,1.4664350243838111,自动归类成功
匿名文件_行号_675,数据集3,0,0.7995347294708542,0.6889350949744525,1.0894027104373745,自动归类成功
匿名文件_行号_676,数据集3,0,0.8315297410083603,0.7498559351655767,0.9813483356993354,自动归类成功
匿名文件_行号_677,数据集3,0,0.8208985671758963,0.7265126396237502,1.0175800834290922,自动归类成功
匿名文件_行号_678,数据集3,0,0.6347932723168578,0.36645522528661695,1.4341800884240326,自动归类成功
匿名文件_行号_679,数据集3,0,0.8148446684236204,0.7145454396593184,1.0333692785097834,自动归类成功
匿名文件_行号_680,数据集3,0,0.8353489306423159,0.7466359230818979,0.951865462155698,自动归类成功
匿名文件_行号_681,数据集3,0,0.789553576381238,0.6708218353930644,1.1213839863356492,自动归类成功
匿名文件_行号_682,数据集3,0,0.8504327299266755,0.7697908403506634,0.8868599063463093,自动归类成功
匿名文件_行号_683,数据集3,0,0.6474375162631666,0.3906901769982016,1.4143877336226296,自动归类成功
匿名文件_行号_684,数据集3,2,0.5526992772700804,0.29853552038091147,1.7171374260557055,自动归类成功
匿名文件_行号_685,数据集3,0,0.8569100591647562,0.7790747703950914,0.8544993363999444,自动归类成功
匿名文件_行号_686,数据集3,0,0.8278708296852045,0.7343264677941196,0.9797624173164299,自动归类成功
匿名文件_行号_687,数据集3,0,0.8243482121544913,0.7269511624551336,0.9917296890097883,自动归类成功
匿名文件_行号_688,数据集3,0,0.7843864842160869,0.6627538248021388,1.1402424022731965,自动归类成功
匿名文件_行号_689,数据集3,0,0.5990596061661579,0.39380866134972836,1.6726618103547903,自动归类成功
匿名文件_行号_690,数据集3,0,0.8134412719204872,0.7115761272005557,1.038074939798809,自动归类成功
匿名文件_行号_691,数据集3,0,0.7671007237323129,0.6384113248443953,1.2042735515391372,自动归类成功
匿名文件_行号_692,数据集3,0,0.8329629192442883,0.7453201579536812,0.9664923183930366,自动归类成功
匿名文件_行号_693,数据集3,0,0.7627649581033887,0.6030258993607639,1.1489216613159021,自动归类成功
匿名文件_行号_694,数据集3,0,0.8105434783664697,0.7077646988424955,1.0509912395540528,自动归类成功
匿名文件_行号_695,数据集3,0,0.7740724228530835,0.638360578646839,1.1592646417992947,自动归类成功
匿名文件_行号_696,数据集3,0,0.7493743160880445,0.619463323293437,1.284164955299119,自动归类成功
匿名文件_行号_697,数据集3,0,0.8648901253841731,0.7963972701582653,0.83227799396137,自动归类成功
匿名文件_行号_698,数据集3,0,0.7910622346810985,0.6718193267836421,1.112554989056741,自动归类成功
匿名文件_行号_699,数据集3,0,0.8822339601593319,0.8218410671674649,0.7478458029253171,自动归类成功
匿名文件_行号_700,数据集3,0,0.7832171901899123,0.6798248391693165,1.178554220994766,自动归类成功
匿名文件_行号_701,数据集3,0,0.8116166900004296,0.7212467563467844,1.0733288592998942,自动归类成功
匿名文件_行号_702,数据集3,0,0.7649457900863302,0.6294278438891838,1.2016575523892685,自动归类成功
匿名文件_行号_703,数据集3,0,0.7978220548672953,0.6778626654509128,1.0762589908475286,自动归类成功
匿名文件_行号_704,数据集3,0,0.7966803380459205,0.6968359021615198,1.1184549806976094,自动归类成功
匿名文件_行号_705,数据集3,0,0.7952413250660124,0.6665632825691469,1.0707380051126603,自动归类成功
匿名文件_行号_706,数据集3,0,0.8306948002903102,0.7417509994582462,0.9764286184858144,自动归类成功
匿名文件_行号_707,数据集3,0,0.7078085252420906,0.5072595265990835,1.3064486516939569,自动归类成功
匿名文件_行号_708,数据集3,0,0.8767296605867421,0.8156854683320987,0.7788140605585925,自动归类成功
匿名文件_行号_709,数据集3,0,0.7665946524819265,0.6344456335343212,1.2031512868735372,自动归类成功
匿名文件_行号_710,数据集3,0,0.7091715910490664,0.5295660802176789,1.3532570885168216,自动归类成功
匿名文件_行号_711,数据集3,0,0.8452826370725942,0.7806700071853687,0.9368946125349533,自动归类成功
匿名文件_行号_712,数据集3,0,0.7969743773145999,0.6828930431056959,1.0941908353772425,自动归类成功
匿名文件_行号_713,数据集3,0,0.8413899533176802,0.7580248966521782,0.9306470605610396,自动归类成功
匿名文件_行号_714,数据集3,0,0.837354635604822,0.751024322425396,0.9449546478614604,自动归类成功
匿名文件_行号_715,数据集3,0,0.8518443068125465,0.7838879249799832,0.9032514907543084,自动归类成功
匿名文件_行号_716,数据集3,0,0.7996425072038124,0.678107669438481,1.06521991868028,自动归类成功
匿名文件_行号_717,数据集3,0,0.7895237886690147,0.671742711859108,1.1235357837834161,自动归类成功
匿名文件_行号_718,数据集3,0,0.7996948782655137,0.6696623068246782,1.0430994898093875,自动归类成功
匿名文件_行号_719,数据集3,0,0.7588422581183698,0.6408439856229313,1.2765437467638825,自动归类成功
匿名文件_行号_720,数据集3,0,0.745224732552243,0.58882274697984,1.2466023075283794,自动归类成功
匿名文件_行号_721,数据集3,0,0.887587845659582,0.8310618885514655,0.7230540882450465,自动归类成功
匿名文件_行号_722,数据集3,0,0.8338190306559503,0.743051411389623,0.9552356691535413,自动归类成功
匿名文件_行号_723,数据集3,0,0.8311163549139711,0.7420775305853067,0.9715772642091194,自动归类成功
匿名文件_行号_724,数据集3,0,0.8077272207377781,0.7233735632830588,1.0882144879012998,自动归类成功
匿名文件_行号_725,数据集3,0,0.8221281358932786,0.7271467700703961,1.0062535496476763,自动归类成功
匿名文件_行号_726,数据集3,0,0.8032707131776855,0.6833401482717616,1.0486293685535575,自动归类成功
匿名文件_行号_727,数据集3,0,0.6697702289314922,0.4536932984882865,1.4337321365107525,自动归类成功
匿名文件_行号_728,数据集3,0,0.8161210868085664,0.7155539489266004,1.0291504765666302,自动归类成功
匿名文件_行号_729,数据集3,0,0.771511883333977,0.6426524954426351,1.186712022532397,自动归类成功
匿名文件_行号_730,数据集3,0,0.8557187317601537,0.7802843496971925,0.8671085260435879,自动归类成功
匿名文件_行号_731,数据集3,0,0.5944060467118717,0.34384614190114254,1.6480612320787864,自动归类成功
匿名文件_行号_732,数据集3,0,0.7964295693308688,0.6833509349018129,1.1001496309750913,自动归类成功
匿名文件_行号_733,数据集3,0,0.794457129486114,0.6728823141777779,1.0896156691370251,自动归类成功
匿名文件_行号_734,数据集3,0,0.8282254724503634,0.7398428782512094,0.9911920045560783,自动归类成功
匿名文件_行号_735,数据集3,0,0.8514731957416648,0.772452368200704,0.8829369064596241,自动归类成功
匿名文件_行号_736,数据集3,0,0.7836822385425478,0.6616359540028978,1.1427798415727117,自动归类成功
匿名文件_行号_737,数据集3,0,0.8081652768439527,0.6982722819294008,1.0447635020960726,自动归类成功
匿名文件_行号_738,数据集3,0,0.8314948736526204,0.7455158668778441,0.9791977389055339,自动归类成功
匿名文件_行号_739,数据集3,0,0.8136765194332916,0.7002822982189755,1.0086307068834424,自动归类成功
匿名文件_行号_740,数据集3,0,0.7414918427782512,0.5723383082259308,1.2326945095991786,自动归类成功
匿名文件_行号_741,数据集3,0,0.8319159196237564,0.7429758620014038,0.9691052623814065,自动归类成功
匿名文件_行号_742,数据集3,0,0.8364194202645254,0.7611195414146072,0.9720113871753696,自动归类成功
匿名文件_行号_743,数据集3,0,0.6980388825468442,0.580972889369338,1.4741890045273731,自动归类成功
匿名文件_行号_744,数据集3,0,0.8114467937349295,0.7059481756966133,1.0389716407949476,自动归类成功
匿名文件_行号_745,数据集3,0,0.7839494792837147,0.664219264841576,1.1467966948033252,自动归类成功
匿名文件_行号_746,数据集3,0,0.7295430987810356,0.6107718995176165,1.3894716359810382,自动归类成功
匿名文件_行号_747,数据集3,0,0.8070351742868664,0.7072095679059577,1.077583016496032,自动归类成功
匿名文件_行号_748,数据集3,0,0.8393015385604911,0.7523709259655864,0.9377582281137117,自动归类成功
匿名文件_行号_749,数据集3,0,0.7438559213499791,0.58993103284002,1.2606964389579955,自动归类成功
匿名文件_行号_750,数据集3,0,0.752493471650619,0.5863791803652786,1.185159124378181,自动归类成功
匿名文件_行号_751,数据集3,0,0.7798539995806472,0.6505773842230007,1.140296146590372,自动归类成功
匿名文件_行号_752,数据集3,0,0.842146794083904,0.7571827258308391,0.9218077971827869,自动归类成功
匿名文件_行号_753,数据集3,0,0.8140462781870815,0.7236560318683336,1.0577247633730107,自动归类成功
匿名文件_行号_754,数据集3,0,0.8307242777498042,0.7396324022845226,0.9699108454221634,自动归类成功
匿名文件_行号_755,数据集3,0,0.8057915952759982,0.7076921847151064,1.0860032932875565,自动归类成功
匿名文件_行号_756,数据集3,0,0.8612804477032416,0.7887790446731655,0.8438259700207985,自动归类成功
匿名文件_行号_757,数据集3,0,0.8277580555149849,0.7322242353865245,0.9753016118184851,自动归类成功
匿名文件_行号_758,数据集3,-1,0.3981583070843067,0.1114239195659617,2.058249321308167,无法明确归类 (低置信度)
匿名文件_行号_759,数据集3,0,0.790786748615101,0.6783751818990138,1.1273093159529946,自动归类成功
匿名文件_行号_760,数据集3,0,0.8755785987291632,0.8097330288731662,0.7754613380771217,自动归类成功
匿名文件_行号_761,数据集3,0,0.7098900323938011,0.5228165853371102,1.3367706697828998,自动归类成功
匿名文件_行号_762,数据集3,0,0.7931640813938745,0.6831984103085544,1.1217252978427226,自动归类成功
匿名文件_行号_763,数据集3,0,0.7867120437512024,0.6692273919694127,1.1393333311423748,自动归类成功
匿名文件_行号_764,数据集3,0,0.7907327584630672,0.6795696252019805,1.1246039743643867,自动归类成功
匿名文件_行号_765,数据集3,0,0.8855544937096866,0.8278667941706006,0.7333143189844741,自动归类成功
匿名文件_行号_766,数据集3,0,0.8405827536122705,0.7639994228747867,0.9478421151480301,自动归类成功
匿名文件_行号_767,数据集3,0,0.8099690814314222,0.7097932365664652,1.0596354597087014,自动归类成功
匿名文件_行号_768,数据集3,0,0.7900799625941124,0.67500345961856,1.1255472809580727,自动归类成功
匿名文件_行号_769,数据集3,0,0.8916090931163825,0.839166051909676,0.7056044380774523,自动归类成功
匿名文件_行号_770,数据集3,0,0.6950262073141588,0.5713019285466008,1.4706341957764861,自动归类成功
匿名文件_行号_771,数据集3,0,0.8369314911221671,0.7490123528082838,0.9441362794836063,自动归类成功
匿名文件_行号_772,数据集3,0,0.7984601251397029,0.6904907606958006,1.099337915632068,自动归类成功
匿名文件_行号_773,数据集3,0,0.6631075043217906,0.48554747225287,1.5295861903357173,自动归类成功
匿名文件_行号_774,数据集3,0,0.7608233687779887,0.6399521383635042,1.2455653008416452,自动归类成功
匿名文件_行号_775,数据集3,0,0.7652248971165679,0.6365930762723013,1.2201930645061168,自动归类成功
匿名文件_行号_776,数据集3,0,0.857442368254816,0.7821521458020432,0.858903751088684,自动归类成功
匿名文件_行号_777,数据集3,0,0.763017403492434,0.61519396958435,1.1839368535283896,自动归类成功
匿名文件_行号_778,数据集3,0,0.8321980485969619,0.7382876878698839,0.9571111557122995,自动归类成功
匿名文件_行号_779,数据集3,0,0.86418323600247,0.7990578434953556,0.8394271231042061,自动归类成功
匿名文件_行号_780,数据集3,0,0.7721940193491477,0.6443889194118653,1.1823550480817606,自动归类成功
匿名文件_行号_781,数据集3,0,0.7868251204280099,0.6750047871059602,1.1475868098230086,自动归类成功
匿名文件_行号_782,数据集3,0,0.7956289833230868,0.6790436744379604,1.095799307709898,自动归类成功
匿名文件_行号_783,数据集3,0,0.8452357678980349,0.7672000345611438,0.9184332113236447,自动归类成功
匿名文件_行号_784,数据集3,0,0.6989667210281629,0.5174113719357956,1.3999030532240329,自动归类成功
匿名文件_行号_785,数据集3,0,0.7556412155395892,0.6034230817928106,1.203136827338592,自动归类成功
匿名文件_行号_786,数据集3,0,0.825869329353043,0.7305943623557449,0.9875279626412269,自动归类成功
匿名文件_行号_787,数据集3,0,0.710419809328575,0.514919416461066,1.304665276509508,自动归类成功
匿名文件_行号_788,数据集3,0,0.8342230085095509,0.7564942801680242,0.9751710247864543,自动归类成功
匿名文件_行号_789,数据集3,0,0.8055827340752169,0.7035251003269974,1.0780986627811622,自动归类成功
匿名文件_行号_790,数据集3,0,0.6830141753024692,0.46710719576441184,1.375210182824123,自动归类成功
匿名文件_行号_791,数据集3,0,0.8274772554588679,0.7272042110725778,0.9657195966142428,自动归类成功
匿名文件_行号_792,数据集3,0,0.8391177429114557,0.7519787202416719,0.9340025788463838,自动归类成功
匿名文件_行号_793,数据集3,0,0.8089663937487581,0.6962474714633714,1.0361781201612839,自动归类成功
匿名文件_行号_794,数据集3,0,0.8134888974036708,0.7042847226336397,1.0218507489488582,自动归类成功
匿名文件_行号_795,数据集3,0,0.7856502998063833,0.6649265144150912,1.1357047458383485,自动归类成功
匿名文件_行号_796,数据集3,0,0.7268204242827806,0.584129537995272,1.3697109254111826,自动归类成功
匿名文件_行号_797,数据集3,0,0.8466947325747275,0.7648236379152638,0.9042849060637927,自动归类成功
匿名文件_行号_798,数据集3,0,0.8344232924375002,0.7450371196722694,0.9548088522819632,自动归类成功
匿名文件_行号_799,数据集3,0,0.8485997645343701,0.7756556908666128,0.9137789170479861,自动归类成功
匿名文件_行号_800,数据集3,0,0.8240256217361963,0.7283184181543741,0.996162941784253,自动归类成功
匿名文件_行号_801,数据集3,0,0.8513834460347256,0.7741205117312643,0.8891498053402093,自动归类成功
匿名文件_行号_802,数据集3,0,0.7809201967379181,0.6631086255989475,1.1662399884880201,自动归类成功
匿名文件_行号_803,数据集3,0,0.8952708237201161,0.8446550659336446,0.6913794524400847,自动归类成功
匿名文件_行号_804,数据集3,0,0.7283556378396022,0.5825415583316544,1.3249399524776464,自动归类成功
匿名文件_行号_805,数据集3,0,0.7642184845249186,0.6273228750332214,1.2065118231500416,自动归类成功
匿名文件_行号_806,数据集3,0,0.7525477229039433,0.5935181326980483,1.206417707078058,自动归类成功
匿名文件_行号_807,数据集3,0,0.8787115333818002,0.8151423517009334,0.7597252589332396,自动归类成功
匿名文件_行号_808,数据集3,0,0.8237141422360579,0.7290487680763996,1.003070025353885,自动归类成功
匿名文件_行号_809,数据集3,0,0.828775900715726,0.7358165790228572,0.9783462105757817,自动归类成功
匿名文件_行号_810,数据集3,0,0.7991254207632201,0.6834185804268279,1.0797128396942326,自动归类成功
匿名文件_行号_811,数据集3,0,0.8042219730567132,0.695220374756725,1.0687374405310295,自动归类成功
匿名文件_行号_812,数据集3,0,0.775946176534929,0.6512959612860125,1.174571455098752,自动归类成功
匿名文件_行号_813,数据集3,0,0.8086775548973608,0.7088084674210973,1.0640563589052086,自动归类成功
匿名文件_行号_814,数据集3,0,0.7807425573436532,0.6637911793781199,1.1703323358268607,自动归类成功
匿名文件_行号_815,数据集3,0,0.8254049815397551,0.7323147838142702,0.9927720733750902,自动归类成功
匿名文件_行号_816,数据集3,0,0.8664172700909049,0.7947316357329408,0.815874843385584,自动归类成功
匿名文件_行号_817,数据集3,0,0.7963532103337458,0.6828532373350484,1.0984712298533652,自动归类成功
匿名文件_行号_818,数据集3,0,0.806198361207814,0.6964251555377367,1.0574244546690117,自动归类成功
匿名文件_行号_819,数据集3,0,0.8343211411756103,0.7417338675469777,0.9482236311598362,自动归类成功
匿名文件_行号_820,数据集3,0,0.823322105028477,0.7267814925658503,0.9976305092023822,自动归类成功
匿名文件_行号_821,数据集3,0,0.8195016922851128,0.7324926542816603,1.0334736767719979,自动归类成功
匿名文件_行号_822,数据集3,0,0.6338047835320294,0.4810896184819331,1.6215143542602526,自动归类成功
匿名文件_行号_823,数据集3,0,0.786690790735758,0.6770116178804847,1.1565863962099918,自动归类成功
匿名文件_行号_824,数据集3,0,0.8618226802734947,0.7907783962243031,0.84413530377178,自动归类成功
匿名文件_行号_825,数据集3,0,0.8207508702139271,0.7206964420040209,1.0045646194296147,自动归类成功
匿名文件_行号_826,数据集3,0,0.779955395726464,0.6590045163589597,1.163059209242348,自动归类成功
匿名文件_行号_827,数据集3,0,0.8176135930589136,0.7215317742000323,1.0288904877702802,自动归类成功
匿名文件_行号_828,数据集3,0,0.7551150044246714,0.6172579189253397,1.2505550240270293,自动归类成功
匿名文件_行号_829,数据集3,0,0.8108186596366447,0.7002848614024988,1.031826139526014,自动归类成功
匿名文件_行号_830,数据集3,0,0.7739664792517054,0.6542894506148687,1.1897742078245348,自动归类成功
匿名文件_行号_831,数据集3,0,0.8330416635168209,0.7374531112190829,0.9493700015327105,自动归类成功
匿名文件_行号_832,数据集3,0,0.8411418387412216,0.755299493172093,0.9274476360310999,自动归类成功
匿名文件_行号_833,数据集3,0,0.8439624603479069,0.7634121147099766,0.9223319474705501,自动归类成功
匿名文件_行号_834,数据集3,0,0.7744491042404614,0.6353154288414726,1.1483555660699736,自动归类成功
匿名文件_行号_835,数据集3,0,0.7424953487942058,0.5776618933895249,1.2390158807952094,自动归类成功
匿名文件_行号_836,数据集3,0,0.8701984460031134,0.8022735840478311,0.8022571653097793,自动归类成功
匿名文件_行号_837,数据集3,0,0.8636868113696458,0.7947565808941942,0.8355677798624473,自动归类成功
匿名文件_行号_838,数据集3,0,0.7125328794843437,0.5251892153321143,1.3220478695052318,自动归类成功
匿名文件_行号_839,数据集3,0,0.8410747997133957,0.7577618466136659,0.9323426313165096,自动归类成功
匿名文件_行号_840,数据集3,0,0.8313958076508727,0.738865106039588,0.9643907610681687,自动归类成功
匿名文件_行号_841,数据集3,0,0.7624587512715054,0.621320157141301,1.2029504482855564,自动归类成功
匿名文件_行号_842,数据集3,0,0.8353630368811304,0.7460111106572276,0.950211559947988,自动归类成功
匿名文件_行号_843,数据集3,0,0.7972510534359551,0.6938897584101098,1.1094742731585876,自动归类成功
匿名文件_行号_844,数据集3,0,0.7906188413630958,0.7078478677368194,1.1587330224004295,自动归类成功
匿名文件_行号_845,数据集3,0,0.7630546454410998,0.6272467427114186,1.2168881502196338,自动归类成功
匿名文件_行号_846,数据集3,0,0.810070573742038,0.7024991876287197,1.045190385303943,自动归类成功
匿名文件_行号_847,数据集3,0,0.7790681039629983,0.6520186836616012,1.1544381527735403,自动归类成功
匿名文件_行号_848,数据集3,0,0.7330645898167458,0.590673697399442,1.3403793490588813,自动归类成功
匿名文件_行号_849,数据集3,0,0.8180256228384922,0.7131576114996728,1.0071006261935742,自动归类成功
匿名文件_行号_850,数据集3,0,0.8479691703208726,0.7717579962413731,0.9088736417202945,自动归类成功
匿名文件_行号_851,数据集3,0,0.7684337070491233,0.6383907734059417,1.1990807465646531,自动归类成功
匿名文件_行号_852,数据集3,0,0.8199560785008211,0.7251446199631963,1.0205188179420397,自动归类成功
匿名文件_行号_853,数据集3,0,0.8597899265475033,0.7889705793022453,0.8488263272665161,自动归类成功
匿名文件_行号_854,数据集3,0,0.5914336447713358,0.30159087276201896,1.5535454006914347,自动归类成功
匿名文件_行号_855,数据集3,0,0.8458484984761521,0.7598870497336517,0.8998645610882889,自动归类成功
匿名文件_行号_856,数据集3,0,0.7420106078633648,0.6135503227294125,1.3066778826750283,自动归类成功
匿名文件_行号_857,数据集3,0,0.8157643616559916,0.7137105276059885,1.0269395714018568,自动归类成功
匿名文件_行号_858,数据集3,0,0.8106957203949694,0.6950929168055746,1.0204926655638127,自动归类成功
匿名文件_行号_859,数据集3,0,0.8261190037784019,0.7303269851802111,0.9852145198650917,自动归类成功
匿名文件_行号_860,数据集3,0,0.7846732657303376,0.6666415307406532,1.147251758230432,自动归类成功
匿名文件_行号_861,数据集3,0,0.7696439870897054,0.6378302898892338,1.1934357049257922,自动归类成功
匿名文件_行号_862,数据集3,0,0.8049494545394336,0.6994937783284055,1.0656508547512684,自动归类成功
匿名文件_行号_863,数据集3,0,0.8112723453786915,0.7054034619881291,1.0409975050683595,自动归类成功
匿名文件_行号_864,数据集3,0,0.8265354945229499,0.7331350153332764,0.9867675403025594,自动归类成功
匿名文件_行号_865,数据集3,0,0.7559719047377179,0.6302435079612152,1.2607103160851314,自动归类成功
匿名文件_行号_866,数据集3,0,0.794542850769476,0.6789890978366214,1.1069558859218,自动归类成功
匿名文件_行号_867,数据集3,0,0.7892328511331802,0.6712536095014112,1.1242842610638275,自动归类成功
匿名文件_行号_868,数据集3,0,0.8200775932488319,0.7208679649948346,1.0095246923390313,自动归类成功
匿名文件_行号_869,数据集3,0,0.8528313682246731,0.7716642508656063,0.8724944208773945,自动归类成功
匿名文件_行号_870,数据集3,0,0.8433601355805684,0.7595255890545028,0.9180701009673312,自动归类成功
匿名文件_行号_871,数据集3,0,0.6338891126246379,0.380186335153687,1.4824856271841094,自动归类成功
匿名文件_行号_872,数据集3,0,0.8421618699264727,0.7696533550709013,0.9471516146463465,自动归类成功
匿名文件_行号_873,数据集3,0,0.8648590635370931,0.8012229389452408,0.8433899412235873,自动归类成功
匿名文件_行号_874,数据集3,0,0.774100217928535,0.6437433544527962,1.1728304891478973,自动归类成功
匿名文件_行号_875,数据集3,0,0.8348678633715577,0.7511595574769852,0.9633676822712909,自动归类成功
匿名文件_行号_876,数据集3,0,0.8166092280706579,0.7163565422114971,1.0245719973312084,自动归类成功
匿名文件_行号_877,数据集3,0,0.8614872848333179,0.7948955358169861,0.8528875783228808,自动归类成功
匿名文件_行号_878,数据集3,0,0.7694276961344383,0.6319516781688266,1.1753270224574013,自动归类成功
匿名文件_行号_879,数据集3,0,0.8512084087395654,0.773944127573397,0.8892044610201588,自动归类成功
匿名文件_行号_880,数据集3,0,0.741759712586053,0.6187342408478169,1.313848386490427,自动归类成功
匿名文件_行号_881,数据集3,0,0.6535085460574055,0.3956384098569163,1.3805918092600986,自动归类成功
匿名文件_行号_882,数据集3,0,0.8483877888665601,0.7775303400221782,0.9203077194760025,自动归类成功
匿名文件_行号_883,数据集3,0,0.8777491370853019,0.8138972403218522,0.767160779251681,自动归类成功
匿名文件_行号_884,数据集3,0,0.7691945593678277,0.621393224349896,1.1508396935813254,自动归类成功
匿名文件_行号_885,数据集3,0,0.8150206665903263,0.7040168026548201,1.0074899896082796,自动归类成功
匿名文件_行号_886,数据集3,0,0.8470115975391231,0.7742669541622482,0.9196239072559605,自动归类成功
匿名文件_行号_887,数据集3,0,0.8082787710617011,0.7297946000253741,1.098897508548455,自动归类成功
匿名文件_行号_888,数据集3,0,0.7891547311688593,0.6868268148494711,1.146943479317735,自动归类成功
匿名文件_行号_889,数据集3,0,0.8218947622212441,0.7329663155976878,1.024971057258921,自动归类成功
匿名文件_行号_890,数据集3,0,0.8142406347629996,0.7134284749504675,1.0348290075891702,自动归类成功
匿名文件_行号_891,数据集3,0,0.8006118077431765,0.702554029776028,1.099823037572512,自动归类成功
匿名文件_行号_892,数据集3,0,0.8634624551360007,0.7916018246563521,0.8315072574405641,自动归类成功
匿名文件_行号_893,数据集3,0,0.8486836764257245,0.7703979593475806,0.9007268120404136,自动归类成功
匿名文件_行号_894,数据集3,0,0.7798055861214971,0.6449542172349918,1.1319055411240198,自动归类成功
匿名文件_行号_895,数据集3,0,0.8295761134454077,0.7329856827400808,0.9642244205836978,自动归类成功
匿名文件_行号_896,数据集3,0,0.84783185339259,0.7635913834229104,0.8928424691616036,自动归类成功
匿名文件_行号_897,数据集3,0,0.79155207274613,0.6888319705525464,1.1490052813142109,自动归类成功
匿名文件_行号_898,数据集3,0,0.6460367082163178,0.42892491962726864,1.5296869572002563,自动归类成功
匿名文件_行号_899,数据集3,0,0.8500851891506347,0.7710262498897464,0.8920306193232577,自动归类成功
匿名文件_行号_900,数据集3,0,0.7802164441147205,0.6878033354167925,1.192631729745766,自动归类成功
匿名文件_行号_901,数据集3,0,0.8478107009866123,0.7657139496183529,0.8981685548250611,自动归类成功
匿名文件_行号_902,数据集3,0,0.8294841696535694,0.7410024485006133,0.984632441749892,自动归类成功
匿名文件_行号_903,数据集3,2,0.8371020324493259,0.7242396849861077,0.8668716537097925,自动归类成功
匿名文件_行号_904,数据集3,0,0.8242748335868015,0.7347488712780373,1.0067799993782864,自动归类成功
匿名文件_行号_905,数据集3,0,0.8100617747711694,0.7069240006225934,1.0537700129571983,自动归类成功
匿名文件_行号_906,数据集3,0,0.8111341292939438,0.706507241425052,1.043619592108889,自动归类成功
匿名文件_行号_907,数据集3,0,0.7820088671528198,0.659013102174417,1.1476452528293817,自动归类成功
匿名文件_行号_908,数据集3,0,0.8363062607010041,0.7592752248244776,0.9680950692365942,自动归类成功
匿名文件_行号_909,数据集3,0,0.8259156408511015,0.7353001613164,0.991831699904629,自动归类成功
匿名文件_行号_910,数据集3,0,0.8094913918171931,0.7068811827819574,1.0581184528490517,自动归类成功
匿名文件_行号_911,数据集3,0,0.8471021508832657,0.7716340717339674,0.9147959596823281,自动归类成功
匿名文件_行号_912,数据集3,0,0.8411567098816338,0.7617785118428159,0.9396098895801412,自动归类成功
匿名文件_行号_913,数据集3,0,0.7312065368415241,0.5517279973108584,1.2537355013358984,自动归类成功
匿名文件_行号_914,数据集3,0,0.8646689329528241,0.7959535071640425,0.8326856146645745,自动归类成功
匿名文件_行号_915,数据集3,0,0.8200047344357333,0.7191505755075612,1.0065475719370949,自动归类成功
匿名文件_行号_916,数据集3,0,0.8354454110222101,0.7562066429526205,0.9642881932414649,自动归类成功
匿名文件_行号_917,数据集3,0,0.7701894601050032,0.6467497648017397,1.204513253245075,自动归类成功
匿名文件_行号_918,数据集3,0,0.8156959908699954,0.7101169164472182,1.016791254096014,自动归类成功
匿名文件_行号_919,数据集3,0,0.8217835108227547,0.7344595222970041,1.020034975515682,自动归类成功
匿名文件_行号_920,数据集3,0,0.7264037396172498,0.6140909276627506,1.352907077389107,自动归类成功
匿名文件_行号_921,数据集3,0,0.7163762038652767,0.5402798191366177,1.3333816888489605,自动归类成功
匿名文件_行号_922,数据集3,0,0.7723719198987883,0.6315812806497099,1.1537375738789617,自动归类成功
匿名文件_行号_923,数据集3,0,0.7023739784673666,0.5060980024961007,1.3419242661779203,自动归类成功
匿名文件_行号_924,数据集3,0,0.8315748513579224,0.7432358084062582,0.9707533109107955,自动归类成功
匿名文件_行号_925,数据集3,0,0.8241548832528094,0.7268385414179321,0.9923262396970776,自动归类成功
匿名文件_行号_926,数据集3,0,0.8373808291591074,0.7500486904350054,0.9442937872288228,自动归类成功
匿名文件_行号_927,数据集3,0,0.8135078249602294,0.7134646733773464,1.043934849929515,自动归类成功
匿名文件_行号_928,数据集3,0,0.7998713801416166,0.679975976147325,1.0662561408233844,自动归类成功
匿名文件_行号_929,数据集3,0,0.6786236796113017,0.49070174697970687,1.4592968475244643,自动归类成功
匿名文件_行号_930,数据集3,0,0.5362729676463308,0.1800275657315884,1.5587411039348238,自动归类成功
匿名文件_行号_931,数据集3,0,0.8562662693226422,0.7933963422828963,0.8886596727727887,自动归类成功
匿名文件_行号_932,数据集3,0,0.8854792796944597,0.8273776717935309,0.730848192087137,自动归类成功
匿名文件_行号_933,数据集3,0,0.8253725171279567,0.7210978000262082,0.9700002327804592,自动归类成功
匿名文件_行号_934,数据集3,0,0.6418271265433758,0.38840975651026755,1.4510301470642994,自动归类成功
匿名文件_行号_935,数据集3,0,0.8346074423530254,0.7544044676863875,0.9725616058882433,自动归类成功
匿名文件_行号_936,数据集3,0,0.7222734326519235,0.5334724256190202,1.2704363835707393,自动归类成功
匿名文件_行号_937,数据集3,0,0.782667713996873,0.6576339917708326,1.142850543706828,自动归类成功
匿名文件_行号_938,数据集3,0,0.8760571359632762,0.8117434798005426,0.7757828264332506,自动归类成功
匿名文件_行号_939,数据集3,0,0.8254647147695593,0.7370618295370283,1.0041147070736902,自动归类成功
匿名文件_行号_940,数据集3,0,0.6783151955682347,0.45286865483176586,1.3680370608108434,自动归类成功
匿名文件_行号_941,数据集3,0,0.6538725386104518,0.41570562236922437,1.4400824171186681,自动归类成功
匿名文件_行号_942,数据集3,0,0.79329610088555,0.6790941952281442,1.115975623973147,自动归类成功
匿名文件_行号_943,数据集3,-1,0.45474838720012245,0.06009595805261947,1.7344147066633657,多类别特征 (倾向类别 4 与 0)
匿名文件_行号_944,数据集3,0,0.7875732283294322,0.6698800718522442,1.1319827399843638,自动归类成功
匿名文件_行号_945,数据集3,0,0.8260520815622476,0.725558437847864,0.9748449400267218,自动归类成功
匿名文件_行号_946,数据集3,0,0.8481072747926982,0.7723477379304339,0.9103079778397166,自动归类成功
匿名文件_行号_947,数据集3,0,0.6856525540160799,0.5286800563270802,1.5100035829658272,自动归类成功
匿名文件_行号_948,数据集3,0,0.7782499998994236,0.6541101952517013,1.1656819389442108,自动归类成功
匿名文件_行号_949,数据集3,0,0.8249075304987484,0.7298936638435977,0.992702130499985,自动归类成功
匿名文件_行号_950,数据集3,0,0.8324981118653474,0.7410046455691999,0.9608678197222874,自动归类成功
匿名文件_行号_951,数据集3,0,0.8567169347155338,0.7794626046275058,0.8565094892567547,自动归类成功
匿名文件_行号_952,数据集3,0,0.7943957795008423,0.6795671251910896,1.1056908636698528,自动归类成功
匿名文件_行号_953,数据集3,0,0.8295599684718508,0.7338539600623596,0.9667002139453807,自动归类成功
匿名文件_行号_954,数据集3,0,0.7685149723185878,0.6439525434540987,1.2149629254238612,自动归类成功
匿名文件_行号_955,数据集3,0,0.746425083539783,0.5977634053181115,1.263543905574326,自动归类成功
匿名文件_行号_956,数据集3,2,0.7973968624068025,0.6839886358680316,1.0673105964091418,自动归类成功
匿名文件_行号_957,数据集3,0,0.7886791588279335,0.6694082307430125,1.1228041951445746,自动归类成功
匿名文件_行号_958,数据集3,0,0.7867669977545697,0.6769943957240927,1.1530145455301826,自动归类成功
匿名文件_行号_959,数据集3,0,0.7316550655203415,0.6233271720577218,1.357502885603931,自动归类成功
匿名文件_行号_960,数据集3,0,0.8507808231054433,0.7739285177834068,0.8915274150670871,自动归类成功
匿名文件_行号_961,数据集3,0,0.7530222451607126,0.602769976941777,1.2253911082145548,自动归类成功
匿名文件_行号_962,数据集3,0,0.8247282223466978,0.7247259571181588,0.982701913914593,自动归类成功
匿名文件_行号_963,数据集3,0,0.8340701942335867,0.7444366356492444,0.9555440415621835,自动归类成功
匿名文件_行号_964,数据集3,0,0.7959563704994236,0.6746879286540258,1.0837805896305384,自动归类成功
匿名文件_行号_965,数据集3,0,0.8674306334656223,0.8044428793457782,0.8233449129783127,自动归类成功
匿名文件_行号_966,数据集3,0,0.823970871516866,0.7279138728419069,0.9965652480093025,自动归类成功
匿名文件_行号_967,数据集3,0,0.7196026685572404,0.5431322634537916,1.3173651493890348,自动归类成功
匿名文件_行号_968,数据集3,0,0.8327244082100308,0.7425608970355083,0.9617709607659233,自动归类成功
匿名文件_行号_969,数据集3,0,0.7788101732093831,0.6538643596063428,1.1612785897552798,自动归类成功
匿名文件_行号_970,数据集3,0,0.8052858731346507,0.7023262452252594,1.078206250175343,自动归类成功
匿名文件_行号_971,数据集3,0,0.8056858866414702,0.6976131907881851,1.0624771542359386,自动归类成功
匿名文件_行号_972,数据集3,0,0.7968726594161015,0.6762979059217921,1.0824452027799936,自动归类成功
匿名文件_行号_973,数据集3,0,0.6186859095420637,0.4567387390921652,1.6946400033995823,自动归类成功
匿名文件_行号_974,数据集3,0,0.8036451959433698,0.6940862993840856,1.0711260802212008,自动归类成功
匿名文件_行号_975,数据集3,0,0.8413497762324289,0.7561336262071292,0.9267465117866261,自动归类成功
匿名文件_行号_976,数据集3,0,0.8052281954048526,0.6955267037607095,1.0554243634635403,自动归类成功
匿名文件_行号_977,数据集3,0,0.8338612404591154,0.7466042543460428,0.9635949894270011,自动归类成功
匿名文件_行号_978,数据集3,0,0.6704401659857377,0.4215296689915021,1.3299556845078018,自动归类成功
匿名文件_行号_979,数据集3,0,0.8053492127279892,0.7033000887754718,1.0786347867757329,自动归类成功
匿名文件_行号_980,数据集3,0,0.7879764481370126,0.6583284274057764,1.1028736362681517,自动归类成功
匿名文件_行号_981,数据集3,0,0.7906511920136566,0.6621124843497563,1.09218436387608,自动归类成功
匿名文件_行号_982,数据集3,0,0.8344975252909231,0.747355644878745,0.960222796479564,自动归类成功
匿名文件_行号_983,数据集3,0,0.8016235172944767,0.6902159241825172,1.0752952185637896,自动归类成功
匿名文件_行号_984,数据集3,0,0.7647049000338874,0.6315595582490187,1.2095893199194943,自动归类成功
匿名文件_行号_985,数据集3,0,0.7374311489717089,0.5724141895576024,1.2606350348329414,自动归类成功
匿名文件_行号_986,数据集3,0,0.8166253691139689,0.7068084380421137,1.002386299487349,自动归类成功
匿名文件_行号_987,数据集3,0,0.6563716841447705,0.41691878651876957,1.4250289454705125,自动归类成功
匿名文件_行号_988,数据集3,0,0.8306824196341422,0.7340687819589791,0.9594680650580831,自动归类成功
匿名文件_行号_989,数据集3,0,0.7848059438994389,0.6638785824725701,1.1379343834760913,自动归类成功
匿名文件_行号_990,数据集3,0,0.8138946940540421,0.6994906322167478,1.0062435878843516,自动归类成功
匿名文件_行号_991,数据集3,0,0.8297592595516966,0.7384707489864584,0.9760747854752707,自动归类成功
匿名文件_行号_992,数据集3,0,0.8761471205628645,0.8135819289154617,0.779106854385894,自动归类成功
匿名文件_行号_993,数据集3,0,0.8116191563520775,0.7008563957736423,1.0302972397420829,自动归类成功
匿名文件_行号_994,数据集3,0,0.8377393935250523,0.7586250113881777,0.959798451209613,自动归类成功
匿名文件_行号_995,数据集3,0,0.8503337014820209,0.7727207633570249,0.8939487037107242,自动归类成功
匿名文件_行号_996,数据集3,0,0.6774947127548617,0.4610957476175025,1.401629468505239,自动归类成功
匿名文件_行号_997,数据集3,0,0.5079302520932869,0.16780904638024818,1.7145538670499993,自动归类成功
匿名文件_行号_998,数据集3,0,0.7949981773846703,0.6823729035684364,1.107039718869762,自动归类成功
匿名文件_行号_999,数据集3,0,0.7659096493140758,0.6322452900691141,1.2031868313357346,自动归类成功
匿名文件_行号_1000,数据集3,0,0.7479745071136671,0.6216820773712238,1.2884813549141296,自动归类成功
匿名文件_行号_1001,数据集3,0,0.7241958504212939,0.5586312682959819,1.3196294477829402,自动归类成功
匿名文件_行号_1002,数据集3,0,0.887180586639455,0.8310056917668955,0.7272267853832606,自动归类成功
匿名文件_行号_1003,数据集3,0,0.8318010020376733,0.7461045429108986,0.9793044941455528,自动归类成功
匿名文件_行号_1004,数据集3,0,0.7614667827623466,0.6170215803072754,1.200018253969514,自动归类成功
匿名文件_行号_1005,数据集3,0,0.8132572004398664,0.7089929210459492,1.033304011611284,自动归类成功
匿名文件_行号_1006,数据集3,0,0.8602858547793086,0.7868979853364036,0.84684432363241,自动归类成功
匿名文件_行号_1007,数据集3,0,0.7594333099748652,0.6039460545579557,1.1803970729417472,自动归类成功
匿名文件_行号_1008,数据集3,0,0.8304669920335769,0.7407794312758851,0.9769638612201752,自动归类成功
匿名文件_行号_1009,数据集3,0,0.7776704406196516,0.6873663540254705,1.2025928446477445,自动归类成功
匿名文件_行号_1010,数据集3,0,0.8204698035526822,0.7185115851369763,1.0013697174479357,自动归类成功
匿名文件_行号_1011,数据集3,0,0.8257236225167128,0.7345991230706423,0.9990699864850662,自动归类成功
匿名文件_行号_1012,数据集3,0,0.827268902904279,0.7364268806119134,0.9904088184700918,自动归类成功
匿名文件_行号_1013,数据集3,0,0.8768507996799314,0.810988780198287,0.7680793495249918,自动归类成功
匿名文件_行号_1014,数据集3,0,0.8099416979527305,0.7055858015858528,1.0488878544072096,自动归类成功
匿名文件_行号_1015,数据集3,-1,0.49184350839999214,0.0967939674237826,1.5963671416400274,多类别特征 (倾向类别 0 与 4)
匿名文件_行号_1016,数据集3,0,0.8632959867804928,0.799118281821272,0.8486303593530918,自动归类成功
匿名文件_行号_1017,数据集3,0,0.7777388007112699,0.634138013401125,1.1193847083390778,自动归类成功
匿名文件_行号_1018,数据集3,0,0.8166896572343747,0.7122581416219668,1.013502003311191,自动归类成功
匿名文件_行号_1019,数据集3,0,0.7574637077194418,0.6675460194224137,1.312522683603708,自动归类成功
匿名文件_行号_1020,数据集3,0,0.81683914287455,0.7264205611721548,1.0391742725368853,自动归类成功
匿名文件_行号_1021,数据集3,0,0.7797176795882791,0.6465259350680364,1.1363973221907173,自动归类成功
匿名文件_行号_1022,数据集3,0,0.8529719152588622,0.7778250868309466,0.8863191155155923,自动归类成功
匿名文件_行号_1023,数据集3,0,0.8271224009172697,0.7333846675524703,0.9875096498357604,自动归类成功
匿名文件_行号_1024,数据集3,0,0.8116359218436359,0.6977693159232536,1.0198063233016723,自动归类成功
匿名文件_行号_1025,数据集3,0,0.8422197767497989,0.761690352806232,0.9301677118835655,自动归类成功
匿名文件_行号_1026,数据集3,0,0.7916186855133216,0.6760704520701765,1.1208120404037287,自动归类成功
匿名文件_行号_1027,数据集3,0,0.8072699392425449,0.7004508684761556,1.0589139673488803,自动归类成功
匿名文件_行号_1028,数据集3,0,0.8537309208022743,0.7746941901678185,0.8732184473010496,自动归类成功
匿名文件_行号_1029,数据集3,0,0.8617071696397783,0.78667217900829,0.8356157742073878,自动归类成功
匿名文件_行号_1030,数据集3,0,0.821439068285593,0.7136545945275838,0.982131287889346,自动归类成功
匿名文件_行号_1031,数据集3,0,0.8230824010584361,0.729333361807913,1.0053597706835264,自动归类成功
匿名文件_行号_1032,数据集3,0,0.7346188331335082,0.5717589542936499,1.2812826178221406,自动归类成功
匿名文件_行号_1033,数据集3,0,0.8102043986364974,0.7062993062711721,1.0506204183499228,自动归类成功
匿名文件_行号_1034,数据集3,0,0.8187473054381034,0.7203700025104322,1.0167838341876865,自动归类成功
匿名文件_行号_1035,数据集3,0,0.748601323785579,0.6049090204693642,1.2649780469889442,自动归类成功
匿名文件_行号_1036,数据集3,0,0.8085192346045931,0.7031171329860634,1.053734670756895,自动归类成功
匿名文件_行号_1037,数据集3,0,0.6324274638821676,0.3874531353780556,1.5116811122971725,自动归类成功
匿名文件_行号_1038,数据集3,0,0.8107968633035053,0.6901161905183387,1.006338686306679,自动归类成功
匿名文件_行号_1039,数据集3,0,0.8099234952857337,0.7046385127485071,1.0473297017089302,自动归类成功
匿名文件_行号_1040,数据集3,0,0.8393673308196608,0.7607819074699913,0.9527953669792173,自动归类成功
匿名文件_行号_1041,数据集3,0,0.7717559105528616,0.6421485868139624,1.1834739086771,自动归类成功
匿名文件_行号_1042,数据集3,0,0.8111434471144663,0.7069477669541657,1.0441264904568754,自动归类成功
匿名文件_行号_1043,数据集3,0,0.8325542327043862,0.7417265620191215,0.9612817794240619,自动归类成功
匿名文件_行号_1044,数据集3,0,0.5763788444707181,0.2745502572083157,1.5787269259519372,自动归类成功
匿名文件_行号_1045,数据集3,0,0.7776553196257266,0.6456198361330923,1.1528323587175258,自动归类成功
匿名文件_行号_1046,数据集3,0,0.7808765693125426,0.6581022431224909,1.1557593052358883,自动归类成功
匿名文件_行号_1047,数据集3,0,0.8544540047045471,0.7790525912598846,0.8746397833401343,自动归类成功
匿名文件_行号_1048,数据集3,0,0.792161464549779,0.6636561834496175,1.0843507908182959,自动归类成功
匿名文件_行号_1049,数据集3,0,0.8369066890877112,0.745737894053436,0.937967197614943,自动归类成功
匿名文件_行号_1050,数据集3,0,0.8289925922275186,0.7395430964711431,0.9882440263090733,自动归类成功
匿名文件_行号_1051,数据集3,0,0.7699522804827565,0.6482227266011773,1.2144616178212584,自动归类成功
匿名文件_行号_1052,数据集3,0,0.7500714557788964,0.5958083911576795,1.2302054816508836,自动归类成功
匿名文件_行号_1053,数据集3,0,0.6875497892255193,0.5443876500371782,1.4808389458076137,自动归类成功
匿名文件_行号_1054,数据集3,0,0.8534012620727948,0.7818925967004232,0.889526429799698,自动归类成功
匿名文件_行号_1055,数据集3,0,0.8497175469465597,0.7711487577194287,0.8944030792262673,自动归类成功
匿名文件_行号_1056,数据集3,0,0.8194980010626479,0.726603782526422,1.027698022764115,自动归类成功
匿名文件_行号_1057,数据集3,0,0.8318777230381046,0.7475986769233487,0.9791113410585794,自动归类成功
匿名文件_行号_1058,数据集3,0,0.8274228705842652,0.7335078902013418,0.981416001407962,自动归类成功
匿名文件_行号_1059,数据集3,0,0.8267837864937408,0.7427219818214451,1.0031090112742025,自动归类成功
匿名文件_行号_1060,数据集3,0,0.8456111238550295,0.768210768696595,0.9164513500596264,自动归类成功
匿名文件_行号_1061,数据集3,0,0.8868640795796766,0.8344528356172536,0.7370339850475716,自动归类成功
匿名文件_行号_1062,数据集3,0,0.8300350854385392,0.7401414769906369,0.980147889153136,自动归类成功
匿名文件_行号_1063,数据集3,0,0.7982314456559984,0.6821568557326029,1.0880225054895905,自动归类成功
匿名文件_行号_1064,数据集3,0,0.8190546643483508,0.7198941363809226,1.0142776991012483,自动归类成功
匿名文件_行号_1065,数据集3,0,0.8556276668411368,0.7778079745141506,0.8641270913926096,自动归类成功
匿名文件_行号_1066,数据集3,0,0.7752886770443572,0.6425308638529441,1.1590851791847032,自动归类成功
匿名文件_行号_1067,数据集3,0,0.7864316875288841,0.6652621627612297,1.1338354515768374,自动归类成功
匿名文件_行号_1068,数据集3,0,0.7507584743104875,0.6321980151912541,1.2821481507168737,自动归类成功
匿名文件_行号_1069,数据集3,0,0.8073633044232863,0.7142847140679729,1.0768519475069205,自动归类成功
匿名文件_行号_1070,数据集3,0,0.8084497170049108,0.6993081172675075,1.046491909493052,自动归类成功
匿名文件_行号_1071,数据集3,0,0.8497592569985765,0.7703484558130181,0.8906750055172415,自动归类成功
匿名文件_行号_1072,数据集3,0,0.7922250874818493,0.6719442903626122,1.104845847951458,自动归类成功
匿名文件_行号_1073,数据集3,0,0.8647428791972956,0.7902597911738964,0.8178052034034949,自动归类成功
匿名文件_行号_1074,数据集3,0,0.8131867864568623,0.7081793964449876,1.0309554259335905,自动归类成功
匿名文件_行号_1075,数据集3,0,0.8247474668402747,0.7282415641916493,0.9891007869651453,自动归类成功
匿名文件_行号_1076,数据集3,0,0.8034576552924043,0.6964987323241506,1.0739534876772692,自动归类成功
匿名文件_行号_1077,数据集3,0,0.7538447033129507,0.6072165915415026,1.2346879199798626,自动归类成功
匿名文件_行号_1078,数据集3,0,0.7914588546361038,0.6755866744063701,1.1170017933112573,自动归类成功
匿名文件_行号_1079,数据集3,0,0.8194320942683688,0.7182168436577274,1.008663801791389,自动归类成功
匿名文件_行号_1080,数据集3,0,0.5255079203249453,0.2899519645268357,1.881676463223276,自动归类成功
匿名文件_行号_1081,数据集3,0,0.8029138969712439,0.6862535194131664,1.058587911315601,自动归类成功
匿名文件_行号_1082,数据集3,0,0.8708205839325767,0.8065004001088978,0.8053348957877449,自动归类成功
匿名文件_行号_1083,数据集3,0,0.8364720748709049,0.7488273155710143,0.9459465179437493,自动归类成功
匿名文件_行号_1084,数据集3,0,0.8320705183464709,0.7450265510751872,0.9698511859940403,自动归类成功
匿名文件_行号_1085,数据集3,0,0.8225670424995416,0.7333371525438318,1.010323691599883,自动归类成功
匿名文件_行号_1086,数据集3,0,0.8379043965657544,0.7617204662049545,0.9637763722178687,自动归类成功
匿名文件_行号_1087,数据集3,0,0.7274862384703642,0.554220227744216,1.2884658055277576,自动归类成功
匿名文件_行号_1088,数据集3,0,0.7727970219143552,0.651895406272341,1.2018517842215262,自动归类成功
匿名文件_行号_1089,数据集3,0,0.8237746033879761,0.7251276987833317,0.9931031293713634,自动归类成功
匿名文件_行号_1090,数据集3,0,0.754596490702386,0.6224855918978726,1.2493673323825876,自动归类成功
匿名文件_行号_1091,数据集3,0,0.7789621214832363,0.649816018863917,1.1491212723149766,自动归类成功
匿名文件_行号_1092,数据集3,0,0.7836367901426451,0.6568849561810528,1.1340250936240848,自动归类成功
匿名文件_行号_1093,数据集3,0,0.849946898211981,0.7687033802883846,0.8879750837189979,自动归类成功
匿名文件_行号_1094,数据集3,0,0.6865426783184537,0.5606195467170998,1.5253617832884538,自动归类成功
匿名文件_行号_1095,数据集3,0,0.8382930422269161,0.7531483549543823,0.9434498732378749,自动归类成功
匿名文件_行号_1096,数据集3,0,0.7845893732400446,0.6620042559900023,1.1384180934835693,自动归类成功
匿名文件_行号_1097,数据集3,0,0.8410194481778617,0.7517323420738651,0.9194130179466993,自动归类成功
匿名文件_行号_1098,数据集3,0,0.8375472092367766,0.7509611803738676,0.9430052025578576,自动归类成功
匿名文件_行号_1099,数据集3,0,0.8079543268574517,0.7053482681308484,1.0687985856439985,自动归类成功
匿名文件_行号_1100,数据集3,0,0.8178532657106057,0.7148821369791918,1.013438574995663,自动归类成功
匿名文件_行号_1101,数据集3,0,0.8265168957323153,0.7360079989515023,0.993840392720121,自动归类成功
匿名文件_行号_1102,数据集3,0,0.7924270758782357,0.668868518498071,1.0953815709522072,自动归类成功
匿名文件_行号_1103,数据集3,0,0.7070479959730811,0.5181638984293722,1.3411153869756238,自动归类成功
匿名文件_行号_1104,数据集3,0,0.7894168859788305,0.66883691371412,1.118012795232057,自动归类成功
匿名文件_行号_1105,数据集3,0,0.8443782437605193,0.7668484013213659,0.9258233299285173,自动归类成功
匿名文件_行号_1106,数据集3,0,0.7997088888010089,0.6878411321502206,1.085722852850537,自动归类成功
匿名文件_行号_1107,数据集3,0,0.8183971579074069,0.7104552328648045,0.9977857552458843,自动归类成功
匿名文件_行号_1108,数据集3,0,0.8241867856187498,0.7391145671693482,1.0085719377075508,自动归类成功
匿名文件_行号_1109,数据集3,0,0.8418829389303413,0.7548539830928284,0.9188716214166576,自动归类成功
匿名文件_行号_1110,数据集3,0,0.8335292339937739,0.7384583524223302,0.947371058630208,自动归类成功
匿名文件_行号_1111,数据集3,0,0.8231592091963453,0.7271792167770931,1.001276906423403,自动归类成功
匿名文件_行号_1112,数据集3,0,0.8206289027273429,0.7277694577349186,1.0191179326014577,自动归类成功
匿名文件_行号_1113,数据集3,0,0.8238139759957372,0.7270246029293704,0.9949219262358985,自动归类成功
匿名文件_行号_1114,数据集3,0,0.8164170452375,0.7093684952230253,1.0099999099449917,自动归类成功
匿名文件_行号_1115,数据集3,0,0.7864169458429517,0.664013410003037,1.1280607360044506,自动归类成功
匿名文件_行号_1116,数据集3,0,0.7722169997876963,0.6150701968919337,1.1107367019485297,自动归类成功
匿名文件_行号_1117,数据集3,0,0.8329629192442883,0.7453201579536812,0.9664923183930366,自动归类成功
匿名文件_行号_1118,数据集3,0,0.8475173816638165,0.7738252542031863,0.9107242640648449,自动归类成功
匿名文件_行号_1119,数据集3,0,0.6485930691348712,0.42556590373273473,1.5032199031289404,自动归类成功
匿名文件_行号_1120,数据集3,0,0.8289598790119522,0.7419744716664337,0.9900202594253013,自动归类成功
匿名文件_行号_1121,数据集3,0,0.8449129786157781,0.7612861853297236,0.9094487635246946,自动归类成功
匿名文件_行号_1122,数据集3,0,0.8479666053427883,0.7687681444632982,0.904234543757635,自动归类成功
匿名文件_行号_1123,数据集3,0,0.8021119004326459,0.6830799248174758,1.0561505374975968,自动归类成功
匿名文件_行号_1124,数据集3,0,0.8230183081318203,0.7236266319974036,0.993614417436491,自动归类成功
匿名文件_行号_1125,数据集3,0,0.8018757508932861,0.6921911728600998,1.0790363085055383,自动归类成功
匿名文件_行号_1126,数据集3,0,0.8270190216755309,0.735046145129686,0.9881521616261585,自动归类成功
匿名文件_行号_1127,数据集3,0,0.7471779043160456,0.5931545295233142,1.2445329738245663,自动归类成功
匿名文件_行号_1128,数据集3,0,0.7895338371080598,0.6700643311416739,1.1199120719321378,自动归类成功
匿名文件_行号_1129,数据集3,0,0.7622868833975978,0.6156510243130193,1.1900820322107786,自动归类成功
匿名文件_行号_1130,数据集3,0,0.7964517112986673,0.679090679561309,1.089999872771009,自动归类成功
匿名文件_行号_1131,数据集3,0,0.7271087508231151,0.5451310851935136,1.2669402018504814,自动归类成功
匿名文件_行号_1132,数据集3,0,0.7820290269613913,0.6554278199744386,1.1403328107941522,自动归类成功
匿名文件_行号_1133,数据集3,0,0.7940602571967065,0.6818222323303539,1.1129761711270763,自动归类成功
匿名文件_行号_1134,数据集3,0,0.7467904573433137,0.5838761289830103,1.2235515409723658,自动归类成功
匿名文件_行号_1135,数据集3,0,0.8006588098187355,0.6976902179468734,1.1027215681762952,自动归类成功
匿名文件_行号_1136,数据集3,0,0.8182394734898434,0.7123371387397994,1.0035497957323511,自动归类成功
匿名文件_行号_1137,数据集3,0,0.836835960372688,0.7493847665775073,0.9463597975491878,自动归类成功
匿名文件_行号_1138,数据集3,0,0.8603525390212853,0.796262768893766,0.8682845047127743,自动归类成功
匿名文件_行号_1139,数据集3,0,0.807416797891918,0.7018956401811901,1.0599661403760223,自动归类成功
匿名文件_行号_1140,数据集3,0,0.691745763745556,0.5813438520176251,1.5348655711983257,自动归类成功
匿名文件_行号_1141,数据集3,0,0.7193613407604083,0.5396592833045947,1.3085224870327163,自动归类成功
匿名文件_行号_1142,数据集3,0,0.8330870174489492,0.741718677317836,0.9591636317709179,自动归类成功
匿名文件_行号_1143,数据集3,0,0.794266840602705,0.6770130700204566,1.105810845692213,自动归类成功
匿名文件_行号_1144,数据集3,0,0.8504510948997286,0.7721904271747829,0.8885524372570391,自动归类成功
匿名文件_行号_1145,数据集3,0,0.8052008789653217,0.719089540958866,1.1062499755547643,自动归类成功
匿名文件_行号_1146,数据集3,0,0.721309946460435,0.5506577706545652,1.3243428300892592,自动归类成功
匿名文件_行号_1147,数据集3,0,0.7919804116916679,0.6930729018076818,1.1508960849971321,自动归类成功
匿名文件_行号_1148,数据集3,0,0.8618117730432768,0.7823169825424177,0.8242261432129716,自动归类成功
匿名文件_行号_1149,数据集3,0,0.8264495373875138,0.734514514834208,0.9913210656099595,自动归类成功
匿名文件_行号_1150,数据集3,0,0.8057893158060153,0.6980627566902409,1.0636813334560637,自动归类成功
匿名文件_行号_1151,数据集3,0,0.7958122739234745,0.6605820237776092,1.0503898522778579,自动归类成功
匿名文件_行号_1152,数据集3,0,0.7988623256895836,0.6851160207224758,1.0854677793074734,自动归类成功
匿名文件_行号_1153,数据集3,0,0.8472508820411315,0.7689059441732969,0.9101393190290489,自动归类成功
匿名文件_行号_1154,数据集3,0,0.8520946717160296,0.7740229755311531,0.8829734956865858,自动归类成功
匿名文件_行号_1155,数据集3,0,0.8479094458392944,0.7664567600792336,0.8992464714428312,自动归类成功
匿名文件_行号_1156,数据集3,0,0.7617271932490999,0.6696160169653693,1.2582263298737362,自动归类成功
匿名文件_行号_1157,数据集3,0,0.7908301322711649,0.6555369505602555,1.073090963230405,自动归类成功
匿名文件_行号_1158,数据集3,0,0.8036636394997366,0.7114040802597155,1.093930273816087,自动归类成功
匿名文件_行号_1159,数据集3,0,0.8148513037466758,0.7237189247901623,1.0463053416739772,自动归类成功
匿名文件_行号_1160,数据集3,0,0.8730267474485861,0.8117771998264345,0.799886564944098,自动归类成功
匿名文件_行号_1161,数据集3,0,0.5329920064552383,0.28739443237001744,1.8282701158327994,自动归类成功
匿名文件_行号_1162,数据集3,0,0.7203514439539376,0.5459134693277212,1.3149850586157836,自动归类成功
匿名文件_行号_1163,数据集3,0,0.8095524902113319,0.7071676787459553,1.0532283303514918,自动归类成功
匿名文件_行号_1164,数据集3,0,0.719398034609832,0.544712796482625,1.325733831347556,自动归类成功
匿名文件_行号_1165,数据集3,0,0.8208763976289044,0.7201610301857034,1.0031682546046405,自动归类成功
匿名文件_行号_1166,数据集3,0,0.848501448975907,0.7694142485453206,0.9007437972929734,自动归类成功
匿名文件_行号_1167,数据集3,0,0.8559487403956902,0.7805155038671748,0.8694533341787549,自动归类成功
匿名文件_行号_1168,数据集3,0,0.7817848553202026,0.6858119778764149,1.1831739040562106,自动归类成功
匿名文件_行号_1169,数据集3,0,0.8195283740878592,0.7175020250773213,1.0064843913718302,自动归类成功
匿名文件_行号_1170,数据集3,0,0.8101353881433626,0.6938812140909173,1.0214970593851376,自动归类成功
匿名文件_行号_1171,数据集3,0,0.8316514572617866,0.7290940694107954,0.939040002014235,自动归类成功
匿名文件_行号_1172,数据集3,0,0.8255729544581644,0.7386231280720695,1.0034307833011835,自动归类成功
匿名文件_行号_1173,数据集3,0,0.7651208897225328,0.6204043726064046,1.1787333347969629,自动归类成功
匿名文件_行号_1174,数据集3,0,0.8176048269005244,0.7179189956602849,1.0209101265360931,自动归类成功
匿名文件_行号_1175,数据集3,0,0.8092061972846974,0.7035095412096164,1.050961134521947,自动归类成功
匿名文件_行号_1176,数据集3,0,0.8197412587515324,0.7252303419990731,1.019926760029403,自动归类成功
匿名文件_行号_1177,数据集3,0,0.7879026829398234,0.6658168118290837,1.119426660531638,自动归类成功
匿名文件_行号_1178,数据集3,0,0.7419405734199225,0.5865925950184369,1.2662052269183046,自动归类成功
匿名文件_行号_1179,数据集3,0,0.8421676137436274,0.7551265231548876,0.9187382663637318,自动归类成功
匿名文件_行号_1180,数据集3,0,0.8490360423027218,0.7736113307573539,0.9031970655132445,自动归类成功
匿名文件_行号_1181,数据集3,0,0.841530316585442,0.7583704425536452,0.9278830883326148,自动归类成功
匿名文件_行号_1182,数据集3,0,0.7769958299650581,0.6796951107091526,1.2078146876771505,自动归类成功
匿名文件_行号_1183,数据集3,0,0.8036465911397527,0.6834106048593046,1.0456319050281826,自动归类成功
匿名文件_行号_1184,数据集3,0,0.7527573762524441,0.6026361124489088,1.2311282569993862,自动归类成功
匿名文件_行号_1185,数据集3,0,0.7528264097602213,0.6424407292254177,1.2809495007176614,自动归类成功
匿名文件_行号_1186,数据集3,0,0.8071034577479673,0.6930084428696818,1.0429376354943711,自动归类成功
匿名文件_行号_1187,数据集3,0,0.8216772965912404,0.7199607700036768,0.992156435453495,自动归类成功
匿名文件_行号_1188,数据集3,0,0.8210760716641196,0.7250596754147973,1.0117500645889337,自动归类成功
匿名文件_行号_1189,数据集3,0,0.8288629839904059,0.7414715554575637,0.9893467000117173,自动归类成功
匿名文件_行号_1190,数据集3,0,0.8286957549517767,0.740524656771828,0.9878843728062386,自动归类成功
匿名文件_行号_1191,数据集3,0,0.8231045631829362,0.7247068039169328,0.9945189037625751,自动归类成功
匿名文件_行号_1192,数据集3,0,0.8654042769764995,0.7928529278200926,0.8200213677428698,自动归类成功
匿名文件_行号_1193,数据集3,0,0.8099136486849533,0.7088196373441896,1.059037573081101,自动归类成功
匿名文件_行号_1194,数据集3,0,0.824755619860148,0.7336380080751704,1.0021295600004734,自动归类成功
匿名文件_行号_1195,数据集3,0,0.8224562712918645,0.7415663904656503,1.028361561936991,自动归类成功
匿名文件_行号_1196,数据集3,0,0.7946205659849782,0.6837034964080313,1.1137916670513608,自动归类成功
匿名文件_行号_1197,数据集3,0,0.7497640936690877,0.6037083293904979,1.250967205082172,自动归类成功
匿名文件_行号_1198,数据集3,0,0.7402397912018508,0.580681734721982,1.2617326966579696,自动归类成功
匿名文件_行号_1199,数据集3,0,0.8203764054314648,0.7114657226201265,0.9829679971161693,自动归类成功
匿名文件_行号_1200,数据集3,0,0.8064726064633939,0.7000377851799479,1.0633241763897248,自动归类成功
匿名文件_行号_1201,数据集3,0,0.8315171388738646,0.7458883010676935,0.9769724741732435,自动归类成功
匿名文件_行号_1202,数据集3,0,0.8345898777176937,0.7633717362419835,0.9693742034160324,自动归类成功
匿名文件_行号_1203,数据集3,0,0.8508143150334515,0.770852785361695,0.8859201905317399,自动归类成功
匿名文件_行号_1204,数据集3,0,0.6519761830941734,0.5218418816436362,1.6482255246452682,自动归类成功
匿名文件_行号_1205,数据集3,0,0.79363490635799,0.6762015190687607,1.1040034484286503,自动归类成功
匿名文件_行号_1206,数据集3,0,0.835648061912199,0.7557754341859552,0.9611880176962684,自动归类成功
匿名文件_行号_1207,数据集3,0,0.8739858552816018,0.8128028385926626,0.7947761100323835,自动归类成功
匿名文件_行号_1208,数据集3,0,0.8647922410206358,0.7940677751732309,0.8271943815037232,自动归类成功
匿名文件_行号_1209,数据集3,0,0.5977125454386168,0.4502311886489271,1.8030128348087988,自动归类成功
匿名文件_行号_1210,数据集3,0,0.866775112132545,0.8009196366997466,0.8257644643424569,自动归类成功
匿名文件_行号_1211,数据集3,0,0.8103354131509,0.7067117747238512,1.0495346953646407,自动归类成功
匿名文件_行号_1212,数据集3,0,0.764496087821607,0.6592514308571615,1.237660522820902,自动归类成功
匿名文件_行号_1213,数据集3,0,0.7640349725329403,0.6167432024503723,1.178999708276186,自动归类成功
匿名文件_行号_1214,数据集3,0,0.8527375501171969,0.7840797209736929,0.8901124216683814,自动归类成功
匿名文件_行号_1215,数据集3,0,0.7564642328298942,0.6019392162000674,1.199174388354113,自动归类成功
匿名文件_行号_1216,数据集3,0,0.8668840781447303,0.797946113381285,0.8191943731441603,自动归类成功
匿名文件_行号_1217,数据集3,0,0.778279540532606,0.6454202370738696,1.1448840991745766,自动归类成功
匿名文件_行号_1218,数据集3,0,0.8497853333879986,0.7758433934876028,0.9045107786640019,自动归类成功
匿名文件_行号_1219,数据集3,0,0.8243593235442289,0.7445546210065002,1.0142349325464701,自动归类成功
匿名文件_行号_1220,数据集3,0,0.838864962322327,0.7545681202019583,0.9431534122115164,自动归类成功
匿名文件_行号_1221,数据集3,0,0.8149371709555175,0.7128108458900689,1.0302698576566371,自动归类成功
匿名文件_行号_1222,数据集3,0,0.8662822582623823,0.7919921240977381,0.810276974615316,自动归类成功
匿名文件_行号_1223,数据集3,0,0.8704903504170741,0.8100810778451956,0.8159110578637357,自动归类成功
匿名文件_行号_1224,数据集3,0,0.7701517714337074,0.6312597477551212,1.1695291423787364,自动归类成功
匿名文件_行号_1225,数据集3,0,0.7929169533129149,0.6809101385178715,1.1186563614632392,自动归类成功
匿名文件_行号_1226,数据集3,0,0.8154905660577512,0.7193718601246017,1.0406768409295184,自动归类成功
匿名文件_行号_1227,数据集3,0,0.7827354317211314,0.6532731960811322,1.1333016742927775,自动归类成功
匿名文件_行号_1228,数据集3,0,0.8106201361082389,0.7079782420117616,1.051115339180333,自动归类成功
匿名文件_行号_1229,数据集3,0,0.7553758001108997,0.5937790883088816,1.183693443721552,自动归类成功
匿名文件_行号_1230,数据集3,0,0.5608553403381914,0.3179707926696622,1.7861265514020666,自动归类成功
匿名文件_行号_1231,数据集3,0,0.6968574790233952,0.479705270731414,1.3075587523573282,自动归类成功
匿名文件_行号_1232,数据集3,0,0.8458350892192925,0.7629975492918168,0.9053099794277099,自动归类成功
匿名文件_行号_1233,数据集3,0,0.8743280932821764,0.8113360004247524,0.7869452362063353,自动归类成功
匿名文件_行号_1234,数据集3,0,0.860703431033431,0.7929761084998302,0.856321483034415,自动归类成功
匿名文件_行号_1235,数据集3,0,0.8410511374676477,0.7524535231730124,0.921112547921352,自动归类成功
匿名文件_行号_1236,数据集3,0,0.6690974772664849,0.4406612249103372,1.4038483682887466,自动归类成功
匿名文件_行号_1237,数据集3,0,0.8236536544486355,0.7318982424935914,1.0058821090608723,自动归类成功
匿名文件_行号_1238,数据集3,0,0.7387709759495471,0.5752523022119068,1.2607238899114221,自动归类成功
匿名文件_行号_1239,数据集3,0,0.7783221032980512,0.6620141194287823,1.1827585299369852,自动归类成功
匿名文件_行号_1240,数据集3,0,0.7843864842160869,0.6627538248021388,1.1402424022731965,自动归类成功
匿名文件_行号_1241,数据集3,0,0.8095228476553187,0.7230054446931624,1.0809258025663806,自动归类成功
匿名文件_行号_1242,数据集3,0,0.8271931207702355,0.7248157636428786,0.9639152271602778,自动归类成功
匿名文件_行号_1243,数据集3,0,0.7965952782178913,0.6680287386903412,1.0615484258648566,自动归类成功
匿名文件_行号_1244,数据集3,0,0.7897856268008492,0.6702180159316392,1.119773425214947,自动归类成功
匿名文件_行号_1245,数据集3,0,0.8004575316235462,0.6944345719142638,1.0896908402177758,自动归类成功
匿名文件_行号_1246,数据集3,0,0.746370732767585,0.5735026090816449,1.1992233036746458,自动归类成功
匿名文件_行号_1247,数据集3,0,0.8150884948569311,0.7141681877435756,1.0312096080865945,自动归类成功
匿名文件_行号_1248,数据集3,0,0.7968573934496586,0.6791091471358723,1.0871851578340166,自动归类成功
匿名文件_行号_1249,数据集3,0,0.8405738566773869,0.761850508565748,0.945722788740112,自动归类成功
匿名文件_行号_1250,数据集3,0,0.7709870581285504,0.6560821942836333,1.2188364854601335,自动归类成功
匿名文件_行号_1251,数据集3,0,0.8320988849552449,0.752219774436344,0.9913855493231684,自动归类成功
匿名文件_行号_1252,数据集3,0,0.7219180713783316,0.5541167192760162,1.330741681468185,自动归类成功
匿名文件_行号_1253,数据集3,0,0.8428604067296263,0.7581806732741038,0.919910041791421,自动归类成功
匿名文件_行号_1254,数据集3,0,0.8411080221681805,0.7565399597404223,0.92919824167822,自动归类成功
匿名文件_行号_1255,数据集3,0,0.7952465461016652,0.6846835592079035,1.1144220434991292,自动归类成功
匿名文件_行号_1256,数据集3,0,0.7378153291099254,0.6252514542821435,1.3417960917574148,自动归类成功
匿名文件_行号_1257,数据集3,0,0.8195618093365842,0.7219327541249378,1.0161706658301475,自动归类成功
匿名文件_行号_1258,数据集3,0,0.7109195398392644,0.528672698855734,1.340116684609486,自动归类成功
匿名文件_行号_1259,数据集3,0,0.8010411002348986,0.6818325417512682,1.0620473314267926,自动归类成功
匿名文件_行号_1260,数据集3,0,0.8096807973357313,0.702901348587769,1.0460225826056198,自动归类成功
匿名文件_行号_1261,数据集3,0,0.8118377792328686,0.7275600445854499,1.079927130786794,自动归类成功
匿名文件_行号_1262,数据集3,0,0.8115950164729023,0.7142634992622022,1.0586724113136772,自动归类成功
匿名文件_行号_1263,数据集3,0,0.8460923050258302,0.7681140461803891,0.9166910217954578,自动归类成功
匿名文件_行号_1264,数据集3,0,0.8630181487195389,0.7859995535420771,0.8238243915787312,自动归类成功
匿名文件_行号_1265,数据集3,0,0.8587924202475963,0.7845743387671726,0.8526791058164771,自动归类成功
匿名文件_行号_1266,数据集3,0,0.8204801280056641,0.7262503100456376,1.0171541733655456,自动归类成功
匿名文件_行号_1267,数据集3,0,0.7677302898014847,0.6379832625019058,1.2042278173521925,自动归类成功
匿名文件_行号_1268,数据集3,0,0.7156754189163081,0.5741467486168204,1.3850222609791782,自动归类成功
匿名文件_行号_1269,数据集3,0,0.7505681133086156,0.5944816816940646,1.2199335682137304,自动归类成功
匿名文件_行号_1270,数据集3,-1,0.4426900795858304,0.03458524498006216,1.7368537746101471,多类别特征 (倾向类别 0 与 4)
匿名文件_行号_1271,数据集3,0,0.8534353905686158,0.776545570193542,0.8811167972313534,自动归类成功
匿名文件_行号_1272,数据集3,0,0.8854505927106203,0.8329945717029041,0.7442187894609423,自动归类成功
匿名文件_行号_1273,数据集3,0,0.6714389223013111,0.5218380759527934,1.5674273230974425,自动归类成功
匿名文件_行号_1274,数据集3,0,0.7402051959630588,0.5841829647682354,1.2725497308795812,自动归类成功
匿名文件_行号_1275,数据集3,0,0.849709580635928,0.770454805549999,0.8934716260471193,自动归类成功
匿名文件_行号_1276,数据集3,0,0.7191177727607945,0.5415157225977576,1.3176175522472249,自动归类成功
匿名文件_行号_1277,数据集3,0,0.709524080173734,0.5398342937418549,1.374551554744288,自动归类成功
匿名文件_行号_1278,数据集3,0,0.8348265522738914,0.7456232880680196,0.9532784485840917,自动归类成功
匿名文件_行号_1279,数据集3,0,0.8628726124534256,0.7905138286048213,0.8334574588855868,自动归类成功
匿名文件_行号_1280,数据集3,0,0.8861951201661595,0.8354160423096519,0.742556381951856,自动归类成功
匿名文件_行号_1281,数据集3,0,0.785117874545862,0.6730491365875716,1.1584192649667229,自动归类成功
匿名文件_行号_1282,数据集3,0,0.8562233526044111,0.7828582239180201,0.8694987992246949,自动归类成功
匿名文件_行号_1283,数据集3,0,0.8578039373017259,0.7799958257883692,0.8518816866434022,自动归类成功
匿名文件_行号_1284,数据集3,0,0.7071662583442256,0.5138550670669337,1.323989656703398,自动归类成功
匿名文件_行号_1285,数据集3,0,0.794783778730129,0.6761506703723648,1.0978108568732559,自动归类成功
匿名文件_行号_1286,数据集3,0,0.8352605383661296,0.7456693886275318,0.9497973638028813,自动归类成功
匿名文件_行号_1287,数据集3,0,0.8310127090394483,0.7339761759031436,0.9555154925584722,自动归类成功
匿名文件_行号_1288,数据集3,0,0.7980936828382476,0.6863117313788412,1.0919065442909384,自动归类成功
匿名文件_行号_1289,数据集3,0,0.8170446298883945,0.7152159498355499,1.0191549597162157,自动归类成功
匿名文件_行号_1290,数据集3,0,0.8233171346204865,0.7242423442516361,0.9947048095282786,自动归类成功
匿名文件_行号_1291,数据集3,0,0.8698868527771655,0.8028262744898891,0.8063834855350366,自动归类成功
匿名文件_行号_1292,数据集3,0,0.7741441071555647,0.6369523836884668,1.1551885098741839,自动归类成功
匿名文件_行号_1293,数据集3,0,0.869618475898819,0.8082437526336179,0.8180163097026063,自动归类成功
匿名文件_行号_1294,数据集3,0,0.7709494014420002,0.6474334085706805,1.2025520026044019,自动归类成功
匿名文件_行号_1295,数据集3,0,0.7618706456427925,0.6251852617971586,1.2179959645388845,自动归类成功
匿名文件_行号_1296,数据集3,0,0.7741192249013502,0.637394750810299,1.15634015099893,自动归类成功
匿名文件_行号_1297,数据集3,0,0.8154202197397006,0.713062683124516,1.0258235214050067,自动归类成功
匿名文件_行号_1298,数据集3,0,0.7485334647858192,0.5815445981210434,1.2010918953978635,自动归类成功
匿名文件_行号_1299,数据集3,0,0.8043312363103188,0.6959805172509097,1.0692900631831979,自动归类成功
匿名文件_行号_1300,数据集3,0,0.7808325905830075,0.6880636216444299,1.2055130137949486,自动归类成功
匿名文件_行号_1301,数据集3,0,0.8406288050224446,0.7627734139970652,0.9443920569409928,自动归类成功
匿名文件_行号_1302,数据集3,0,0.8597133595894877,0.7838832352442933,0.8455406220618317,自动归类成功
匿名文件_行号_1303,数据集3,0,0.8348254949988839,0.7440255272919738,0.9504451278996282,自动归类成功
匿名文件_行号_1304,数据集3,0,0.6085064412836212,0.32679175382634623,1.5080685024321507,自动归类成功
匿名文件_行号_1305,数据集3,0,0.8383874279608288,0.7533444533859038,0.9401616081694122,自动归类成功
匿名文件_行号_1306,数据集3,0,0.7694997098600211,0.6600572801486022,1.2181507215550957,自动归类成功
匿名文件_行号_1307,数据集3,0,0.8545740984349922,0.7871669602527639,0.8904311989381959,自动归类成功
匿名文件_行号_1308,数据集3,0,0.8140320533297191,0.7144536799061905,1.0389166504344705,自动归类成功
匿名文件_行号_1309,数据集3,0,0.7487461854732247,0.5872029371393792,1.2153766882858925,自动归类成功
匿名文件_行号_1310,数据集3,0,0.7810583967077516,0.6510101995668508,1.137039186013861,自动归类成功
匿名文件_行号_1311,数据集3,0,0.8622989238770349,0.7927348841591357,0.8414677722047088,自动归类成功
匿名文件_行号_1312,数据集3,0,0.8384035229942932,0.7544436745710368,0.9423208305897193,自动归类成功
匿名文件_行号_1313,数据集3,0,0.7260985855674408,0.6118384242590599,1.3712799524621706,自动归类成功
匿名文件_行号_1314,数据集3,0,0.7707055970460127,0.6570787447963231,1.2196174116250327,自动归类成功
匿名文件_行号_1315,数据集3,0,0.7933457427779913,0.6764969438046288,1.1044926216054813,自动归类成功
匿名文件_行号_1316,数据集3,0,0.6702790839140828,0.42979612526139016,1.3595151939584318,自动归类成功
匿名文件_行号_1317,数据集3,0,0.8155907417105597,0.7137155064703914,1.0268073835923996,自动归类成功
匿名文件_行号_1318,数据集3,0,0.778698817582043,0.6528508130116153,1.1587885001226859,自动归类成功
匿名文件_行号_1319,数据集3,0,0.76192726991456,0.6681028793886069,1.2596140918311143,自动归类成功
匿名文件_行号_1320,数据集3,0,0.8255531231475064,0.7288207849342313,0.9859603450494374,自动归类成功
匿名文件_行号_1321,数据集3,0,0.8460042426237304,0.7642027323822124,0.9107679311492998,自动归类成功
匿名文件_行号_1322,数据集3,0,0.7798618551820969,0.6511434277961197,1.1461880630716346,自动归类成功
匿名文件_行号_1323,数据集3,0,0.8276947024088347,0.7274529549663383,0.9669401243787141,自动归类成功
匿名文件_行号_1324,数据集3,0,0.837693015751322,0.7474878699030438,0.9334426051328715,自动归类成功
匿名文件_行号_1325,数据集3,0,0.8021449749681411,0.6887215947913464,1.070196558022367,自动归类成功
匿名文件_行号_1326,数据集3,0,0.8273311957848895,0.7328711637293674,0.9791910198880427,自动归类成功
匿名文件_行号_1327,数据集3,0,0.8317439038832648,0.7392531278167989,0.9607595303187881,自动归类成功
匿名文件_行号_1328,数据集3,0,0.8136754430543053,0.705928721373631,1.0246097475426943,自动归类成功
匿名文件_行号_1329,数据集3,0,0.7860212705574416,0.6551160609093343,1.1112029942340333,自动归类成功
匿名文件_行号_1330,数据集3,0,0.8134416972503462,0.709944840556425,1.033669676484616,自动归类成功
匿名文件_行号_1331,数据集3,0,0.7292386748728912,0.5639272251658067,1.3020420803137733,自动归类成功
匿名文件_行号_1332,数据集3,0,0.8595104876565992,0.7936363462110617,0.8653869889679447,自动归类成功
匿名文件_行号_1333,数据集3,0,0.7769383561770036,0.6508606512066917,1.1699011633264937,自动归类成功
匿名文件_行号_1334,数据集3,0,0.8466445711181205,0.7638645260995995,0.9031506995611873,自动归类成功
匿名文件_行号_1335,数据集3,0,0.8457213627223965,0.7594769271887881,0.9010907731731146,自动归类成功
匿名文件_行号_1336,数据集3,0,0.801522244808572,0.694101124978537,1.085299745943576,自动归类成功
匿名文件_行号_1337,数据集3,0,0.7106386509437389,0.5349823535452349,1.3634903182529177,自动归类成功
匿名文件_行号_1338,数据集3,0,0.8387902259503278,0.7538141328115243,0.9405933324776943,自动归类成功
匿名文件_行号_1339,数据集3,0,0.8363032820576625,0.7433607439963008,0.9371994615770756,自动归类成功
匿名文件_行号_1340,数据集3,0,0.8180033850819066,0.7137557598230123,1.0080385056432106,自动归类成功
匿名文件_行号_1341,数据集3,0,0.6611279313203337,0.44641177819589506,1.4702350176184171,自动归类成功
匿名文件_行号_1342,数据集3,0,0.8158182257669784,0.7143686474244273,1.0274534345974295,自动归类成功
匿名文件_行号_1343,数据集3,0,0.8102737249395743,0.694145067884673,1.0228701944769993,自动归类成功
匿名文件_行号_1344,数据集3,0,0.7985477140386797,0.6862081316609173,1.0930299809806046,自动归类成功
匿名文件_行号_1345,数据集3,0,0.7763837667449651,0.6554537449741705,1.178793753084305,自动归类成功
匿名文件_行号_1346,数据集3,0,0.7509427191144717,0.5935354319448503,1.2175635375436558,自动归类成功
匿名文件_行号_1347,数据集3,0,0.8009209424803881,0.688875095951867,1.0792248301884264,自动归类成功
匿名文件_行号_1348,数据集3,0,0.8346418872014518,0.7413006054057071,0.9436687076676247,自动归类成功
匿名文件_行号_1349,数据集3,0,0.8555311941639464,0.78888135268473,0.8864124273735796,自动归类成功
匿名文件_行号_1350,数据集3,0,0.6597520011986565,0.5214063855528888,1.624857196236491,自动归类成功
匿名文件_行号_1351,数据集3,0,0.8469860181859115,0.7637750850494855,0.8998656408993866,自动归类成功
匿名文件_行号_1352,数据集3,0,0.7749563026152654,0.6477650701070972,1.1738466172175024,自动归类成功
匿名文件_行号_1353,数据集3,0,0.7359002231062403,0.5692660443977199,1.2655225600011857,自动归类成功
匿名文件_行号_1354,数据集3,0,0.8555521830658113,0.779229095122219,0.8679262396889252,自动归类成功
匿名文件_行号_1355,数据集3,0,0.8706626540338791,0.8037076050553552,0.8007892772833344,自动归类成功
匿名文件_行号_1356,数据集3,0,0.7832554008166123,0.6442560133526343,1.1025180394921574,自动归类成功
匿名文件_行号_1357,数据集3,0,0.8222521109250239,0.7298761309254604,1.0136502323595862,自动归类成功
匿名文件_行号_1358,数据集3,0,0.821525162371234,0.7201994460011313,0.9970243024973475,自动归类成功
匿名文件_行号_1359,数据集3,0,0.784953955099536,0.6614965188722554,1.1344242565200655,自动归类成功
匿名文件_行号_1360,数据集3,0,0.7362439260212992,0.5824496033814852,1.2952178518472184,自动归类成功
匿名文件_行号_1361,数据集3,0,0.8524731708251684,0.7753430735301705,0.8817615940536362,自动归类成功
匿名文件_行号_1362,数据集3,0,0.7606132419409745,0.6087399577930019,1.1852420764181046,自动归类成功
匿名文件_行号_1363,数据集3,0,0.8165288503160847,0.7166434020887749,1.0249914979509167,自动归类成功
匿名文件_行号_1364,数据集3,0,0.8637273333203207,0.790966430974056,0.828300118681958,自动归类成功
匿名文件_行号_1365,数据集3,0,0.7731936891823996,0.6508610305750886,1.1922105354208585,自动归类成功
匿名文件_行号_1366,数据集3,0,0.8404377404800806,0.7544315317851267,0.9285671665765411,自动归类成功
匿名文件_行号_1367,数据集3,0,0.848191990627067,0.7784033723608809,0.9192252473823417,自动归类成功
匿名文件_行号_1368,数据集3,0,0.7768966750543409,0.6429539722164239,1.1507474815852323,自动归类成功
匿名文件_行号_1369,数据集3,0,0.7908988594378458,0.6820349972990233,1.1343835214352442,自动归类成功
匿名文件_行号_1370,数据集3,0,0.8412338653368285,0.7537122257023685,0.9220178666421412,自动归类成功
匿名文件_行号_1371,数据集3,0,0.7809853000337005,0.6429389740567294,1.121294298346911,自动归类成功
匿名文件_行号_1372,数据集3,0,0.8510550775995813,0.7753687269868856,0.8968955148602947,自动归类成功
匿名文件_行号_1373,数据集3,0,0.8532089325754968,0.7740791222980492,0.8731095840354124,自动归类成功
匿名文件_行号_1374,数据集3,0,0.7519115851973613,0.5995721953208201,1.226864149200033,自动归类成功
匿名文件_行号_1375,数据集3,0,0.7564710011105845,0.6349851702687417,1.2543415184810576,自动归类成功
匿名文件_行号_1376,数据集3,0,0.8204454467037062,0.721517217725056,1.0074673373190344,自动归类成功
匿名文件_行号_1377,数据集3,0,0.7622792720714106,0.6775777784408961,1.2969121457349901,自动归类成功
匿名文件_行号_1378,数据集3,0,0.8394616054363652,0.7601766628702759,0.9490460617401048,自动归类成功
匿名文件_行号_1379,数据集3,0,0.8512534465655298,0.7718584904694432,0.8848113781689575,自动归类成功
匿名文件_行号_1380,数据集3,0,0.7905368479261858,0.6830266577852342,1.1460858247002008,自动归类成功
匿名文件_行号_1381,数据集3,-1,0.509594403441748,0.13022797807840547,1.5799561532382564,多类别特征 (倾向类别 4 与 0)
匿名文件_行号_1382,数据集3,0,0.7643878637378393,0.6385895123369326,1.2266091655484852,自动归类成功
匿名文件_行号_1383,数据集3,4,0.6047242153925694,0.30372328207531263,1.4606594595034825,自动归类成功
匿名文件_行号_1384,数据集3,0,0.6703639280668019,0.5407703870894099,1.563677736689204,自动归类成功
匿名文件_行号_1385,数据集3,0,0.77428722816768,0.6550648471498105,1.1886496181630712,自动归类成功
匿名文件_行号_1386,数据集3,0,0.82842930929163,0.7365957596496754,0.9783776627493872,自动归类成功
匿名文件_行号_1387,数据集3,0,0.799924639037324,0.7005005520058362,1.096505748826397,自动归类成功
匿名文件_行号_1388,数据集3,0,0.7994969646746181,0.677503049696373,1.06753806091888,自动归类成功
匿名文件_行号_1389,数据集3,0,0.8255169450600751,0.7328976317925846,0.9951056214676612,自动归类成功
匿名文件_行号_1390,数据集3,0,0.7884369891853557,0.6747479739834308,1.1409929147347733,自动归类成功
匿名文件_行号_1391,数据集3,0,0.660536727181607,0.4215319916652177,1.410930333450381,自动归类成功
匿名文件_行号_1392,数据集3,0,0.8411067633701705,0.7670369989729668,0.9532633812161231,自动归类成功
匿名文件_行号_1393,数据集3,-1,0.4319410691014004,0.10701327240130559,1.9372286515839767,多类别特征 (倾向类别 0 与 1)
匿名文件_行号_1394,数据集3,0,0.772994061946694,0.6516796945314562,1.1944879443213066,自动归类成功
匿名文件_行号_1395,数据集3,0,0.8392516739645799,0.7547872438930568,0.940610437062951,自动归类成功
匿名文件_行号_1396,数据集3,0,0.7850355804249725,0.6617334090474517,1.1325709861706232,自动归类成功
匿名文件_行号_1397,数据集3,0,0.813841977903721,0.71188168192108,1.0354234075683781,自动归类成功
匿名文件_行号_1398,数据集3,2,0.9211083375314549,0.861705997668316,0.49995638727928504,自动归类成功
匿名文件_行号_1399,数据集3,0,0.7118559287413745,0.557290050489419,1.4024046828055834,自动归类成功
匿名文件_行号_1400,数据集3,0,0.8253037402686794,0.7294522842107869,0.9884298914629,自动归类成功
匿名文件_行号_1401,数据集3,0,0.8430144801633425,0.7542070347120213,0.9125192451537812,自动归类成功
匿名文件_行号_1402,数据集3,0,0.8097253824074229,0.7070643255534247,1.058386410190105,自动归类成功
匿名文件_行号_1403,数据集3,0,0.8638615467337384,0.7976959052639541,0.8412990845492528,自动归类成功
匿名文件_行号_1404,数据集3,0,0.7760620838143982,0.6439395639543003,1.157160207021353,自动归类成功
匿名文件_行号_1405,数据集3,0,0.7717826481873143,0.6377011660791537,1.1744130468332448,自动归类成功
匿名文件_行号_1406,数据集3,0,0.7724447874990288,0.6744656353222674,1.2297914864179635,自动归类成功
匿名文件_行号_1407,数据集3,0,0.5955415325035399,0.3154663530281089,1.5673844968526858,自动归类成功
匿名文件_行号_1408,数据集3,0,0.8393273966408656,0.753123138145231,0.9346395003609561,自动归类成功
匿名文件_行号_1409,数据集3,0,0.8113711529598628,0.7051311978032199,1.039406828081066,自动归类成功
匿名文件_行号_1410,数据集3,0,0.8350899090315087,0.7495731795984168,0.9588028496087309,自动归类成功
匿名文件_行号_1411,数据集3,0,0.8020999156194399,0.7023790897881247,1.0992943216521713,自动归类成功
匿名文件_行号_1412,数据集3,0,0.7639787017765273,0.6020323118990104,1.1393878875322017,自动归类成功
匿名文件_行号_1413,数据集3,0,0.811681483416327,0.7080827879417376,1.0424451528960863,自动归类成功
匿名文件_行号_1414,数据集3,0,0.8107496405093023,0.6995137249297132,1.0306581953133231,自动归类成功
匿名文件_行号_1415,数据集3,0,0.7957463229865038,0.6783064448562938,1.0925594799103606,自动归类成功
匿名文件_行号_1416,数据集3,0,0.8183998206782036,0.718462790224836,1.0150763201951263,自动归类成功
匿名文件_行号_1417,数据集3,0,0.821725738413877,0.7236295199085572,1.0031794415330704,自动归类成功
匿名文件_行号_1418,数据集3,0,0.78365667634896,0.6576015847139642,1.1362555313590315,自动归类成功
匿名文件_行号_1419,数据集3,0,0.7823982561064093,0.6634291229538822,1.160951558370667,自动归类成功
匿名文件_行号_1420,数据集3,0,0.8466498185060112,0.7571469533237613,0.8886964697587793,自动归类成功
匿名文件_行号_1421,数据集3,0,0.8142927949181424,0.7081927426771669,1.0245372344574628,自动归类成功
匿名文件_行号_1422,数据集3,0,0.5302641325292702,0.1818666229524999,1.616221355055782,自动归类成功
匿名文件_行号_1423,数据集3,0,0.8077411696718438,0.6839604878975196,1.0168688094709741,自动归类成功
匿名文件_行号_1424,数据集3,0,0.8143430298286942,0.7111200747004677,1.0299588909476014,自动归类成功
匿名文件_行号_1425,数据集3,0,0.8452811677875671,0.7660918290976492,0.9193205463995591,自动归类成功
匿名文件_行号_1426,数据集3,0,0.8436908165048187,0.7607742809475464,0.9185128671746605,自动归类成功
匿名文件_行号_1427,数据集3,0,0.7761899703553017,0.6484639259027734,1.1680334648465565,自动归类成功
匿名文件_行号_1428,数据集3,0,0.8044493110741386,0.6957908259683712,1.0683753241475444,自动归类成功
匿名文件_行号_1429,数据集3,0,0.8637960412947675,0.7919059804363391,0.8305756617263099,自动归类成功
匿名文件_行号_1430,数据集3,0,0.7534684310804011,0.602246654121154,1.2195746435777497,自动归类成功
匿名文件_行号_1431,数据集3,0,0.7695958621668199,0.6418044835807947,1.197620367925941,自动归类成功
匿名文件_行号_1432,数据集3,0,0.8143748023976892,0.7133604195717206,1.034172544706919,自动归类成功
匿名文件_行号_1433,数据集3,0,0.7918031749444587,0.6659082641132352,1.0928621390526796,自动归类成功
匿名文件_行号_1434,数据集3,0,0.7989146410843235,0.6876339164902712,1.0902517189689942,自动归类成功
匿名文件_行号_1435,数据集3,0,0.757518078133704,0.6351516995269304,1.2583291776471885,自动归类成功
匿名文件_行号_1436,数据集3,0,0.8291009778910845,0.7271996350228438,0.9571530904997511,自动归类成功
匿名文件_行号_1437,数据集3,0,0.8004661355169757,0.6877720821082449,1.0803580881115071,自动归类成功
匿名文件_行号_1438,数据集3,0,0.7751418056855918,0.6369895162083266,1.14687917596154,自动归类成功
匿名文件_行号_1439,数据集3,0,0.7401827433055249,0.5817132766948423,1.2652544604095384,自动归类成功
匿名文件_行号_1440,数据集3,0,0.8375364884059298,0.7505106302117687,0.9436571467150269,自动归类成功
匿名文件_行号_1441,数据集3,0,0.7383183565558785,0.5786469021519002,1.275540897413553,自动归类成功
匿名文件_行号_1442,数据集3,0,0.8009396873658352,0.6856767865829946,1.0724504612102608,自动归类成功
匿名文件_行号_1443,数据集3,0,0.760164218510346,0.6534120878261875,1.2643504672054358,自动归类成功
匿名文件_行号_1444,数据集3,0,0.8313985890369913,0.7582283683781273,0.9884072742548731,自动归类成功
匿名文件_行号_1445,数据集3,0,0.8369836266542156,0.7425273474744458,0.9284945047504509,自动归类成功
匿名文件_行号_1446,数据集3,0,0.6958886214052377,0.5725664910391438,1.4580302039955935,自动归类成功
匿名文件_行号_1447,数据集3,0,0.8840846731972243,0.8253840700115669,0.7397926067352415,自动归类成功
匿名文件_行号_1448,数据集3,0,0.8189754303621861,0.7123471344654253,0.9985656066380176,自动归类成功
匿名文件_行号_1449,数据集3,0,0.7637086518369692,0.6136040518447886,1.1717000527940256,自动归类成功
匿名文件_行号_1450,数据集3,0,0.7115594226363411,0.524478079362631,1.3247536302759426,自动归类成功
匿名文件_行号_1451,数据集3,0,0.7452252654294438,0.6184582346540639,1.321710500276121,自动归类成功
匿名文件_行号_1452,数据集3,0,0.8233105866177415,0.7283695744060527,1.0036367434660547,自动归类成功
匿名文件_行号_1453,数据集3,0,0.8303178905603459,0.7364767858174855,0.9662736259486332,自动归类成功
匿名文件_行号_1454,数据集3,0,0.7847141143388147,0.6560105058171679,1.1215956716748978,自动归类成功
匿名文件_行号_1455,数据集3,0,0.8622015248609707,0.7905557340466809,0.8400540263919891,自动归类成功
匿名文件_行号_1456,数据集3,0,0.8091665078567452,0.7225180027373871,1.0871885915810244,自动归类成功
匿名文件_行号_1457,数据集3,0,0.8202542606315294,0.7204753696740224,1.0041920155159767,自动归类成功
匿名文件_行号_1458,数据集3,0,0.7839006026451996,0.6634931257157144,1.1455204106302865,自动归类成功
匿名文件_行号_1459,数据集3,0,0.8313380402785358,0.7420083643962583,0.9714848468621787,自动归类成功
匿名文件_行号_1460,数据集3,0,0.7980505299645191,0.699720018445442,1.1130377930676574,自动归类成功
匿名文件_行号_1461,数据集3,0,0.7858808706190358,0.6571015699517327,1.115837193689285,自动归类成功
匿名文件_行号_1462,数据集3,0,0.7949163455209837,0.6805121505964267,1.1050980932021337,自动归类成功
匿名文件_行号_1463,数据集3,0,0.7943389459494016,0.6707891473084017,1.0859828086846408,自动归类成功
匿名文件_行号_1464,数据集3,0,0.8471002156328367,0.772273386736615,0.9170940811651079,自动归类成功
匿名文件_行号_1465,数据集3,0,0.8137185488160052,0.7101477891950365,1.0328741248243904,自动归类成功
匿名文件_行号_1466,数据集3,0,0.7756949657425903,0.6529420032908138,1.1812684890127974,自动归类成功
匿名文件_行号_1467,数据集3,0,0.8562153633604185,0.7798646386143825,0.862709079364942,自动归类成功
匿名文件_行号_1468,数据集3,0,0.6780757710810675,0.48845110112004975,1.4669592514236987,自动归类成功
匿名文件_行号_1469,数据集3,0,0.7957510933783329,0.6767487110076233,1.0897864815352631,自动归类成功
匿名文件_行号_1470,数据集3,0,0.7606939445764925,0.6077132781291215,1.1829347696549746,自动归类成功
匿名文件_行号_1471,数据集3,0,0.8517016989635938,0.7743357074944031,0.8868147172677899,自动归类成功
匿名文件_行号_1472,数据集3,0,0.7308022619162721,0.6053850624578146,1.3600898317326553,自动归类成功
匿名文件_行号_1473,数据集3,0,0.855475647310581,0.7769419287860586,0.8630757236739521,自动归类成功
匿名文件_行号_1474,数据集3,0,0.7651432644523171,0.6328768930535751,1.20970322000022,自动归类成功
匿名文件_行号_1475,数据集3,0,0.8489242051509813,0.7695146194118698,0.8973407197139914,自动归类成功
匿名文件_行号_1476,数据集3,0,0.8035825393055664,0.6915001123335089,1.0657503206249024,自动归类成功
匿名文件_行号_1477,数据集3,0,0.818877820567837,0.7208309991543494,1.0139847647488653,自动归类成功
匿名文件_行号_1478,数据集3,0,0.8572130262826906,0.7794174783607988,0.8582712023180092,自动归类成功
匿名文件_行号_1479,数据集3,0,0.822130998682844,0.7266562326973018,1.003194070266756,自动归类成功
匿名文件_行号_1480,数据集3,0,0.8383681108939489,0.7494850299835734,0.9349932761571784,自动归类成功
匿名文件_行号_1481,数据集3,0,0.7929632207369919,0.6699820540343464,1.0943771281968926,自动归类成功
匿名文件_行号_1482,数据集3,0,0.7974267452630356,0.684506720454465,1.0939790489866767,自动归类成功
匿名文件_行号_1483,数据集3,0,0.8612959114713855,0.7899414437871601,0.844827221549248,自动归类成功
匿名文件_行号_1484,数据集3,0,0.8293479931105283,0.7515675085002884,0.9949198159818111,自动归类成功
匿名文件_行号_1485,数据集3,0,0.7968207725752143,0.6893364530837841,1.1072110663388774,自动归类成功
匿名文件_行号_1486,数据集3,0,0.6976197349784218,0.5124803500974807,1.3992579851251234,自动归类成功
匿名文件_行号_1487,数据集3,0,0.8217921113810851,0.735078300215657,1.0250343980066405,自动归类成功
匿名文件_行号_1488,数据集3,0,0.7961352768064096,0.6862552996759078,1.1113479053192623,自动归类成功
匿名文件_行号_1489,数据集3,0,0.8049223639695542,0.691664769466653,1.0536280258871693,自动归类成功
匿名文件_行号_1490,数据集3,0,0.8305702600690178,0.7369363529676157,0.9661288216292814,自动归类成功
匿名文件_行号_1491,数据集3,0,0.8499114411324398,0.7742817668577141,0.9030052258468204,自动归类成功
匿名文件_行号_1492,数据集3,0,0.809780586367155,0.7121053537116687,1.0652620374846171,自动归类成功
匿名文件_行号_1493,数据集3,0,0.8318003891673246,0.7383984671943434,0.9603210422561446,自动归类成功
匿名文件_行号_1494,数据集3,0,0.7443226810008033,0.5851282463928058,1.2467965111884423,自动归类成功
匿名文件_行号_1495,数据集3,0,0.8149929458276899,0.7060627701269964,1.0144694148157618,自动归类成功
匿名文件_行号_1496,数据集3,0,0.7552723871059672,0.5895166835198707,1.1723739980019767,自动归类成功
匿名文件_行号_1497,数据集3,0,0.8356832797633821,0.7496840479912461,0.9542212789777257,自动归类成功
匿名文件_行号_1498,数据集3,0,0.8909429909112383,0.8368557020497243,0.7077820770484415,自动归类成功
匿名文件_行号_1499,数据集3,0,0.792738539848654,0.6745596331379375,1.108178688990067,自动归类成功
匿名文件_行号_1500,数据集3,0,0.854329402034992,0.7707344432499312,0.8579842733304621,自动归类成功
匿名文件_行号_1501,数据集3,0,0.7658574391319901,0.6336070770658698,1.2061130676840737,自动归类成功
匿名文件_行号_1502,数据集3,0,0.8623038482091407,0.7957111810643214,0.8512731541099172,自动归类成功
匿名文件_行号_1503,数据集3,0,0.8481895620211679,0.7563038816113691,0.8734867440380394,自动归类成功
匿名文件_行号_1504,数据集3,0,0.851425549876006,0.7747054462472169,0.8899723739372386,自动归类成功
匿名文件_行号_1505,数据集3,0,0.7997135732546837,0.6936782504006326,1.1024557684032452,自动归类成功
匿名文件_行号_1506,数据集3,0,0.7525870319077056,0.6179033144170996,1.2573341114378052,自动归类成功
匿名文件_行号_1507,数据集3,0,0.8044967548765524,0.6959916636105818,1.0687255890516747,自动归类成功
匿名文件_行号_1508,数据集3,0,0.796509808065197,0.6755259049589233,1.0804656444279939,自动归类成功
匿名文件_行号_1509,数据集3,0,0.8426006245867746,0.7571891930075285,0.9197561773945596,自动归类成功
匿名文件_行号_1510,数据集3,0,0.8341119200358231,0.7469536566062286,0.9612232458621656,自动归类成功
匿名文件_行号_1511,数据集3,0,0.7059844857187932,0.5917377325870208,1.4504729669331808,自动归类成功
匿名文件_行号_1512,数据集3,0,0.8222860661125668,0.72529707118456,1.0028411707322522,自动归类成功
匿名文件_行号_1513,数据集3,0,0.4826456586047278,0.25920214226701666,1.968610095828801,自动归类成功
匿名文件_行号_1514,数据集3,0,0.671920346825108,0.5483724687213828,1.5414473159958761,自动归类成功
匿名文件_行号_1515,数据集3,0,0.7872603984840414,0.6704695085060846,1.1391131450401555,自动归类成功
匿名文件_行号_1516,数据集3,0,0.7534774838268617,0.609843778138441,1.2384370032923568,自动归类成功
匿名文件_行号_1517,数据集3,0,0.8412853453608674,0.7619528329052728,0.9411883275501942,自动归类成功
匿名文件_行号_1518,数据集3,0,0.8949965722870303,0.8442015748271932,0.6899757855249716,自动归类成功
匿名文件_行号_1519,数据集3,0,0.8111194615654146,0.7061199404552627,1.0426243566247586,自动归类成功
匿名文件_行号_1520,数据集3,0,0.7892116604628152,0.7011667224594635,1.1708489245968579,自动归类成功
匿名文件_行号_1521,数据集3,0,0.5128636140708772,0.20780413197398417,1.796496508913778,自动归类成功
匿名文件_行号_1522,数据集3,0,0.831119960089189,0.7446636836332325,0.97101955267367,自动归类成功
匿名文件_行号_1523,数据集3,0,0.8505784811135363,0.7760007094874308,0.8960916888032747,自动归类成功
匿名文件_行号_1524,数据集3,0,0.8196510084529696,0.7151400775418374,0.999699731633333,自动归类成功
匿名文件_行号_1525,数据集3,0,0.8338432026515035,0.7459176830409687,0.9606250358416494,自动归类成功
匿名文件_行号_1526,数据集3,0,0.878339693741233,0.8195075776922888,0.770762162339371,自动归类成功
匿名文件_行号_1527,数据集3,0,0.6213179617999607,0.4337027642010477,1.614481269111834,自动归类成功
匿名文件_行号_1528,数据集3,0,0.8064711409096612,0.7139915712240292,1.0802178137259795,自动归类成功
匿名文件_行号_1529,数据集3,0,0.8048018804366244,0.6943173899352477,1.0625255631625892,自动归类成功
匿名文件_行号_1530,数据集3,0,0.8339885306354821,0.7426062227366881,0.9525912491002325,自动归类成功
匿名文件_行号_1531,数据集3,0,0.647977598925348,0.4141986295384056,1.4805854370053606,自动归类成功
匿名文件_行号_1532,数据集3,0,0.8084301231994967,0.6941744183941814,1.036674409891388,自动归类成功
匿名文件_行号_1533,数据集3,0,0.7683388768003082,0.6380943735789878,1.1995095110755816,自动归类成功
匿名文件_行号_1534,数据集3,0,0.809062184902679,0.6940880852005544,1.0296805942005338,自动归类成功
匿名文件_行号_1535,数据集3,0,0.7898798518339053,0.7249299240897967,1.197062018642809,自动归类成功
匿名文件_行号_1536,数据集3,0,0.8030157056521676,0.6933626990836917,1.073527597892865,自动归类成功
匿名文件_行号_1537,数据集3,0,0.6679559718914688,0.4403361128791337,1.4108180191786293,自动归类成功
匿名文件_行号_1538,数据集3,0,0.8689342901429018,0.8007541305991464,0.8091008306086689,自动归类成功
匿名文件_行号_1539,数据集3,0,0.7494872349388748,0.5881600820785081,1.216544218496892,自动归类成功
匿名文件_行号_1540,数据集3,0,0.8702999931398527,0.8060683937524,0.8073648879877448,自动归类成功
匿名文件_行号_1541,数据集3,0,0.7915521236962075,0.6730701121458632,1.1130426869688053,自动归类成功
匿名文件_行号_1542,数据集3,0,0.8325848788158534,0.7381125958903431,0.953813922632957,自动归类成功
匿名文件_行号_1543,数据集3,0,0.8301634623327822,0.7472966245145407,0.9898079062262756,自动归类成功
匿名文件_行号_1544,数据集3,0,0.6873411261020835,0.469907518555143,1.3528562836937008,自动归类成功
匿名文件_行号_1545,数据集3,0,0.8433591346854465,0.7569639023419207,0.9123672915587447,自动归类成功
匿名文件_行号_1546,数据集3,0,0.8522999824226704,0.7711956969329792,0.875252377889497,自动归类成功
匿名文件_行号_1547,数据集3,0,0.7799784110061623,0.64677302550859,1.1347910499772331,自动归类成功
匿名文件_行号_1548,数据集3,0,0.810525597231498,0.7221881664902725,1.0643745093624506,自动归类成功
匿名文件_行号_1549,数据集3,0,0.7341347463154412,0.5574305759832145,1.2482113181443446,自动归类成功
匿名文件_行号_1550,数据集3,0,0.5869277294323877,0.2715188581333682,1.4889158173966943,自动归类成功
匿名文件_行号_1551,数据集3,0,0.81650010580845,0.7252177450154218,1.03960598509412,自动归类成功
匿名文件_行号_1552,数据集3,0,0.7685165696206558,0.6354976386412083,1.192753118864122,自动归类成功
匿名文件_行号_1553,数据集3,0,0.8209008784682279,0.719295836218086,1.002893670073338,自动归类成功
匿名文件_行号_1554,数据集3,0,0.8172412324917236,0.7078270235565225,0.9986303423053645,自动归类成功
匿名文件_行号_1555,数据集3,0,0.8511929975624617,0.7769508185966477,0.8969154742561566,自动归类成功
匿名文件_行号_1556,数据集3,0,0.9011516903152974,0.8528783280858832,0.6587676397789519,自动归类成功
匿名文件_行号_1557,数据集3,0,0.7910748088831973,0.6613725584897996,1.0877135708035073,自动归类成功
匿名文件_行号_1558,数据集3,0,0.7779097032829693,0.6464956767225989,1.1508654677997974,自动归类成功
匿名文件_行号_1559,数据集3,0,0.7737174654451707,0.6739058686499753,1.2163445381020763,自动归类成功
匿名文件_行号_1560,数据集3,0,0.7584713417756511,0.6263254092435888,1.242778210824314,自动归类成功
匿名文件_行号_1561,数据集3,0,0.8234696188801255,0.723058837028467,0.9891492030991078,自动归类成功
匿名文件_行号_1562,数据集3,0,0.8436304120307702,0.7634744355032005,0.9260967718978901,自动归类成功
匿名文件_行号_1563,数据集3,0,0.7957652228846883,0.6734377931080038,1.0819846303535565,自动归类成功
匿名文件_行号_1564,数据集3,0,0.7650403778546904,0.6291983262950719,1.2032881455574114,自动归类成功
匿名文件_行号_1565,数据集3,0,0.7706861219790991,0.6357735492506211,1.1815257255405285,自动归类成功
匿名文件_行号_1566,数据集3,-1,0.4165549665543041,0.044600909789442866,1.8500015109996524,多类别特征 (倾向类别 0 与 4)
匿名文件_行号_1567,数据集3,0,0.7427794388255436,0.5896474081554666,1.2715163264959959,自动归类成功
匿名文件_行号_1568,数据集3,0,0.8272257306210714,0.7392542471584584,0.9954220086833774,自动归类成功
匿名文件_行号_1569,数据集3,0,0.7023883076350579,0.48614731744040496,1.2853761615155184,自动归类成功
匿名文件_行号_1570,数据集3,0,0.7144371774407106,0.5333985157042429,1.3284990186134051,自动归类成功
匿名文件_行号_1571,数据集3,0,0.8714049623390226,0.8060139731861312,0.8011213838013653,自动归类成功
匿名文件_行号_1572,数据集3,0,0.769990346790712,0.66111007489392,1.2221369558383053,自动归类成功
匿名文件_行号_1573,数据集3,0,0.7213298769855804,0.5368229937094954,1.2846068102870065,自动归类成功
匿名文件_行号_1574,数据集3,0,0.8592796701879196,0.7858451575652626,0.8550066915027889,自动归类成功
匿名文件_行号_1575,数据集3,0,0.7957480161637359,0.6737894386459045,1.0796611638367795,自动归类成功
匿名文件_行号_1576,数据集3,0,0.8102368047607575,0.7045038788634842,1.0459351641761427,自动归类成功
匿名文件_行号_1577,数据集3,0,0.8014558828726251,0.687226015386912,1.0715253586921532,自动归类成功
匿名文件_行号_1578,数据集3,0,0.7995133451191596,0.7006670888800159,1.112984731452224,自动归类成功
匿名文件_行号_1579,数据集3,0,0.6915213594078551,0.4973170172542629,1.3994040708876097,自动归类成功
匿名文件_行号_1580,数据集3,0,0.8276724974759011,0.7475427720937767,1.0058692448803386,自动归类成功
匿名文件_行号_1581,数据集3,0,0.6292087285795956,0.3877834725581931,1.5443434110971948,自动归类成功
匿名文件_行号_1582,数据集3,0,0.8044605786650174,0.7123810491738609,1.096846178812341,自动归类成功
匿名文件_行号_1583,数据集3,0,0.7127395860182325,0.525316306979787,1.3284612185646891,自动归类成功
匿名文件_行号_1584,数据集3,0,0.8322298249943262,0.7442355374115794,0.9723739302464642,自动归类成功
匿名文件_行号_1585,数据集3,0,0.8228054718520819,0.7296773062850963,1.008397312454138,自动归类成功
匿名文件_行号_1586,数据集3,0,0.7907880455588416,0.6696538589639628,1.1130633073358462,自动归类成功
匿名文件_行号_1587,数据集3,0,0.8163050195877201,0.7290753104259302,1.028852732584905,自动归类成功
匿名文件_行号_1588,数据集3,0,0.8075155086407454,0.7004133672514908,1.0548452895850118,自动归类成功
匿名文件_行号_1589,数据集3,0,0.7510397444422556,0.6377911945433489,1.2934157240139799,自动归类成功
匿名文件_行号_1590,数据集3,0,0.787036825352244,0.6724386951893474,1.1457062218781056,自动归类成功
匿名文件_行号_1591,数据集3,0,0.8259113242005436,0.7301199862724886,0.9861908043860069,自动归类成功
匿名文件_行号_1592,数据集3,0,0.8016582800437799,0.6912286551463716,1.0804562384612406,自动归类成功
匿名文件_行号_1593,数据集3,0,0.8051936347797518,0.7124470480952998,1.0872240367449808,自动归类成功
匿名文件_行号_1594,数据集3,0,0.7788160791266419,0.6695447856407717,1.187201685246145,自动归类成功
匿名文件_行号_1595,数据集3,0,0.7910245327686871,0.6706756235434206,1.111607474211008,自动归类成功
匿名文件_行号_1596,数据集3,0,0.7494737008035078,0.6292858994545122,1.2858929598941566,自动归类成功
匿名文件_行号_1597,数据集3,0,0.8027502668430272,0.6840519682264401,1.0551538346766514,自动归类成功
匿名文件_行号_1598,数据集3,0,0.7605204701969008,0.6476002475022987,1.2729057864512168,自动归类成功
匿名文件_行号_1599,数据集3,0,0.8545740984349922,0.7871669602527639,0.8904311989381959,自动归类成功
匿名文件_行号_1600,数据集3,0,0.8380332559816824,0.7449656192861482,0.9260574881562347,自动归类成功
匿名文件_行号_1601,数据集3,0,0.8303758478444994,0.7513199556078921,0.9879818543207507,自动归类成功
匿名文件_行号_1602,数据集3,0,0.795958528385113,0.6839423381013015,1.1052739472756754,自动归类成功
匿名文件_行号_1603,数据集3,0,0.8158006609187665,0.7176701829629081,1.0329328794063686,自动归类成功
匿名文件_行号_1604,数据集3,0,0.8387537801917012,0.7546101980790223,0.9439390418718863,自动归类成功
匿名文件_行号_1605,数据集3,0,0.7989883702433228,0.6852189048083162,1.085494456716757,自动归类成功
匿名文件_行号_1606,数据集3,0,0.7339706553742515,0.581960384819711,1.31419509714503,自动归类成功
匿名文件_行号_1607,数据集3,0,0.8405126706414455,0.7549433813093415,0.9316221399609463,自动归类成功
匿名文件_行号_1608,数据集3,0,0.7671075269108188,0.6181975908505517,1.162158395256174,自动归类成功
匿名文件_行号_1609,数据集3,0,0.8184303517396639,0.7295556223260256,1.032899031493294,自动归类成功
匿名文件_行号_1610,数据集3,0,0.8942176718381746,0.843326876447332,0.6952343404906114,自动归类成功
匿名文件_行号_1611,数据集3,0,0.8017952736939513,0.690980155376415,1.077358685463865,自动归类成功
匿名文件_行号_1612,数据集3,0,0.7864937154446517,0.6901105155935781,1.1756996417482608,自动归类成功
匿名文件_行号_1613,数据集3,0,0.8505767746730184,0.7725530727919036,0.8908188336581061,自动归类成功
匿名文件_行号_1614,数据集3,0,0.805085318236062,0.693338500798847,1.0587613354940102,自动归类成功
匿名文件_行号_1615,数据集3,0,0.7955113263128069,0.6754921657545913,1.089207219527697,自动归类成功
匿名文件_行号_1616,数据集3,0,0.7779001774224445,0.6656791668271974,1.1772725016708678,自动归类成功
匿名文件_行号_1617,数据集3,0,0.8545946280903203,0.7754392054792694,0.867860819800509,自动归类成功
匿名文件_行号_1618,数据集3,0,0.8404249430960953,0.7574058954514337,0.9355304402362195,自动归类成功
匿名文件_行号_1619,数据集3,0,0.757417398754691,0.6162700652807628,1.2255942083650528,自动归类成功
匿名文件_行号_1620,数据集3,0,0.8111577622031565,0.7115093726796268,1.0548775964313817,自动归类成功
匿名文件_行号_1621,数据集3,0,0.78275993391541,0.6811076818464639,1.1915716006564556,自动归类成功
匿名文件_行号_1622,数据集3,0,0.8022708169620624,0.6965871750022778,1.0858245767249177,自动归类成功
匿名文件_行号_1623,数据集3,0,0.7727656015604186,0.6543450088723504,1.2038223318013543,自动归类成功
匿名文件_行号_1624,数据集3,0,0.7736193824537081,0.6365253107952602,1.1573306310529814,自动归类成功
匿名文件_行号_1625,数据集3,0,0.8394532102784252,0.7519741867481243,0.9319255611070429,自动归类成功
匿名文件_行号_1626,数据集3,0,0.8610420922104367,0.7895057404498877,0.8477581376032242,自动归类成功
匿名文件_行号_1627,数据集3,0,0.7648183812532274,0.6753625021960882,1.2762962093301953,自动归类成功
匿名文件_行号_1628,数据集3,0,0.792540778162176,0.6713539348586571,1.1001817653076635,自动归类成功
匿名文件_行号_1629,数据集3,0,0.8210492569089837,0.7138651093002277,0.9862889334879308,自动归类成功
匿名文件_行号_1630,数据集3,0,0.720451327992467,0.5495038925246452,1.3335157670166395,自动归类成功
匿名文件_行号_1631,数据集3,0,0.8113236896515218,0.704889783124063,1.0397413361036907,自动归类成功
匿名文件_行号_1632,数据集3,0,0.7195874529633942,0.5433627436178403,1.3188878244523006,自动归类成功
匿名文件_行号_1633,数据集3,0,0.829630768441037,0.7355236833718392,0.9708587266439022,自动归类成功
匿名文件_行号_1634,数据集3,0,0.8131206669123654,0.7075881099149864,1.0323076955003732,自动归类成功
匿名文件_行号_1635,数据集3,0,0.7921359624060765,0.6736543058308726,1.1091926269948895,自动归类成功
匿名文件_行号_1636,数据集3,0,0.8345393584124547,0.746834574404865,0.9566562413452245,自动归类成功
匿名文件_行号_1637,数据集3,0,0.8047605636944354,0.6918500818111041,1.0580466623539668,自动归类成功
匿名文件_行号_1638,数据集3,0,0.7823855596524982,0.651084946503357,1.1285291425410424,自动归类成功
匿名文件_行号_1639,数据集3,0,0.8293625624100299,0.7338969502527164,0.9686489759181339,自动归类成功
匿名文件_行号_1640,数据集3,0,0.7607871744685387,0.642582730109028,1.259732274977114,自动归类成功
匿名文件_行号_1641,数据集3,0,0.815779343291355,0.7207296095557443,1.0400141544192432,自动归类成功
匿名文件_行号_1642,数据集3,0,0.8718625861839213,0.8081829258915806,0.8030378767594818,自动归类成功
匿名文件_行号_1643,数据集3,0,0.7743831601637335,0.6389682781430436,1.1571208322291704,自动归类成功
匿名文件_行号_1644,数据集3,0,0.7741981170150131,0.6455228276820852,1.1740823030691636,自动归类成功
匿名文件_行号_1645,数据集3,0,0.8611438058756132,0.7853622367501676,0.8371527546765981,自动归类成功
匿名文件_行号_1646,数据集3,0,0.821663810583842,0.7271808066894417,1.0100257881145993,自动归类成功
匿名文件_行号_1647,数据集3,0,0.8570264311396761,0.7881695717540805,0.8745234164197688,自动归类成功
匿名文件_行号_1648,数据集3,0,0.811027966319819,0.708365949654304,1.0499557025182769,自动归类成功
匿名文件_行号_1649,数据集3,0,0.8450395615174059,0.7570460746741153,0.8992936316313325,自动归类成功
匿名文件_行号_1650,数据集3,0,0.8143979654171457,0.7296835774609935,1.057119011913283,自动归类成功
匿名文件_行号_1651,数据集3,0,0.7204919919173929,0.5439284684742001,1.3095253117369494,自动归类成功
匿名文件_行号_1652,数据集3,0,0.8456907375118522,0.7723896223496294,0.9298555078777779,自动归类成功
匿名文件_行号_1653,数据集3,0,0.7726651412243125,0.6685717135525808,1.2124171861032966,自动归类成功
匿名文件_行号_1654,数据集3,0,0.6848700239225528,0.4801453693959899,1.3964911385120555,自动归类成功
匿名文件_行号_1655,数据集3,0,0.8435961410421479,0.7586556961242978,0.9147292569291764,自动归类成功
匿名文件_行号_1656,数据集3,0,0.8150501524452792,0.7160100621198683,1.0377110078255705,自动归类成功
匿名文件_行号_1657,数据集3,0,0.7438865181457982,0.5939738121979536,1.2715507174036882,自动归类成功
匿名文件_行号_1658,数据集3,0,0.7864710583542874,0.6721256196639981,1.1470088425003129,自动归类成功
匿名文件_行号_1659,数据集3,0,0.8464888977441923,0.7678197394881858,0.9129597054223132,自动归类成功
匿名文件_行号_1660,数据集3,0,0.8031585614147448,0.6912472096977351,1.074896389036411,自动归类成功
匿名文件_行号_1661,数据集3,0,0.8197913367196888,0.7306731207351737,1.030803216846584,自动归类成功
匿名文件_行号_1662,数据集3,0,0.7007579516317325,0.4873986224312292,1.3005760074231036,自动归类成功
匿名文件_行号_1663,数据集3,0,0.8568651216770434,0.7816654139906225,0.8641308738693505,自动归类成功
匿名文件_行号_1664,数据集3,0,0.8138447401670764,0.7097131351760785,1.0313343522112564,自动归类成功
匿名文件_行号_1665,数据集3,0,0.7890294855093852,0.6641241037847194,1.1093717754611743,自动归类成功
匿名文件_行号_1666,数据集3,0,0.7599217456709833,0.6223249371978138,1.2245572865306542,自动归类成功
匿名文件_行号_1667,数据集3,0,0.7613803541286966,0.6268907554493588,1.2243476087367722,自动归类成功
匿名文件_行号_1668,数据集3,0,0.809626395894244,0.7006469100568383,1.0418230177512882,自动归类成功
匿名文件_行号_1669,数据集3,0,0.8302369953209594,0.7427531390784784,0.9805022740297915,自动归类成功
匿名文件_行号_1670,数据集3,0,0.8274663011787136,0.7336379763939769,0.981734166163502,自动归类成功
匿名文件_行号_1671,数据集3,0,0.8145188188032446,0.7066112723423971,1.0190029275474264,自动归类成功
匿名文件_行号_1672,数据集3,0,0.8020602162845873,0.6960332337744696,1.081310372009668,自动归类成功
匿名文件_行号_1673,数据集3,0,0.7884678186456254,0.6700963086224961,1.130027801666208,自动归类成功
匿名文件_行号_1674,数据集3,0,0.8340759501650351,0.748239192527601,0.9645693122607246,自动归类成功
匿名文件_行号_1675,数据集3,0,0.7700951175102159,0.6797898363837331,1.2625763610421077,自动归类成功
匿名文件_行号_1676,数据集3,0,0.8213138737035879,0.7328283171982424,1.0246705979685362,自动归类成功
匿名文件_行号_1677,数据集3,0,0.8233113920714412,0.7379168447422232,1.0155160920451867,自动归类成功
匿名文件_行号_1678,数据集3,0,0.5727647320010429,0.2697867451276845,1.5899477705715404,自动归类成功
匿名文件_行号_1679,数据集3,0,0.8541502076619171,0.7788227272010927,0.8767024527459593,自动归类成功
匿名文件_行号_1680,数据集3,0,0.8001594024466979,0.6899318786689947,1.0888950485520386,自动归类成功
匿名文件_行号_1681,数据集3,0,0.7948199771113993,0.6837856796271813,1.1132949138905393,自动归类成功
匿名文件_行号_1682,数据集3,0,0.8135961119008136,0.7089864603371321,1.034150036266588,自动归类成功
匿名文件_行号_1683,数据集3,0,0.785155148298975,0.6646137218576189,1.1374699421341523,自动归类成功
匿名文件_行号_1684,数据集3,0,0.8157621839832865,0.703516521798746,1.0016687266938131,自动归类成功
匿名文件_行号_1685,数据集3,0,0.5926587836497151,0.3119178582273792,1.576494387773663,自动归类成功
匿名文件_行号_1686,数据集3,0,0.7583537012798828,0.6068987759485551,1.1961400122611312,自动归类成功
匿名文件_行号_1687,数据集3,0,0.8948405226981063,0.8485417196924091,0.6984485903483837,自动归类成功
匿名文件_行号_1688,数据集3,0,0.8419039187278369,0.7587343898308798,0.9281797876985367,自动归类成功
匿名文件_行号_1689,数据集3,0,0.8042668176353345,0.6960862083821924,1.0724691039712415,自动归类成功
匿名文件_行号_1690,数据集3,0,0.7769433316526583,0.6483007876820933,1.1602882042612845,自动归类成功
匿名文件_行号_1691,数据集3,0,0.8259656379660099,0.7354131210962318,0.9969501090614699,自动归类成功
匿名文件_行号_1692,数据集3,0,0.7914808327236278,0.691102824794736,1.152966817460694,自动归类成功
匿名文件_行号_1693,数据集3,0,0.8101609828768541,0.7065100390444393,1.0488598694730256,自动归类成功
匿名文件_行号_1694,数据集3,0,0.8335974682962516,0.7500719777343764,0.9711831801052874,自动归类成功
匿名文件_行号_1695,数据集3,0,0.7804339605803141,0.652293898313415,1.144927485130745,自动归类成功
匿名文件_行号_1696,数据集3,0,0.775041564694188,0.6509515385760903,1.1831145435748127,自动归类成功
匿名文件_行号_1697,数据集3,0,0.7748245471602281,0.639873971946123,1.1552748485637256,自动归类成功
匿名文件_行号_1698,数据集3,0,0.8091695727765995,0.7040013450312802,1.0514140277300301,自动归类成功
匿名文件_行号_1699,数据集3,0,0.7654574632410261,0.6267353975422134,1.194130344550646,自动归类成功
匿名文件_行号_1700,数据集3,0,0.7434657606752247,0.5821160677086984,1.2436280935671402,自动归类成功
匿名文件_行号_1701,数据集3,0,0.8622132186391893,0.7934346555424734,0.8491567610868085,自动归类成功
匿名文件_行号_1702,数据集3,0,0.6183712403837569,0.34568201177770197,1.490387948892336,自动归类成功
匿名文件_行号_1703,数据集3,0,0.8203019710414099,0.722654384311818,1.0134823954878733,自动归类成功
匿名文件_行号_1704,数据集3,0,0.8489557954190557,0.7717816575599095,0.9025656853238657,自动归类成功
匿名文件_行号_1705,数据集3,0,0.7318565766844145,0.5665745395711895,1.2872993153374017,自动归类成功
匿名文件_行号_1706,数据集3,0,0.8073093423332434,0.6934107475184029,1.0429807864430631,自动归类成功
匿名文件_行号_1707,数据集3,0,0.795422873209131,0.6783957414107084,1.0954239249695152,自动归类成功
匿名文件_行号_1708,数据集3,0,0.768217285775335,0.6336707777414483,1.1895132157082513,自动归类成功
匿名文件_行号_1709,数据集3,0,0.8635290414441164,0.791046553735717,0.8325460508956114,自动归类成功
匿名文件_行号_1710,数据集3,0,0.8048683314910584,0.6915178806187995,1.0550550823448661,自动归类成功
匿名文件_行号_1711,数据集3,0,0.8037773340345982,0.7067094929293181,1.0885870510862736,自动归类成功
匿名文件_行号_1712,数据集3,0,0.8010963237494759,0.6949645883985305,1.089996446421922,自动归类成功
匿名文件_行号_1713,数据集3,0,0.7835663160224583,0.6604709870954105,1.1426761602150364,自动归类成功
匿名文件_行号_1714,数据集3,0,0.7685690754403893,0.6371391389329052,1.1931514656303948,自动归类成功
匿名文件_行号_1715,数据集3,0,0.6837956738307294,0.45546895147202876,1.3352243452149763,自动归类成功
匿名文件_行号_1716,数据集3,0,0.8040470317256694,0.6917398808385634,1.0626791671615832,自动归类成功
匿名文件_行号_1717,数据集3,0,0.8171357136007694,0.7260001983957387,1.0379658273357757,自动归类成功
匿名文件_行号_1718,数据集3,4,0.5558028206716396,0.21715193516195497,1.5344690135984074,自动归类成功
匿名文件_行号_1719,数据集3,0,0.845152859899456,0.7609372760063124,0.9073987169817782,自动归类成功
匿名文件_行号_1720,数据集3,0,0.7771118120376161,0.6531405404255365,1.1713197376864477,自动归类成功
匿名文件_行号_1721,数据集3,0,0.8314465406126811,0.74382469202951,0.9716897452524289,自动归类成功
匿名文件_行号_1722,数据集3,0,0.7740749399561678,0.6465519969970679,1.1802585583511127,自动归类成功
匿名文件_行号_1723,数据集3,0,0.8372838829154193,0.7464387450757689,0.9373881521920955,自动归类成功
匿名文件_行号_1724,数据集3,0,0.8146119841144615,0.7150105533380529,1.0372564574871501,自动归类成功
匿名文件_行号_1725,数据集3,0,0.8472250617098928,0.7600645127024487,0.8903144681302556,自动归类成功
匿名文件_行号_1726,数据集3,0,0.8172613463733386,0.7138524550500208,1.015535961503051,自动归类成功
匿名文件_行号_1727,数据集3,0,0.7608127590165427,0.6307197361263057,1.2309978910965402,自动归类成功
匿名文件_行号_1728,数据集3,0,0.8199174009307855,0.7202109865010702,1.0077639760158295,自动归类成功
匿名文件_行号_1729,数据集3,0,0.7957731748429869,0.6816283262763083,1.1005703494802574,自动归类成功
匿名文件_行号_1730,数据集3,0,0.7874150336155058,0.6733751253652863,1.1412184213308878,自动归类成功
匿名文件_行号_1731,数据集3,0,0.766114673720743,0.6289572639929614,1.1942924640484787,自动归类成功
匿名文件_行号_1732,数据集3,0,0.8169254021811154,0.7187435200936071,1.0279776835426109,自动归类成功
匿名文件_行号_1733,数据集3,0,0.8419697997229656,0.7559249753433657,0.920354241351076,自动归类成功
匿名文件_行号_1734,数据集3,0,0.5954959080786525,0.3144648081020095,1.5640597653214765,自动归类成功
匿名文件_行号_1735,数据集3,0,0.8527982905202218,0.7789173936516796,0.8892441538694283,自动归类成功
匿名文件_行号_1736,数据集3,0,0.8311615534406149,0.7406902106110367,0.9692250363524115,自动归类成功
匿名文件_行号_1737,数据集3,0,0.7975930538790963,0.6784520253238966,1.0824483252325214,自动归类成功
匿名文件_行号_1738,数据集3,0,0.8219488050858915,0.7370032465612024,1.030293378880019,自动归类成功
匿名文件_行号_1739,数据集3,0,0.8168091584962737,0.7231279095530383,1.0336230811546203,自动归类成功
匿名文件_行号_1740,数据集3,0,0.8398296540407473,0.7522944984453854,0.9275208258912656,自动归类成功
匿名文件_行号_1741,数据集3,0,0.8452982531843686,0.7731563827453927,0.9208895717520692,自动归类成功
匿名文件_行号_1742,数据集3,0,0.7926742582859939,0.682375205969388,1.1280885546127577,自动归类成功
匿名文件_行号_1743,数据集3,0,0.7912921215709141,0.6682368397644206,1.1028106159997344,自动归类成功
匿名文件_行号_1744,数据集3,0,0.8356450692211611,0.7467520299802535,0.9490539073107871,自动归类成功
匿名文件_行号_1745,数据集3,0,0.8657791721279469,0.7969563345586149,0.8267147121362756,自动归类成功
匿名文件_行号_1746,数据集3,0,0.7770108965705109,0.6413201729289293,1.144381244990442,自动归类成功
匿名文件_行号_1747,数据集3,0,0.833035842091501,0.7451776539197265,0.9671924632825897,自动归类成功
匿名文件_行号_1748,数据集3,0,0.7754069925697449,0.6767381782212808,1.203353454538438,自动归类成功
匿名文件_行号_1749,数据集3,0,0.8138795334069593,0.7120752442510725,1.0391981396740513,自动归类成功
匿名文件_行号_1750,数据集3,0,0.8223626011646219,0.7226166189402894,0.9968897514580011,自动归类成功
匿名文件_行号_1751,数据集3,0,0.7840818055546833,0.6678199109610345,1.1519855666002703,自动归类成功
匿名文件_行号_1752,数据集3,0,0.8161327458622665,0.7092330196211524,1.0124394661732528,自动归类成功
匿名文件_行号_1753,数据集3,0,0.798075682990781,0.6847601691633494,1.0909311463718077,自动归类成功
匿名文件_行号_1754,数据集3,0,0.7288505603210738,0.6073952258366089,1.3910283452066936,自动归类成功
匿名文件_行号_1755,数据集3,0,0.6636357595000577,0.4288268633238584,1.4077737209638614,自动归类成功
匿名文件_行号_1756,数据集3,0,0.8430726534519074,0.7611448216232882,0.9193815016807341,自动归类成功
匿名文件_行号_1757,数据集3,0,0.7909877766245051,0.6714050722634615,1.1120750219657336,自动归类成功
匿名文件_行号_1758,数据集3,0,0.8271743757549822,0.7300738897549897,0.9755296435949419,自动归类成功
匿名文件_行号_1759,数据集3,0,0.8058342628560018,0.7014825289189398,1.0698739803085429,自动归类成功
匿名文件_行号_1760,数据集3,0,0.8202851336478043,0.7144421111094148,0.9926005345003939,自动归类成功
匿名文件_行号_1761,数据集3,0,0.7691597646096616,0.6420469144505374,1.2002199200292971,自动归类成功
匿名文件_行号_1762,数据集3,0,0.7556091600956918,0.5872925524105138,1.1632038925727375,自动归类成功
匿名文件_行号_1763,数据集3,0,0.7626768925405918,0.6340962092621637,1.2268117551883473,自动归类成功
匿名文件_行号_1764,数据集3,0,0.8056720069413313,0.7040905946500825,1.0790414971623787,自动归类成功
匿名文件_行号_1765,数据集3,0,0.8004929155157539,0.6951640333235968,1.1014171156683612,自动归类成功
匿名文件_行号_1766,数据集3,0,0.801484680134026,0.6906870337171486,1.0793020745825723,自动归类成功
匿名文件_行号_1767,数据集3,0,0.8138863097158853,0.7088068469941846,1.0282881960161048,自动归类成功
匿名文件_行号_1768,数据集3,0,0.7744209524618686,0.6471914776399655,1.1744803245915343,自动归类成功
匿名文件_行号_1769,数据集3,0,0.7717433897935342,0.6504407741989287,1.1989953386455645,自动归类成功
匿名文件_行号_1770,数据集3,0,0.8396077467190027,0.7523794590837956,0.9310999890435542,自动归类成功
匿名文件_行号_1771,数据集3,0,0.7415214718490704,0.593472093951049,1.2812847308949091,自动归类成功
匿名文件_行号_1772,数据集3,0,0.8184815488833307,0.7140366477664795,1.0052472203325458,自动归类成功
匿名文件_行号_1773,数据集3,0,0.8489504846829176,0.777347022542404,0.9131294443479901,自动归类成功
匿名文件_行号_1774,数据集3,0,0.741040645720068,0.5733062286048102,1.239453128409789,自动归类成功
匿名文件_行号_1775,数据集3,0,0.8319488493229483,0.7559581611778707,0.9795495315684357,自动归类成功
匿名文件_行号_1776,数据集3,0,0.8202822325825014,0.7286266103131703,1.0250405064162647,自动归类成功
匿名文件_行号_1777,数据集3,0,0.818402605744618,0.715657510436759,1.0086666702106022,自动归类成功
匿名文件_行号_1778,数据集3,0,0.8273373307919901,0.7415919289070925,0.9991705062603464,自动归类成功
匿名文件_行号_1779,数据集3,0,0.716687544280364,0.5388221602254575,1.328763158969633,自动归类成功
匿名文件_行号_1780,数据集3,0,0.8290314946871845,0.7400163467138972,0.9802218375747148,自动归类成功
匿名文件_行号_1781,数据集3,0,0.8411165263753582,0.7566947638574081,0.9258899967882147,自动归类成功
匿名文件_行号_1782,数据集3,0,0.8149666115695104,0.7047984249859127,1.0117434520847002,自动归类成功
匿名文件_行号_1783,数据集3,0,0.5729884807976785,0.2201401395386713,1.4104218219170137,自动归类成功
匿名文件_行号_1784,数据集3,0,0.7746943129029353,0.6376924303616652,1.1523994876503356,自动归类成功
匿名文件_行号_1785,数据集3,0,0.7860092159025018,0.6653942602234109,1.1336239897339204,自动归类成功
匿名文件_行号_1786,数据集3,0,0.8311179116516342,0.7380258419962185,0.9653451743265024,自动归类成功
匿名文件_行号_1787,数据集3,-1,0.4001060727157098,0.1484566322892542,2.060641277162686,多类别特征 (倾向类别 0 与 1)
匿名文件_行号_1788,数据集3,0,0.793973162577804,0.6792659246113033,1.1082315635301399,自动归类成功
匿名文件_行号_1789,数据集3,0,0.7601098855974058,0.5953445036786008,1.1502896295736977,自动归类成功
匿名文件_行号_1790,数据集3,0,0.8173878067020918,0.7171852491510454,1.0207055691168863,自动归类成功
匿名文件_行号_1791,数据集3,0,0.7920869810258337,0.66868001172141,1.0968046901107675,自动归类成功
匿名文件_行号_1792,数据集3,0,0.8576395036743312,0.785015892557819,0.8640814372223983,自动归类成功
匿名文件_行号_1793,数据集3,2,0.8494737145643669,0.7373534359777132,0.8020235793023598,自动归类成功
匿名文件_行号_1794,数据集3,0,0.8201472854157584,0.7172805658939401,1.0004893728775859,自动归类成功
匿名文件_行号_1795,数据集3,0,0.7630875508148248,0.6350273564570739,1.2210961129419622,自动归类成功
匿名文件_行号_1796,数据集3,0,0.7838282941466819,0.6842548809139908,1.1744055646448324,自动归类成功
匿名文件_行号_1797,数据集3,0,0.803158482039284,0.6812595445099247,1.0421422892206589,自动归类成功
匿名文件_行号_1798,数据集3,0,0.8152785607795505,0.7020053617781643,1.0019222313676892,自动归类成功
匿名文件_行号_1799,数据集3,0,0.8277922039761172,0.7336246907011187,0.9782825484343194,自动归类成功
匿名文件_行号_1800,数据集3,0,0.8426077578834997,0.7588779605241657,0.9219363311060855,自动归类成功
匿名文件_行号_1801,数据集3,0,0.8044281122247683,0.6927500996811806,1.0620435678004931,自动归类成功
匿名文件_行号_1802,数据集3,0,0.7732143389542334,0.6487098901398983,1.1902157009242325,自动归类成功
匿名文件_行号_1803,数据集3,0,0.7937389346745887,0.6711572346482741,1.0915887806236704,自动归类成功
匿名文件_行号_1804,数据集3,0,0.8157203877235164,0.721479025834571,1.0404619767059957,自动归类成功
匿名文件_行号_1805,数据集3,0,0.8349765055454297,0.7484252793763079,0.9577014414514096,自动归类成功
匿名文件_行号_1806,数据集3,0,0.7597720246292532,0.6297173248370994,1.2387680919147874,自动归类成功
匿名文件_行号_1807,数据集3,0,0.864832011765852,0.7932566491128984,0.826501034650409,自动归类成功
匿名文件_行号_1808,数据集3,0,0.8479305764062984,0.7693684261836248,0.9033203836206971,自动归类成功
匿名文件_行号_1809,数据集3,0,0.8065588239880421,0.6982461420449481,1.0590099564446653,自动归类成功
匿名文件_行号_1810,数据集3,0,0.8371383401612206,0.7540256874248031,0.9527367423480004,自动归类成功
匿名文件_行号_1811,数据集3,0,0.8150411833761129,0.7313323026529394,1.0585591048703877,自动归类成功
匿名文件_行号_1812,数据集3,0,0.6245701008768418,0.34385149332817205,1.4361036790200203,自动归类成功
匿名文件_行号_1813,数据集3,0,0.844813394853013,0.7601852670331906,0.9068807643577765,自动归类成功
匿名文件_行号_1814,数据集3,0,0.8042163810389091,0.6942721327056601,1.0665425399965043,自动归类成功
匿名文件_行号_1815,数据集3,0,0.7962599497760439,0.6793207556682358,1.091266733736002,自动归类成功
匿名文件_行号_1816,数据集3,0,0.8329629192442883,0.7453201579536812,0.9664923183930366,自动归类成功
匿名文件_行号_1817,数据集3,0,0.7699096478882168,0.6434776191479329,1.1984814611040986,自动归类成功
匿名文件_行号_1818,数据集3,0,0.6140858187991397,0.3593888655182936,1.5664931172243572,自动归类成功
匿名文件_行号_1819,数据集3,0,0.7891819332129256,0.6634931630243666,1.1067630029415005,自动归类成功
匿名文件_行号_1820,数据集3,0,0.8063601877041324,0.7103013786905066,1.0875246342199925,自动归类成功
匿名文件_行号_1821,数据集3,0,0.6903287103007437,0.4986262637777136,1.4102669745262968,自动归类成功
匿名文件_行号_1822,数据集3,0,0.8058303524332735,0.7005725957167243,1.0674716484534479,自动归类成功
匿名文件_行号_1823,数据集3,0,0.7769259237504176,0.6317341834073589,1.1198617352991902,自动归类成功
匿名文件_行号_1824,数据集3,0,0.8383002092631477,0.7551940608254015,0.9485435288477032,自动归类成功
匿名文件_行号_1825,数据集3,0,0.8495381493189604,0.7710797056396217,0.895252274179832,自动归类成功
匿名文件_行号_1826,数据集3,0,0.843576902802561,0.7620152597204136,0.9233668419235469,自动归类成功
匿名文件_行号_1827,数据集3,0,0.8510950573560181,0.7808880559144671,0.9036627573981041,自动归类成功
匿名文件_行号_1828,数据集3,0,0.7143203979240051,0.5192399469402594,1.2926448801659833,自动归类成功
匿名文件_行号_1829,数据集3,0,0.7938265862073256,0.671388924673522,1.090207328747597,自动归类成功
匿名文件_行号_1830,数据集3,0,0.7798250520238191,0.6649802962915197,1.175784470394831,自动归类成功
匿名文件_行号_1831,数据集3,0,0.794883984178027,0.7047938704194473,1.1371663047096587,自动归类成功
匿名文件_行号_1832,数据集3,0,0.7661508102916135,0.6444532780443618,1.2283977207463859,自动归类成功
匿名文件_行号_1833,数据集3,0,0.7941864797346934,0.6672642034461985,1.0788720006096546,自动归类成功
匿名文件_行号_1834,数据集3,0,0.8301324446203036,0.7414485005213114,0.9812690501360034,自动归类成功
匿名文件_行号_1835,数据集3,0,0.7085795200223275,0.5164791322905486,1.327545323859627,自动归类成功
匿名文件_行号_1836,数据集3,0,0.8376870957443091,0.746950619347867,0.9356712660580406,自动归类成功
匿名文件_行号_1837,数据集3,0,0.8189943075503088,0.7310984995046659,1.040099456567567,自动归类成功
匿名文件_行号_1838,数据集3,0,0.8036979643162737,0.6913772560385669,1.0639621377293191,自动归类成功
匿名文件_行号_1839,数据集3,0,0.7942036869038537,0.7059765210514164,1.1583669293371643,自动归类成功
匿名文件_行号_1840,数据集3,0,0.5861109272479585,0.2796061748773468,1.5230933414429284,自动归类成功
匿名文件_行号_1841,数据集3,0,0.7663496123120641,0.622421253820619,1.1777119371394968,自动归类成功
匿名文件_行号_1842,数据集3,0,0.7992475123409001,0.6855427181163035,1.084076886794658,自动归类成功
匿名文件_行号_1843,数据集3,0,0.7859963893027041,0.6388152417359381,1.0658082788431356,自动归类成功
匿名文件_行号_1844,数据集3,0,0.8438865636257242,0.7655089438087218,0.9281022114220311,自动归类成功
匿名文件_行号_1845,数据集3,0,0.851080052964132,0.7734142128864968,0.8873659876650163,自动归类成功
匿名文件_行号_1846,数据集3,0,0.7918864412727835,0.6919975605546931,1.1538835906391716,自动归类成功
匿名文件_行号_1847,数据集3,0,0.8683233603372117,0.8026271101355809,0.8187357552391218,自动归类成功
匿名文件_行号_1848,数据集3,0,0.7948303346879811,0.6861149317482025,1.117243035113536,自动归类成功
匿名文件_行号_1849,数据集3,0,0.8204544627969387,0.7179881497913886,1.0000165170343218,自动归类成功
匿名文件_行号_1850,数据集3,0,0.8171945118835091,0.7187619560777698,1.0261816453055648,自动归类成功
匿名文件_行号_1851,数据集3,0,0.7618390916603882,0.6241815696248172,1.2160213305781888,自动归类成功
匿名文件_行号_1852,数据集3,0,0.7389179944339688,0.5960604537646039,1.3129916349037891,自动归类成功
匿名文件_行号_1853,数据集3,0,0.7952314405980142,0.6813221329089466,1.1062427110627064,自动归类成功
匿名文件_行号_1854,数据集3,0,0.7312455222756379,0.561942053178818,1.2792977236414655,自动归类成功
匿名文件_行号_1855,数据集3,0,0.7338860912154049,0.5996204536151326,1.3449492717717884,自动归类成功
匿名文件_行号_1856,数据集3,0,0.7824485268160943,0.692464658954228,1.1761614886323146,自动归类成功
匿名文件_行号_1857,数据集3,0,0.7982842156534393,0.6825820098036363,1.0830039340243431,自动归类成功
匿名文件_行号_1858,数据集3,0,0.8388323779214208,0.7539582653132626,0.9397638837479337,自动归类成功
匿名文件_行号_1859,数据集3,0,0.8028426896629385,0.6907011013602069,1.0684394570508557,自动归类成功
匿名文件_行号_1860,数据集3,0,0.8091356328402537,0.6985884292953879,1.03994862356918,自动归类成功
匿名文件_行号_1861,数据集3,0,0.8498685213289159,0.7682870695934785,0.8887940140493003,自动归类成功
匿名文件_行号_1862,数据集3,0,0.7918889691327892,0.6687562590348695,1.0984462317186148,自动归类成功
匿名文件_行号_1863,数据集3,0,0.7848613237386444,0.673905991292216,1.1592159370851989,自动归类成功
匿名文件_行号_1864,数据集3,0,0.7681988676167516,0.6380817790896799,1.1999993593869698,自动归类成功
匿名文件_行号_1865,数据集3,0,0.8620691139773368,0.7901923802707354,0.8389987032959455,自动归类成功
匿名文件_行号_1866,数据集3,0,0.7914083066345696,0.6692171219455343,1.102597271989625,自动归类成功
匿名文件_行号_1867,数据集3,0,0.7217039809751323,0.5528683078933677,1.327241923038671,自动归类成功
匿名文件_行号_1868,数据集3,0,0.8088529585979095,0.7021539585309834,1.0505318821856853,自动归类成功
匿名文件_行号_1869,数据集3,0,0.8550191047614475,0.7802521973110823,0.8712269115138194,自动归类成功
匿名文件_行号_1870,数据集3,0,0.8162861092282044,0.7199649915842296,1.0362438375088938,自动归类成功
匿名文件_行号_1871,数据集3,0,0.8171072873343761,0.7135814365848978,1.0151353002450356,自动归类成功
匿名文件_行号_1872,数据集3,0,0.6073082099198925,0.29083575716699483,1.3895738796500234,自动归类成功
匿名文件_行号_1873,数据集3,0,0.7688622079258101,0.6630856147596433,1.2237921010905795,自动归类成功
匿名文件_行号_1874,数据集3,0,0.5761758183764714,0.28819848671834736,1.6198382055779965,自动归类成功
匿名文件_行号_1875,数据集3,0,0.7835116638439834,0.6618473068409818,1.1419552583581436,自动归类成功
匿名文件_行号_1876,数据集3,0,0.8488975016140997,0.7746157393306663,0.9055297543700221,自动归类成功
匿名文件_行号_1877,数据集3,0,0.7851507303203935,0.6870958443368003,1.1637559674921436,自动归类成功
匿名文件_行号_1878,数据集3,0,0.8525557825141868,0.7709959386915783,0.8715597958574482,自动归类成功
匿名文件_行号_1879,数据集3,0,0.8412070140070157,0.7645971163970482,0.9443053712883857,自动归类成功
匿名文件_行号_1880,数据集3,0,0.835249594324553,0.7506131543856303,0.957959078932576,自动归类成功
匿名文件_行号_1881,数据集3,0,0.8361731273361195,0.749171280860243,0.9568151919876559,自动归类成功
匿名文件_行号_1882,数据集3,0,0.751088757523507,0.6084537966852883,1.2523094944210709,自动归类成功
匿名文件_行号_1883,数据集3,0,0.7970108768123879,0.6815098939122735,1.0917537562925446,自动归类成功
匿名文件_行号_1884,数据集3,0,0.8314772620369053,0.7402607664903055,0.9656222898109107,自动归类成功
匿名文件_行号_1885,数据集3,0,0.840553212394844,0.7586826430475178,0.9376504234050331,自动归类成功
匿名文件_行号_1886,数据集3,0,0.8062503711571308,0.6940384535102364,1.0518111987118548,自动归类成功
匿名文件_行号_1887,数据集3,0,0.8674041410138286,0.8005967097937738,0.820469185341404,自动归类成功
匿名文件_行号_1888,数据集3,0,0.844317730988311,0.7600260211016096,0.9111871839231813,自动归类成功
匿名文件_行号_1889,数据集3,0,0.8497718246954978,0.7709644037070527,0.8934310604013874,自动归类成功
匿名文件_行号_1890,数据集3,0,0.8447527238432325,0.7631322476505563,0.9153372133324984,自动归类成功
匿名文件_行号_1891,数据集3,0,0.8369421469721492,0.7552339629704191,0.9566399894828533,自动归类成功
匿名文件_行号_1892,数据集3,0,0.8121808388178386,0.711748764415674,1.048482060055688,自动归类成功
匿名文件_行号_1893,数据集3,0,0.8372055020381549,0.749854399466066,0.9433297151699614,自动归类成功
匿名文件_行号_1894,数据集3,0,0.8431132230333547,0.7604194709897645,0.9224090085671544,自动归类成功
匿名文件_行号_1895,数据集3,0,0.8434746784156181,0.7576717639143855,0.9130039597556857,自动归类成功
匿名文件_行号_1896,数据集3,0,0.8214740614929373,0.7181251176601351,0.9926804026922692,自动归类成功
匿名文件_行号_1897,数据集3,0,0.6903963960173489,0.48314911058534793,1.3716816193826757,自动归类成功
匿名文件_行号_1898,数据集3,0,0.769974951866766,0.6417955540263165,1.1910772267011134,自动归类成功
匿名文件_行号_1899,数据集3,0,0.8614665569936701,0.7995230762370578,0.8619518453520917,自动归类成功
匿名文件_行号_1900,数据集3,0,0.8404607852791653,0.7540127010051456,0.926505900576216,自动归类成功
匿名文件_行号_1901,数据集3,0,0.7741583298596302,0.6458215490919761,1.1752242767785768,自动归类成功
匿名文件_行号_1902,数据集3,0,0.8319335776515859,0.7429282841006166,0.97018611740731,自动归类成功
匿名文件_行号_1903,数据集3,0,0.6836932877382154,0.46501202541154135,1.36774938233314,自动归类成功
匿名文件_行号_1904,数据集3,0,0.8312123623126104,0.7383728895939667,0.9652461038859435,自动归类成功
匿名文件_行号_1905,数据集3,0,0.8545137592708284,0.7774936857853215,0.8713330226208709,自动归类成功
匿名文件_行号_1906,数据集3,0,0.7892051995962933,0.6766729624468824,1.1401585395194056,自动归类成功
匿名文件_行号_1907,数据集3,0,0.8473656948341585,0.7649443297937837,0.9015799596328444,自动归类成功
匿名文件_行号_1908,数据集3,0,0.813668166493751,0.7132555867226025,1.0378243760138366,自动归类成功
匿名文件_行号_1909,数据集3,0,0.8279788277936535,0.7544835794403476,1.0051132346324085,自动归类成功
匿名文件_行号_1910,数据集3,0,0.7945789299161878,0.6803535953699505,1.1066057156428786,自动归类成功
匿名文件_行号_1911,数据集3,0,0.822729192848305,0.7279806651321058,1.0060421031661446,自动归类成功
匿名文件_行号_1912,数据集3,0,0.846861273569933,0.7639186444412953,0.9018341559181875,自动归类成功
匿名文件_行号_1913,数据集3,0,0.8739985201259762,0.8123264984810528,0.7930293535230611,自动归类成功
匿名文件_行号_1914,数据集3,0,0.8496002064544232,0.7763796565587134,0.904188607672616,自动归类成功
匿名文件_行号_1915,数据集3,0,0.8509199378249461,0.7731250605998317,0.8892370027692915,自动归类成功
匿名文件_行号_1916,数据集3,0,0.7621735640919818,0.6288447943861994,1.2195893857229714,自动归类成功
匿名文件_行号_1917,数据集3,0,0.8952832930126079,0.8491357606068646,0.6990087183641742,自动归类成功
匿名文件_行号_1918,数据集3,0,0.8253822162224149,0.7314201344095113,0.9920080937159732,自动归类成功
匿名文件_行号_1919,数据集3,0,0.8625932120295535,0.7864189213719178,0.8279356939447396,自动归类成功
匿名文件_行号_1920,数据集3,0,0.813118186683707,0.708931368677212,1.0347920812550457,自动归类成功
匿名文件_行号_1921,数据集3,0,0.8349639833870182,0.7422967099919446,0.94467746500369,自动归类成功
匿名文件_行号_1922,数据集3,0,0.8655076953374353,0.7905700147630896,0.8142926777901911,自动归类成功
匿名文件_行号_1923,数据集3,0,0.7722580396961642,0.6473447022353358,1.194198474158283,自动归类成功
匿名文件_行号_1924,数据集3,0,0.7300434327759845,0.573826930647572,1.3097554142821426,自动归类成功
匿名文件_行号_1925,数据集3,0,0.7871025238734047,0.6616103886419371,1.1159130891657654,自动归类成功
匿名文件_行号_1926,数据集3,0,0.8017345482117141,0.7004138112862252,1.0977032286826858,自动归类成功
匿名文件_行号_1927,数据集3,0,0.821253608194837,0.7309346656212767,1.0221164565880887,自动归类成功
匿名文件_行号_1928,数据集3,0,0.8542881208327012,0.7746579249503769,0.8671173891710338,自动归类成功
匿名文件_行号_1929,数据集3,0,0.8506977754069207,0.7673533138213019,0.879439758264528,自动归类成功
匿名文件_行号_1930,数据集3,0,0.6927313067340681,0.5339812483730239,1.4783072447173768,自动归类成功
匿名文件_行号_1931,数据集3,0,0.7981863352727323,0.6798284391105552,1.0823244349132768,自动归类成功
匿名文件_行号_1932,数据集3,0,0.8358719368408745,0.7536083493161896,0.9618335523683623,自动归类成功
匿名文件_行号_1933,数据集3,0,0.8224085992844883,0.7241165613520816,0.9992894474661894,自动归类成功
匿名文件_行号_1934,数据集3,0,0.8467823292669894,0.7638989692814504,0.9012609853797098,自动归类成功
匿名文件_行号_1935,数据集3,0,0.841070323258266,0.757286750115354,0.9311975678636336,自动归类成功
匿名文件_行号_1936,数据集3,0,0.8052085470536321,0.6946362093926824,1.0608777421358269,自动归类成功
匿名文件_行号_1937,数据集3,0,0.8365703174100233,0.7586295867622375,0.9645015692212868,自动归类成功
匿名文件_行号_1938,数据集3,0,0.8344609777723025,0.7409712020842585,0.9465874264059299,自动归类成功
匿名文件_行号_1939,数据集3,0,0.747320146868677,0.582766928912122,1.2151596003904566,自动归类成功
匿名文件_行号_1940,数据集3,0,0.7607321746446131,0.6125642635559008,1.1948505791249378,自动归类成功
匿名文件_行号_1941,数据集3,0,0.777332659008718,0.651800346426219,1.16615866776283,自动归类成功
匿名文件_行号_1942,数据集3,0,0.7736638197275376,0.6637985478905324,1.220158513732864,自动归类成功
匿名文件_行号_1943,数据集3,0,0.8503552756534339,0.775477634524315,0.8990046305538224,自动归类成功
匿名文件_行号_1944,数据集3,0,0.8463526907158854,0.762851574000554,0.9028117485696797,自动归类成功
匿名文件_行号_1945,数据集3,0,0.7794481867937897,0.6296140079137125,1.0947358549052228,自动归类成功
匿名文件_行号_1946,数据集3,0,0.8347640252394147,0.747537321154867,0.9592261932966994,自动归类成功
匿名文件_行号_1947,数据集3,0,0.8265382147747214,0.7342022798125937,0.9942335335992069,自动归类成功
匿名文件_行号_1948,数据集3,0,0.8592788950248657,0.7909721480789139,0.8600237013059597,自动归类成功
匿名文件_行号_1949,数据集3,0,0.8424859959560361,0.7575500749292723,0.9213461605811423,自动归类成功
匿名文件_行号_1950,数据集3,0,0.8014540981036646,0.6899511151269028,1.07732390112268,自动归类成功
匿名文件_行号_1951,数据集3,0,0.8179561380807824,0.7066784650990706,0.990190019321759,自动归类成功
匿名文件_行号_1952,数据集3,0,0.7783322228986491,0.6530711153999571,1.16110552413093,自动归类成功
匿名文件_行号_1953,数据集3,0,0.7556000357880795,0.6192490618115524,1.2487550850356024,自动归类成功
匿名文件_行号_1954,数据集3,0,0.8056937280967743,0.7063557210200627,1.0718493281325066,自动归类成功
匿名文件_行号_1955,数据集3,0,0.8528463185946139,0.7758217042439226,0.8802639421939658,自动归类成功
匿名文件_行号_1956,数据集3,0,0.8566198719264853,0.7810608267958391,0.8633043209836319,自动归类成功
匿名文件_行号_1957,数据集3,0,0.8198256035755639,0.7205967184600208,1.0081312654307684,自动归类成功
匿名文件_行号_1958,数据集3,0,0.8218060310284464,0.7186067666505331,0.9908951755684466,自动归类成功
匿名文件_行号_1959,数据集3,0,0.8068856038814038,0.7003313212510952,1.06119380692589,自动归类成功
匿名文件_行号_1960,数据集3,0,0.8248663127310002,0.7315279407940946,0.9952667775763381,自动归类成功
匿名文件_行号_1961,数据集3,0,0.8099113144160023,0.7037461818633686,1.0458778259687866,自动归类成功
匿名文件_行号_1962,数据集3,0,0.8034700956727986,0.6944878306104186,1.0727617858743315,自动归类成功
匿名文件_行号_1963,数据集3,0,0.7785295517479003,0.6768712647147405,1.199598589426627,自动归类成功
匿名文件_行号_1964,数据集3,0,0.8147420542124513,0.7075726108910101,1.019527470691629,自动归类成功
匿名文件_行号_1965,数据集3,0,0.777549342209958,0.6528363710327283,1.1663627858783174,自动归类成功
匿名文件_行号_1966,数据集3,0,0.8210147372920766,0.7225724220732112,1.0057466141144467,自动归类成功
匿名文件_行号_1967,数据集3,0,0.7675156801856917,0.6294616604200631,1.1900359916623249,自动归类成功
匿名文件_行号_1968,数据集3,0,0.7569108469404063,0.6074685916790021,1.2100288224540028,自动归类成功
匿名文件_行号_1969,数据集3,0,0.8224385705876461,0.7243564948368584,1.0015026572175403,自动归类成功
匿名文件_行号_1970,数据集3,0,0.8378720625114097,0.755678845211372,0.9541596209031908,自动归类成功
匿名文件_行号_1971,数据集3,0,0.7640522126648669,0.6132025877554629,1.170223594255624,自动归类成功
匿名文件_行号_1972,数据集3,0,0.8758864083345512,0.8115772742564081,0.7755442221396571,自动归类成功
匿名文件_行号_1973,数据集3,0,0.8573906200313717,0.7772753408757104,0.8487725343557355,自动归类成功
匿名文件_行号_1974,数据集3,0,0.855450188809432,0.7905362265629127,0.8862443328135642,自动归类成功
匿名文件_行号_1975,数据集3,0,0.8517643004912052,0.7760189825093138,0.8914127059357498,自动归类成功
匿名文件_行号_1976,数据集3,0,0.7293287898660225,0.5770201885064681,1.327058826281288,自动归类成功
匿名文件_行号_1977,数据集3,0,0.8772934176190189,0.8154358930657761,0.7748652214957858,自动归类成功
匿名文件_行号_1978,数据集3,0,0.8342289826439124,0.743932084764875,0.9538182338021628,自动归类成功
匿名文件_行号_1979,数据集3,0,0.7902185888241173,0.6992638392989328,1.1625563307250693,自动归类成功
匿名文件_行号_1980,数据集3,0,0.8306245633874998,0.7427496837551734,0.9769954799202243,自动归类成功
匿名文件_行号_1981,数据集3,0,0.7847463630788984,0.6555583343792377,1.1161147120937482,自动归类成功
匿名文件_行号_1982,数据集3,0,0.8391332226838896,0.7646565228901478,0.9534478824482775,自动归类成功
匿名文件_行号_1983,数据集3,0,0.8213562723289186,0.7261967139335094,1.0116779027235063,自动归类成功
匿名文件_行号_1984,数据集3,0,0.7381856757880713,0.6040803283784066,1.331670601494266,自动归类成功
匿名文件_行号_1985,数据集3,0,0.849396432445411,0.7727113660498223,0.9027561064773089,自动归类成功
匿名文件_行号_1986,数据集3,0,0.8594454072681063,0.787320906453184,0.8562125559829289,自动归类成功
匿名文件_行号_1987,数据集3,0,0.7261343474654707,0.5521083359119634,1.284977568395215,自动归类成功
匿名文件_行号_1988,数据集3,0,0.7315557673600074,0.5883451685919401,1.3398857573180007,自动归类成功
匿名文件_行号_1989,数据集3,0,0.837167533973468,0.7475690786766916,0.9406863240541634,自动归类成功
匿名文件_行号_1990,数据集3,0,0.7681153867360185,0.6441058355605451,1.2140126101373865,自动归类成功
匿名文件_行号_1991,数据集3,0,0.7854165134756045,0.6920687890114284,1.1665688345596459,自动归类成功
匿名文件_行号_1992,数据集3,0,0.8073552619473413,0.7163374774118106,1.0793629034859447,自动归类成功
匿名文件_行号_1993,数据集3,0,0.8075237427385094,0.6998671494670048,1.0558570346074265,自动归类成功
匿名文件_行号_1994,数据集3,0,0.8739177216047709,0.8058173637386425,0.7796601295597466,自动归类成功
匿名文件_行号_1995,数据集3,0,0.7649184190711997,0.6270508381764234,1.1985937535401034,自动归类成功
匿名文件_行号_1996,数据集3,0,0.8366604014881533,0.7423821521836735,0.9323152570539377,自动归类成功
匿名文件_行号_1997,数据集3,0,0.832425222213269,0.7402526385987218,0.9608805601057977,自动归类成功
匿名文件_行号_1998,数据集3,0,0.7799901056214534,0.641602908394612,1.1211507185781013,自动归类成功
匿名文件_行号_1999,数据集3,0,0.8261311901424699,0.729130219616472,0.9830031723426993,自动归类成功
匿名文件_行号_2000,数据集3,0,0.8344294019809748,0.7438184349809258,0.9534278099788976,自动归类成功
匿名文件_行号_2001,数据集3,0,0.8702910552656384,0.8058073686130167,0.807387080325086,自动归类成功
匿名文件_行号_2002,数据集3,0,0.8211558806885974,0.724245277841969,1.0098698550284666,自动归类成功
匿名文件_行号_2003,数据集3,0,0.74843684285601,0.6036984967003953,1.2642441802428883,自动归类成功
匿名文件_行号_2004,数据集3,0,0.7418466387527709,0.5892722895499207,1.268596977125741,自动归类成功
匿名文件_行号_2005,数据集3,0,0.7122060218212477,0.5177702969195365,1.3023075933748105,自动归类成功
匿名文件_行号_2006,数据集3,0,0.7787739524419175,0.6522019351684343,1.1606031854124934,自动归类成功
匿名文件_行号_2007,数据集3,0,0.8218576563059362,0.7250997264036337,1.0062098122075775,自动归类成功
匿名文件_行号_2008,数据集3,0,0.8460675331961368,0.7646177289453181,0.9097478507120343,自动归类成功
匿名文件_行号_2009,数据集3,0,0.8849481541476137,0.824161960916517,0.7311325127308833,自动归类成功
匿名文件_行号_2010,数据集3,0,0.8279156450005802,0.7396522331197232,0.9894678647005642,自动归类成功
匿名文件_行号_2011,数据集3,0,0.7762873375233474,0.6452407008802732,1.1555083414393266,自动归类成功
匿名文件_行号_2012,数据集3,0,0.7835567990579229,0.6548816150024701,1.13066127468836,自动归类成功
匿名文件_行号_2013,数据集3,0,0.8414510446546517,0.7582207206071411,0.9314934368060933,自动归类成功
匿名文件_行号_2014,数据集3,0,0.8562424781658307,0.7824171126851126,0.8700128328197233,自动归类成功
匿名文件_行号_2015,数据集3,0,0.8658076370383511,0.7954336707144387,0.8224166231962111,自动归类成功
匿名文件_行号_2016,数据集3,0,0.8165900234198747,0.7140491199184301,1.0211038910451355,自动归类成功
匿名文件_行号_2017,数据集3,0,0.6799679504698176,0.49689369713474957,1.4765011135837436,自动归类成功
匿名文件_行号_2018,数据集3,0,0.7781225660180492,0.6419152735380875,1.136784168850527,自动归类成功
匿名文件_行号_2019,数据集3,0,0.8156300263332917,0.7057090680720008,1.0081199628172626,自动归类成功
匿名文件_行号_2020,数据集3,0,0.7949290409953089,0.6849125116979413,1.11710427977783,自动归类成功
匿名文件_行号_2021,数据集3,0,0.8405225268550713,0.755116247825928,0.9297459477962701,自动归类成功
匿名文件_行号_2022,数据集3,0,0.7520370267605856,0.6033529648721934,1.2298515238535208,自动归类成功
匿名文件_行号_2023,数据集3,0,0.844979964753472,0.7644907801972185,0.9156628179942532,自动归类成功
匿名文件_行号_2024,数据集3,0,0.8076411311748544,0.7031892645413043,1.062157111075024,自动归类成功
匿名文件_行号_2025,数据集3,0,0.8284881828419741,0.7393851825460888,0.9851312656232422,自动归类成功
匿名文件_行号_2026,数据集3,0,0.8159203668025544,0.7042502042169811,1.0037782413243903,自动归类成功
匿名文件_行号_2027,数据集3,0,0.8430544883213826,0.7564991883913367,0.9130937556333267,自动归类成功
匿名文件_行号_2028,数据集3,0,0.7944530449916855,0.668383145431074,1.0792605193066414,自动归类成功
匿名文件_行号_2029,数据集3,0,0.7388278819316642,0.5580617693756253,1.2114327688774833,自动归类成功
匿名文件_行号_2030,数据集3,0,0.8543299444394462,0.7769587688256467,0.8725377712218041,自动归类成功
匿名文件_行号_2031,数据集3,0,0.8633362795660081,0.797958124865124,0.8475083226198714,自动归类成功
匿名文件_行号_2032,数据集3,0,0.8208083867395976,0.7191789610360149,0.9996710403218129,自动归类成功
匿名文件_行号_2033,数据集3,0,0.7429265871279546,0.5836926428696715,1.2520355003829327,自动归类成功
匿名文件_行号_2034,数据集3,0,0.8386947585164376,0.7513636544334017,0.9357000160893104,自动归类成功
匿名文件_行号_2035,数据集3,0,0.8462561190102553,0.7625372134459019,0.9021567815242786,自动归类成功
匿名文件_行号_2036,数据集3,0,0.8216093397755022,0.7329494654565933,1.0192832370333205,自动归类成功
匿名文件_行号_2037,数据集3,0,0.8716201898791258,0.8063232557535728,0.7994298051935845,自动归类成功
匿名文件_行号_2038,数据集3,0,0.8416356306783708,0.7511007619585466,0.9125207037694897,自动归类成功
匿名文件_行号_2039,数据集3,0,0.8488770244883179,0.7694888449222336,0.8914253848893883,自动归类成功
匿名文件_行号_2040,数据集3,0,0.8607220083553053,0.796684643698341,0.8629641459743312,自动归类成功
匿名文件_行号_2041,数据集3,0,0.7985263518685747,0.674704267548931,1.0629411065428342,自动归类成功
匿名文件_行号_2042,数据集3,0,0.7557478017122318,0.5946371559109698,1.183494766517761,自动归类成功
匿名文件_行号_2043,数据集3,0,0.773120853820205,0.6475431164507881,1.1830874036907428,自动归类成功
匿名文件_行号_2044,数据集3,0,0.849102860065683,0.7647187110081306,0.885200780922959,自动归类成功
匿名文件_行号_2045,数据集3,0,0.8645365184568827,0.7941052801797694,0.8261358425492733,自动归类成功
匿名文件_行号_2046,数据集3,0,0.8144271501699295,0.7218033565972277,1.0532768847451681,自动归类成功
匿名文件_行号_2047,数据集3,0,0.8420317873753008,0.7635675246146463,0.9301533731443159,自动归类成功
匿名文件_行号_2048,数据集3,0,0.8099818575172325,0.7037855119642247,1.0460854290405683,自动归类成功
匿名文件_行号_2049,数据集3,0,0.8329769288890143,0.738195060711169,0.9512965196051081,自动归类成功
匿名文件_行号_2050,数据集3,0,0.8038950461857617,0.6861684753147925,1.050537978194768,自动归类成功
匿名文件_行号_2051,数据集3,0,0.746333395225248,0.6068786001164939,1.2844434568988201,自动归类成功
匿名文件_行号_2052,数据集3,0,0.7666265196938947,0.6350408295768808,1.2058241344557123,自动归类成功
匿名文件_行号_2053,数据集3,0,0.8914259290289218,0.8368714175980365,0.7048074058852722,自动归类成功
匿名文件_行号_2054,数据集3,0,0.835305162204126,0.7497020162155259,0.9599924240489097,自动归类成功
匿名文件_行号_2055,数据集3,0,0.7742237907591768,0.6759221432987312,1.2331349798839908,自动归类成功
匿名文件_行号_2056,数据集3,0,0.7481741935142872,0.595382830373826,1.243602439950095,自动归类成功
匿名文件_行号_2057,数据集3,0,0.8366240416729778,0.7453724135527999,0.9386589041314084,自动归类成功
匿名文件_行号_2058,数据集3,0,0.83364442639566,0.7402327789667171,0.9508079264904888,自动归类成功
匿名文件_行号_2059,数据集3,0,0.7594944544137802,0.6174642394008991,1.21675020131202,自动归类成功
匿名文件_行号_2060,数据集3,0,0.8332101802189835,0.7445605279480094,0.9623106368994616,自动归类成功
匿名文件_行号_2061,数据集3,0,0.8886315866803488,0.837314716261921,0.7289039600625589,自动归类成功
匿名文件_行号_2062,数据集3,0,0.7763005028254503,0.6538809867408518,1.1807868080187987,自动归类成功
匿名文件_行号_2063,数据集3,0,0.7789714413761051,0.6431745721978623,1.1308194137081644,自动归类成功
匿名文件_行号_2064,数据集3,0,0.7616703538284129,0.6203461675213284,1.205571688470911,自动归类成功
匿名文件_行号_2065,数据集3,0,0.7190270284792676,0.5209480198530961,1.2617290512544161,自动归类成功
匿名文件_行号_2066,数据集3,0,0.8445073360570255,0.7541631689418106,0.8982736011230215,自动归类成功
匿名文件_行号_2067,数据集3,0,0.8246564938509835,0.7204048194302471,0.9752303519484432,自动归类成功
匿名文件_行号_2068,数据集3,0,0.8373456054513825,0.74581634628994,0.9342027579552741,自动归类成功
匿名文件_行号_2069,数据集3,0,0.7106158155144442,0.5875167187020233,1.4634861944152378,自动归类成功
匿名文件_行号_2070,数据集3,0,0.7607233534497184,0.6065932833229277,1.1814142630301572,自动归类成功
匿名文件_行号_2071,数据集3,0,0.8314076007902537,0.7384068337665419,0.9651138312902559,自动归类成功
匿名文件_行号_2072,数据集3,4,0.6377875499550306,0.35853104871086494,1.3840676781206938,自动归类成功
匿名文件_行号_2073,数据集3,0,0.7860477281169134,0.6790037295480404,1.1721497571790924,自动归类成功
匿名文件_行号_2074,数据集3,0,0.810036151578264,0.7034716207814277,1.045262129867089,自动归类成功
匿名文件_行号_2075,数据集3,0,0.872751314671028,0.8153573042106066,0.8039297195188537,自动归类成功
匿名文件_行号_2076,数据集3,0,0.8369216046918122,0.7473100413369894,0.9411470114608226,自动归类成功
匿名文件_行号_2077,数据集3,0,0.8160390729603602,0.6930934909631586,0.9755872407829612,自动归类成功
匿名文件_行号_2078,数据集3,0,0.8266950869960724,0.7294848045633799,0.9799191743331733,自动归类成功
匿名文件_行号_2079,数据集3,0,0.8640502840408048,0.7952213184680308,0.8362277436319967,自动归类成功
匿名文件_行号_2080,数据集3,0,0.8658369417939134,0.8101026634601326,0.8365763801458034,自动归类成功
匿名文件_行号_2081,数据集3,0,0.8338868178200306,0.7528246714664475,0.9674606856535979,自动归类成功
匿名文件_行号_2082,数据集3,0,0.8380036989441279,0.7470617244289122,0.9305953789840566,自动归类成功
匿名文件_行号_2083,数据集3,0,0.7069291862231949,0.5229320554496409,1.3548316774370917,自动归类成功
匿名文件_行号_2084,数据集3,0,0.8396035127003996,0.7619681238901049,0.9490432061831618,自动归类成功
匿名文件_行号_2085,数据集3,0,0.7044944553837846,0.5672031026727705,1.457014853884016,自动归类成功
匿名文件_行号_2086,数据集3,0,0.885967144791908,0.8272067904075321,0.7284445357305733,自动归类成功
匿名文件_行号_2087,数据集3,0,0.8892673875849568,0.8395919870404428,0.7270941476016558,自动归类成功
匿名文件_行号_2088,数据集3,0,0.8517020632810861,0.7739261615632668,0.8809872533836784,自动归类成功
匿名文件_行号_2089,数据集3,0,0.7904499705870909,0.6655235468972611,1.1079425020678184,自动归类成功
匿名文件_行号_2090,数据集3,0,0.6386642929546079,0.3869561679392635,1.469705527952571,自动归类成功
匿名文件_行号_2091,数据集3,0,0.8462125673756286,0.7676044314171101,0.9146537582739498,自动归类成功
匿名文件_行号_2092,数据集3,0,0.8018021683302314,0.6847772509601321,1.063321580295853,自动归类成功
匿名文件_行号_2093,数据集3,0,0.8538508092073838,0.7754043566973929,0.8733830128977322,自动归类成功
匿名文件_行号_2094,数据集3,2,0.6403784488126543,0.36151557201566564,1.356302882817032,自动归类成功
匿名文件_行号_2095,数据集3,0,0.8347552877531531,0.733911414538418,0.9270735515063194,自动归类成功
匿名文件_行号_2096,数据集3,0,0.8387525484383399,0.757051711477349,0.947521130923067,自动归类成功
匿名文件_行号_2097,数据集3,0,0.8185182409379367,0.7172936092297739,1.0117987446578791,自动归类成功
匿名文件_行号_2098,数据集3,0,0.8152544297331702,0.7090176875744713,1.022561172599007,自动归类成功
匿名文件_行号_2099,数据集3,0,0.858502103368287,0.7864969014284888,0.8606419377908668,自动归类成功
匿名文件_行号_2100,数据集3,0,0.7869541144613976,0.6610628977729106,1.1211224771442516,自动归类成功
匿名文件_行号_2101,数据集3,0,0.8405777485269859,0.7558386750204178,0.9316793136131124,自动归类成功
匿名文件_行号_2102,数据集3,0,0.7746314198624425,0.6525654576552206,1.1903427009498655,自动归类成功
匿名文件_行号_2103,数据集3,0,0.8658823600072114,0.7980800370007453,0.8276374565839343,自动归类成功
匿名文件_行号_2104,数据集3,0,0.8684505650925112,0.8000476492350187,0.8128985749575189,自动归类成功
匿名文件_行号_2105,数据集3,0,0.8174860904686917,0.7193542976643361,1.0245598766747996,自动归类成功
匿名文件_行号_2106,数据集3,0,0.8348678321408011,0.7439406019936186,0.9490871673813809,自动归类成功
匿名文件_行号_2107,数据集3,0,0.7900758777586528,0.6924108399476318,1.1425017004398013,自动归类成功
匿名文件_行号_2108,数据集3,0,0.8422814176854,0.75979038264804,0.9285968254744295,自动归类成功
匿名文件_行号_2109,数据集3,0,0.847899948669779,0.7689715019604926,0.9058515716447796,自动归类成功
匿名文件_行号_2110,数据集3,0,0.8127196368403805,0.7262244047736497,1.0677054438628488,自动归类成功
匿名文件_行号_2111,数据集3,0,0.7266511950868548,0.5605173794730416,1.3142144691715592,自动归类成功
匿名文件_行号_2112,数据集3,0,0.8489029169057789,0.7675639738040018,0.8935789327256011,自动归类成功
匿名文件_行号_2113,数据集3,0,0.8475849759439817,0.7680466267001729,0.9071961557641899,自动归类成功
匿名文件_行号_2114,数据集3,0,0.8087961960079383,0.7057918586771843,1.0593660167715289,自动归类成功
匿名文件_行号_2115,数据集3,0,0.7997724308149479,0.6868829978208832,1.0826197811000011,自动归类成功
匿名文件_行号_2116,数据集3,0,0.8279170731668684,0.7314205103209379,0.9735699625722272,自动归类成功
匿名文件_行号_2117,数据集3,0,0.8162873583143467,0.7078261013538308,1.0112911612758222,自动归类成功
匿名文件_行号_2118,数据集3,0,0.7798735859927096,0.6396583931135409,1.1191252552191167,自动归类成功
匿名文件_行号_2119,数据集3,0,0.8101715544190986,0.7020041249214483,1.0366411639107893,自动归类成功
匿名文件_行号_2120,数据集3,0,0.8582962410666886,0.7896664243428616,0.8672175530040666,自动归类成功
匿名文件_行号_2121,数据集3,0,0.8366098681015035,0.7402283731782466,0.9273166220246325,自动归类成功
匿名文件_行号_2122,数据集3,0,0.7918477502934552,0.6688137458561366,1.1010235911208566,自动归类成功
匿名文件_行号_2123,数据集3,0,0.8527100687305532,0.7769624330882527,0.8849402352330021,自动归类成功
匿名文件_行号_2124,数据集3,0,0.848828316348688,0.7671842479384678,0.8929076352875209,自动归类成功
匿名文件_行号_2125,数据集3,0,0.8291834928809797,0.7460865356972418,0.9945287093569382,自动归类成功
匿名文件_行号_2126,数据集3,0,0.8340531206382528,0.7503876019637415,0.9715819648089723,自动归类成功
匿名文件_行号_2127,数据集3,0,0.7565054593925763,0.6253829652000215,1.245432054688721,自动归类成功
匿名文件_行号_2128,数据集3,0,0.8678547782197936,0.7991092108001214,0.8123577550288967,自动归类成功
匿名文件_行号_2129,数据集3,0,0.8647201116370269,0.799057407219748,0.8312796008820816,自动归类成功
匿名文件_行号_2130,数据集3,0,0.8709771707260685,0.8117984130890905,0.8165738562327616,自动归类成功
匿名文件_行号_2131,数据集3,0,0.8446585030105533,0.7532825869350877,0.8935856644710019,自动归类成功
匿名文件_行号_2132,数据集3,0,0.8275699352975612,0.7314987442662076,0.9767832074611249,自动归类成功
匿名文件_行号_2133,数据集3,0,0.8459520574805719,0.7612152880466612,0.9010660375673133,自动归类成功
匿名文件_行号_2134,数据集3,4,0.7308149829572483,0.532882554887415,1.2010372924510735,自动归类成功
匿名文件_行号_2135,数据集3,0,0.44509378317273846,0.190942023263812,1.8781419720654988,自动归类成功
匿名文件_行号_2136,数据集3,0,0.7992082709268495,0.6858581198387445,1.0883352703455,自动归类成功
匿名文件_行号_2137,数据集3,0,0.7492940898850524,0.6007402953356459,1.2510894032739583,自动归类成功
匿名文件_行号_2138,数据集3,0,0.8807103896314432,0.8196697848476807,0.7555333054201717,自动归类成功
匿名文件_行号_2139,数据集3,0,0.8509344978361905,0.7740645709375331,0.8929131731318884,自动归类成功
匿名文件_行号_2140,数据集3,0,0.77897118272465,0.6437616328505736,1.1360376296689148,自动归类成功
匿名文件_行号_2141,数据集3,0,0.781420932556087,0.6465127218941996,1.1217052731404606,自动归类成功
匿名文件_行号_2142,数据集3,0,0.7748922598774222,0.6602066707898775,1.2055956872843672,自动归类成功
匿名文件_行号_2143,数据集3,0,0.7954868870925298,0.6702423789274855,1.077896280474235,自动归类成功
匿名文件_行号_2144,数据集3,0,0.862034058499567,0.7913403709518152,0.8435033895431698,自动归类成功
匿名文件_行号_2145,数据集3,0,0.8180736669013847,0.7280773667867917,1.0345291831051358,自动归类成功
匿名文件_行号_2146,数据集3,0,0.8735777930265196,0.8132770720876188,0.7990490742153668,自动归类成功
匿名文件_行号_2147,数据集3,0,0.8277537075720355,0.7306613547001821,0.9740432722827939,自动归类成功
匿名文件_行号_2148,数据集3,0,0.8056166768235858,0.6967194620052801,1.0627886667359834,自动归类成功
匿名文件_行号_2149,数据集3,0,0.7925898389643108,0.6711031359517672,1.1013605911070448,自动归类成功
匿名文件_行号_2150,数据集3,0,0.773609124481807,0.6311825334778733,1.1459346881125492,自动归类成功
匿名文件_行号_2151,数据集3,0,0.7785200707468257,0.6503733426453715,1.153634278817699,自动归类成功
匿名文件_行号_2152,数据集3,0,0.8306439821986696,0.7366255520603665,0.9645750896032055,自动归类成功
匿名文件_行号_2153,数据集3,0,0.8071089339980753,0.6858231973918582,1.0285489084815023,自动归类成功
匿名文件_行号_2154,数据集3,0,0.8123522682978986,0.7172681294176464,1.0455280711230883,自动归类成功
匿名文件_行号_2155,数据集3,0,0.8657658713957456,0.8001788103322853,0.8306476956748889,自动归类成功
匿名文件_行号_2156,数据集3,0,0.8661684915322517,0.8067410937778035,0.8341863624636191,自动归类成功
匿名文件_行号_2157,数据集3,0,0.8059384354423522,0.6940132413272171,1.0524305956648556,自动归类成功
匿名文件_行号_2158,数据集3,0,0.8324662121452917,0.7311714570497249,0.9389649399825191,自动归类成功
匿名文件_行号_2159,数据集3,4,0.5713541857671389,0.23603436606050104,1.4826911775869378,自动归类成功
匿名文件_行号_2160,数据集3,0,0.82796286082507,0.7296849043337585,0.9695978262715335,自动归类成功
匿名文件_行号_2161,数据集3,0,0.849898278203167,0.7646425676918789,0.8797924638793889,自动归类成功
匿名文件_行号_2162,数据集3,0,0.8143282431836066,0.7160289097950483,1.04108156998352,自动归类成功
匿名文件_行号_2163,数据集3,0,0.7905922273754932,0.6803018434184707,1.1378732138107117,自动归类成功
匿名文件_行号_2164,数据集3,0,0.8785808689574137,0.8129442269272478,0.758181159350228,自动归类成功
匿名文件_行号_2165,数据集3,0,0.7598698111641342,0.603351947804141,1.1771206335518503,自动归类成功
匿名文件_行号_2166,数据集3,0,0.8113036014848628,0.7007624406179953,1.0299439293116655,自动归类成功
匿名文件_行号_2167,数据集3,0,0.7163374637635204,0.5416625984231686,1.3379960219415097,自动归类成功
匿名文件_行号_2168,数据集3,0,0.6040660946634684,0.30943984768824484,1.4837255674715395,自动归类成功
匿名文件_行号_2169,数据集3,0,0.8389297511771086,0.7681672639073108,0.9594115350976095,自动归类成功
匿名文件_行号_2170,数据集3,0,0.8267838901593025,0.7333274720973592,0.9870530567402369,自动归类成功
匿名文件_行号_2171,数据集3,0,0.8129292345028596,0.7164053559665257,1.0458726833526573,自动归类成功
匿名文件_行号_2172,数据集3,0,0.8504828072967143,0.7757709908541777,0.8989160793031254,自动归类成功
匿名文件_行号_2173,数据集3,0,0.8264534633674974,0.7423034496442783,1.0039424311742533,自动归类成功
匿名文件_行号_2174,数据集3,0,0.8706176209019805,0.8077803687371388,0.8093336022245471,自动归类成功
匿名文件_行号_2175,数据集3,0,0.7477887028609385,0.6115439908548344,1.279925272985295,自动归类成功
匿名文件_行号_2176,数据集3,0,0.8279151909615756,0.7382568115254923,0.9886323743677277,自动归类成功
匿名文件_行号_2177,数据集3,0,0.8343304996633566,0.7512465504770399,0.9656465946669799,自动归类成功
匿名文件_行号_2178,数据集3,0,0.841059459537652,0.7509949620232819,0.9194187283849666,自动归类成功
匿名文件_行号_2179,数据集3,0,0.7751951670856071,0.6388762745855732,1.1515794041518277,自动归类成功
匿名文件_行号_2180,数据集3,0,0.5452758057401428,0.37034242227076847,1.8573646962971084,自动归类成功
匿名文件_行号_2181,数据集3,0,0.7902796511831176,0.6798171194820046,1.126555244969917,自动归类成功
匿名文件_行号_2182,数据集3,0,0.8528675877740054,0.7730271979654988,0.8734614825930965,自动归类成功
匿名文件_行号_2183,数据集3,0,0.8401192538508244,0.7601746816877982,0.9396507683491209,自动归类成功
匿名文件_行号_2184,数据集3,0,0.7055903520885012,0.509774750033031,1.3307672813188274,自动归类成功
匿名文件_行号_2185,数据集3,0,0.8503163176717037,0.7692336852051351,0.8857469026655932,自动归类成功
匿名文件_行号_2186,数据集3,0,0.7921125810308297,0.6592939378279614,1.0757959203159357,自动归类成功
匿名文件_行号_2187,数据集3,0,0.8020431473764542,0.6802344971661511,1.0533668004502483,自动归类成功
匿名文件_行号_2188,数据集3,0,0.6953411412179453,0.5524947288508824,1.4941128119822469,自动归类成功
匿名文件_行号_2189,数据集3,0,0.8617168469379142,0.7885770714045967,0.8390722441747004,自动归类成功
匿名文件_行号_2190,数据集3,0,0.8144268872886329,0.7119193784930645,1.0344701936536067,自动归类成功
匿名文件_行号_2191,数据集3,0,0.6651167561347762,0.5267089456165858,1.6118734807687474,自动归类成功
匿名文件_行号_2192,数据集3,0,0.6805616759951804,0.45685501905193615,1.36726051626314,自动归类成功
匿名文件_行号_2193,数据集3,0,0.8467035052010532,0.761503865555746,0.896635106378131,自动归类成功
匿名文件_行号_2194,数据集3,0,0.8753881355473185,0.8143399856637087,0.7871923877447026,自动归类成功
匿名文件_行号_2195,数据集3,0,0.8106640670935551,0.7191850577275267,1.0646567875918527,自动归类成功
匿名文件_行号_2196,数据集3,0,0.8629114503585741,0.7905348705331732,0.8353551104843819,自动归类成功
匿名文件_行号_2197,数据集3,0,0.8040397872678223,0.675937387814751,1.022640390963674,自动归类成功
匿名文件_行号_2198,数据集3,0,0.8328150620964402,0.7403833938456578,0.9571688834828339,自动归类成功
匿名文件_行号_2199,数据集3,0,0.8517917955816482,0.771720850899582,0.8802076071522619,自动归类成功
匿名文件_行号_2200,数据集3,0,0.8646730655719397,0.7878629093351466,0.8150279999956221,自动归类成功
匿名文件_行号_2201,数据集3,0,0.7683637480460519,0.6319600209295546,1.1855144389907042,自动归类成功
匿名文件_行号_2202,数据集3,0,0.8434716857631407,0.7624569082918998,0.9252675226900581,自动归类成功
匿名文件_行号_2203,数据集3,0,0.8693721110959066,0.800763104476701,0.8055036465591937,自动归类成功
匿名文件_行号_2204,数据集3,0,0.8335411432939596,0.739318589125753,0.9447640679628814,自动归类成功
匿名文件_行号_2205,数据集3,0,0.7866611804135272,0.6525985075025738,1.0999775162917196,自动归类成功
匿名文件_行号_2206,数据集3,0,0.7946087894681754,0.6628585422217091,1.0629907932949572,自动归类成功
匿名文件_行号_2207,数据集3,0,0.7932740066187187,0.6756024218883557,1.1042456583816815,自动归类成功
匿名文件_行号_2208,数据集3,0,0.7750056832583266,0.6486252756950109,1.177382309536376,自动归类成功
匿名文件_行号_2209,数据集3,0,0.8607807482165973,0.786595709813388,0.8430977808433047,自动归类成功
匿名文件_行号_2210,数据集3,0,0.8003146814326106,0.6915862838180821,1.0935365577310692,自动归类成功
匿名文件_行号_2211,数据集3,0,0.7603288753461996,0.6150639840756589,1.203651288069131,自动归类成功
匿名文件_行号_2212,数据集3,0,0.8677393215761503,0.8033398914929005,0.8245971023657428,自动归类成功
匿名文件_行号_2213,数据集3,0,0.8192042713841549,0.7278843097661458,1.0274860559799563,自动归类成功
匿名文件_行号_2214,数据集3,0,0.8349605701238686,0.7344791358221385,0.9273664322132811,自动归类成功
匿名文件_行号_2215,数据集3,0,0.8048289392854502,0.7126264057838432,1.1016376742293714,自动归类成功
匿名文件_行号_2216,数据集3,0,0.8251035636030537,0.7449478252411459,1.015912240798997,自动归类成功
匿名文件_行号_2217,数据集3,0,0.8274956493732478,0.7332962198946029,0.9818256398896607,自动归类成功
匿名文件_行号_2218,数据集3,0,0.809943055763101,0.6942328224203542,1.0260567271983965,自动归类成功
匿名文件_行号_2219,数据集3,0,0.7529782187617594,0.5974527008215273,1.2092755994443125,自动归类成功
匿名文件_行号_2220,数据集3,0,0.8628325557690167,0.7898432380854292,0.8328686715935226,自动归类成功
匿名文件_行号_2221,数据集3,0,0.7724810004408612,0.6412069604547578,1.1757788544783117,自动归类成功
匿名文件_行号_2222,数据集3,0,0.7491985449716198,0.5935689930441355,1.2333047507501729,自动归类成功
匿名文件_行号_2223,数据集3,0,0.7708836647821476,0.6680014385896064,1.2381302726605625,自动归类成功
匿名文件_行号_2224,数据集3,0,0.8641617334037981,0.7932956193104398,0.8318984475567515,自动归类成功
匿名文件_行号_2225,数据集3,0,0.8426957931003185,0.7607746559041013,0.9255703550694692,自动归类成功
匿名文件_行号_2226,数据集3,0,0.8145976756180184,0.7255022359307649,1.0542913357937822,自动归类成功
匿名文件_行号_2227,数据集3,0,0.7758922549347118,0.6488447368792558,1.1663420697679572,自动归类成功
匿名文件_行号_2228,数据集3,0,0.7783100961294336,0.683987552039573,1.1887998982590713,自动归类成功
匿名文件_行号_2229,数据集3,0,0.8370928108338411,0.7542457128425722,0.9543425298646381,自动归类成功
匿名文件_行号_2230,数据集3,0,0.8145828151726237,0.7275185196503948,1.0534910020379662,自动归类成功
匿名文件_行号_2231,数据集3,0,0.7624254846175106,0.6748621991424129,1.2874787303863495,自动归类成功
匿名文件_行号_2232,数据集3,0,0.85169862466734,0.7847645485488673,0.9060888306560351,自动归类成功
匿名文件_行号_2233,数据集3,0,0.8323721372319735,0.7513693683288036,0.9768438028632928,自动归类成功
匿名文件_行号_2234,数据集3,0,0.8635664582283662,0.7970770099765456,0.8416211294008996,自动归类成功
匿名文件_行号_2235,数据集3,0,0.8425539742624734,0.7583806569238437,0.9236596855182116,自动归类成功
匿名文件_行号_2236,数据集3,0,0.8043511286563705,0.7187790859896622,1.1124800775425419,自动归类成功
匿名文件_行号_2237,数据集3,0,0.795391190551136,0.6868600436820677,1.1058363618926907,自动归类成功
匿名文件_行号_2238,数据集3,0,0.8353559045539317,0.7437553165793865,0.9439619779485182,自动归类成功
匿名文件_行号_2239,数据集3,0,0.6756964595436167,0.48873535707589927,1.4754301165324142,自动归类成功
匿名文件_行号_2240,数据集3,0,0.8607162899534696,0.7964969904816999,0.8573867848258953,自动归类成功
匿名文件_行号_2241,数据集3,0,0.7781202128769017,0.6703663978461164,1.189083042085903,自动归类成功
匿名文件_行号_2242,数据集3,0,0.7973819489241145,0.674238267845009,1.0704327832171534,自动归类成功
匿名文件_行号_2243,数据集3,0,0.8509396569704678,0.7709799422482944,0.8863963269928649,自动归类成功
匿名文件_行号_2244,数据集3,0,0.8142084800254062,0.7102688032521773,1.029312084799418,自动归类成功
匿名文件_行号_2245,数据集3,0,0.7939337354133971,0.6853380779738713,1.118382461491904,自动归类成功
匿名文件_行号_2246,数据集3,0,0.7615477039155342,0.60689707225715,1.1720215637709561,自动归类成功
匿名文件_行号_2247,数据集3,0,0.8033916142667427,0.7024078777333511,1.083167995824013,自动归类成功
匿名文件_行号_2248,数据集3,0,0.8484211815924187,0.7653529578469592,0.8914262695149509,自动归类成功
匿名文件_行号_2249,数据集3,0,0.7963681648549383,0.7260479054723746,1.1495794055147406,自动归类成功
匿名文件_行号_2250,数据集3,0,0.8726126520260008,0.8033940843209514,0.7883840227376854,自动归类成功
匿名文件_行号_2251,数据集3,0,0.8396788139688649,0.7550304878059622,0.9348236914573146,自动归类成功
匿名文件_行号_2252,数据集3,0,0.8418149136738227,0.7563664033923658,0.9229036610373267,自动归类成功
匿名文件_行号_2253,数据集3,0,0.7621322748491207,0.611261861813515,1.1805683989367943,自动归类成功
匿名文件_行号_2254,数据集3,0,0.7246285091333573,0.5829916269609793,1.3542780640545193,自动归类成功
匿名文件_行号_2255,数据集3,0,0.8559358989936989,0.7815457591034306,0.8711445801460985,自动归类成功
匿名文件_行号_2256,数据集3,0,0.7999456753674261,0.697110910388462,1.0983914213632187,自动归类成功
匿名文件_行号_2257,数据集3,0,0.8547116418745883,0.779422846134705,0.8746327266364422,自动归类成功
匿名文件_行号_2258,数据集3,0,0.8582303195282581,0.7848752460874847,0.85947877246987,自动归类成功
匿名文件_行号_2259,数据集3,0,0.8053563553124296,0.6918714738005008,1.048431381635935,自动归类成功
匿名文件_行号_2260,数据集3,0,0.8571617893043072,0.7866423929460976,0.8678483255297761,自动归类成功
匿名文件_行号_2261,数据集3,0,0.5757259201760049,0.3700098940975514,1.7967241430538023,自动归类成功
匿名文件_行号_2262,数据集3,0,0.7768875139116755,0.6330101536869664,1.124517512226726,自动归类成功
匿名文件_行号_2263,数据集3,0,0.8637190788630809,0.7909832209083125,0.8296921842850432,自动归类成功
匿名文件_行号_2264,数据集3,0,0.7920714146130672,0.6774900137531421,1.1133071210701504,自动归类成功
匿名文件_行号_2265,数据集3,0,0.7441198136940743,0.5823692299420082,1.2398437525745052,自动归类成功
匿名文件_行号_2266,数据集3,0,0.8468785507835808,0.768983445681687,0.9125826585053035,自动归类成功
匿名文件_行号_2267,数据集3,0,0.7069326068400631,0.5056168626470908,1.30726538325794,自动归类成功
匿名文件_行号_2268,数据集3,0,0.8404742091836508,0.759689606708636,0.9449735481226169,自动归类成功
匿名文件_行号_2269,数据集3,0,0.7745367535544136,0.661243281723954,1.2126771260712639,自动归类成功
匿名文件_行号_2270,数据集3,-1,0.43725157967070083,0.029501576819685404,1.7581706204857712,多类别特征 (倾向类别 0 与 4)
匿名文件_行号_2271,数据集3,0,0.808258876434345,0.7134064765710442,1.0745792585775755,自动归类成功
匿名文件_行号_2272,数据集3,0,0.6728814180844632,0.4455875866344292,1.388896499435753,自动归类成功
匿名文件_行号_2273,数据集3,0,0.7655830577915753,0.6114540182922508,1.154436104006719,自动归类成功
匿名文件_行号_2274,数据集3,0,0.8321207429398699,0.7411495345823015,0.9645682607215824,自动归类成功
匿名文件_行号_2275,数据集3,0,0.8576386436050115,0.783115951832069,0.8597813565072517,自动归类成功
匿名文件_行号_2276,数据集3,0,0.8421336477916106,0.7511141730873776,0.9093559397418499,自动归类成功
匿名文件_行号_2277,数据集3,0,0.7949244472185694,0.6934190608669757,1.1298523096639188,自动归类成功
匿名文件_行号_2278,数据集3,0,0.8034143071258727,0.7020823128457166,1.0833144423306595,自动归类成功
匿名文件_行号_2279,数据集3,0,0.8116895738652034,0.719066048671956,1.059375758689369,自动归类成功
匿名文件_行号_2280,数据集3,0,0.783535081318742,0.6647408678938024,1.145575476731228,自动归类成功
匿名文件_行号_2281,数据集3,0,0.6192698457054603,0.420290395509532,1.6673062729595665,自动归类成功
匿名文件_行号_2282,数据集3,0,0.8252713258251116,0.7341525687226125,0.999366413919133,自动归类成功
匿名文件_行号_2283,数据集3,0,0.7913268767344434,0.6737958476096224,1.1159848722691164,自动归类成功
匿名文件_行号_2284,数据集3,0,0.8132142090137475,0.7083140429851562,1.031875918902489,自动归类成功
匿名文件_行号_2285,数据集3,0,0.8449934113598035,0.7605787163624812,0.9081221756828802,自动归类成功
匿名文件_行号_2286,数据集3,0,0.8302770054372501,0.7380778478011006,0.9705573196129696,自动归类成功
匿名文件_行号_2287,数据集3,0,0.8266558746657322,0.7302001344841313,0.9840337763640763,自动归类成功
匿名文件_行号_2288,数据集3,0,0.6503122618576156,0.41034161323006335,1.4546293652759739,自动归类成功
匿名文件_行号_2289,数据集3,0,0.7873855330607846,0.6606494698671009,1.113888039302548,自动归类成功
匿名文件_行号_2290,数据集3,0,0.8645237438198822,0.8005387923771108,0.8369665304954876,自动归类成功
匿名文件_行号_2291,数据集3,0,0.7862902213653241,0.6592497333985612,1.1157170884301797,自动归类成功
匿名文件_行号_2292,数据集3,0,0.8471008666855316,0.7789626459858221,0.9253370676749977,自动归类成功
匿名文件_行号_2293,数据集3,0,0.8341671224469043,0.7431055320140326,0.9515936685155919,自动归类成功
匿名文件_行号_2294,数据集3,0,0.7755337391251643,0.6468362201782798,1.1670173284638832,自动归类成功
匿名文件_行号_2295,数据集3,0,0.8281323937181982,0.7281222660824379,0.9647255373024863,自动归类成功
匿名文件_行号_2296,数据集3,0,0.8176561190216786,0.7193662049469283,1.0258485307287333,自动归类成功
匿名文件_行号_2297,数据集3,0,0.8553833319754344,0.778020196193702,0.8663765840194122,自动归类成功
匿名文件_行号_2298,数据集3,0,0.7878387080714843,0.6961005218841158,1.167840260838195,自动归类成功
匿名文件_行号_2299,数据集3,0,0.8285269452379862,0.7323550243885176,0.9722778749079768,自动归类成功
匿名文件_行号_2300,数据集3,0,0.5788737720146331,0.2766051059915019,1.558172923359901,自动归类成功
匿名文件_行号_2301,数据集3,0,0.6816461928880742,0.4734738081003047,1.406302512966755,自动归类成功
匿名文件_行号_2302,数据集3,0,0.7847160920117486,0.6798084182055764,1.1642151730231898,自动归类成功
匿名文件_行号_2303,数据集3,0,0.7613019602848853,0.6542735739574271,1.2635901395887614,自动归类成功
匿名文件_行号_2304,数据集3,0,0.8105126144003069,0.7122281376011298,1.0545993966746408,自动归类成功
匿名文件_行号_2305,数据集3,0,0.795425381813057,0.6876325031646036,1.1195094455176489,自动归类成功
匿名文件_行号_2306,数据集3,0,0.7332388715241124,0.5800494836109658,1.3108946626313163,自动归类成功
匿名文件_行号_2307,数据集3,0,0.7964370771250766,0.6757185698848295,1.077687480574292,自动归类成功
匿名文件_行号_2308,数据集3,0,0.8385509956079213,0.7505212153270252,0.935913611443548,自动归类成功
匿名文件_行号_2309,数据集3,0,0.8217302515859539,0.729203289969761,1.0049600821552744,自动归类成功
匿名文件_行号_2310,数据集3,0,0.8290712484732453,0.7308262792940234,0.96590296695798,自动归类成功
匿名文件_行号_2311,数据集3,0,0.8001434335474397,0.6916998979297464,1.0934694929780213,自动归类成功
匿名文件_行号_2312,数据集3,0,0.6294929517900371,0.47081763962971573,1.6665822536378652,自动归类成功
匿名文件_行号_2313,数据集3,0,0.8222790095156393,0.7261398835843486,1.004522771368115,自动归类成功
匿名文件_行号_2314,数据集3,0,0.7589375586969737,0.627869477862568,1.2361499490880672,自动归类成功
匿名文件_行号_2315,数据集3,0,0.8648224159717868,0.7928041325255524,0.8248671279199913,自动归类成功
匿名文件_行号_2316,数据集3,0,0.7825680049069879,0.6366573472676873,1.0884145214632217,自动归类成功
匿名文件_行号_2317,数据集3,0,0.8696579857319992,0.8035706064800323,0.8097770877756679,自动归类成功
匿名文件_行号_2318,数据集3,0,0.499861279081971,0.28337825756054735,1.9515804100539533,自动归类成功
匿名文件_行号_2319,数据集3,0,0.8636861352472849,0.7876436905960923,0.8233141802688668,自动归类成功
匿名文件_行号_2320,数据集3,0,0.7128910410970363,0.5510060998014998,1.3884488395985977,自动归类成功
匿名文件_行号_2321,数据集3,0,0.8021813523481445,0.6894843791947014,1.0707746928671749,自动归类成功
匿名文件_行号_2322,数据集3,0,0.8432033532083519,0.7548650776738122,0.9094833520715309,自动归类成功
匿名文件_行号_2323,数据集3,0,0.8191538479934948,0.7152944899606162,1.002784620405682,自动归类成功
匿名文件_行号_2324,数据集3,0,0.8573495707994487,0.7770255207905163,0.8488271601128337,自动归类成功
匿名文件_行号_2325,数据集3,0,0.8428468225455161,0.7681699444995093,0.9347427675910545,自动归类成功
匿名文件_行号_2326,数据集3,0,0.8431372380409572,0.7542770610698091,0.9107457666076435,自动归类成功
匿名文件_行号_2327,数据集3,0,0.6541149990639621,0.4220549965502688,1.4593611678300116,自动归类成功
匿名文件_行号_2328,数据集3,0,0.8137026149592508,0.7308708770970184,1.068384233552492,自动归类成功
匿名文件_行号_2329,数据集3,0,0.845094673229017,0.7658487496105744,0.9190268888073765,自动归类成功
匿名文件_行号_2330,数据集3,0,0.7646449370923681,0.6237259013575962,1.1939475256789236,自动归类成功
匿名文件_行号_2331,数据集3,0,0.8428090723013005,0.7579884312867757,0.919098912527598,自动归类成功
匿名文件_行号_2332,数据集3,0,0.819455047604846,0.7153005598493087,1.0010431993050921,自动归类成功
匿名文件_行号_2333,数据集3,0,0.8029337607387157,0.687050110526457,1.0604720736510602,自动归类成功
匿名文件_行号_2334,数据集3,0,0.8108521292970562,0.7137958808679004,1.0585300384964405,自动归类成功
匿名文件_行号_2335,数据集3,4,0.5561796289493561,0.20698553183933371,1.5023615353165536,自动归类成功
匿名文件_行号_2336,数据集3,0,0.9003996423890005,0.8516323608432231,0.662050757993962,自动归类成功
匿名文件_行号_2337,数据集3,0,0.8231351044755657,0.730243588846166,1.0060751010426574,自动归类成功
匿名文件_行号_2338,数据集3,0,0.7258850678847352,0.5533047910009095,1.2966743031350996,自动归类成功
匿名文件_行号_2339,数据集3,0,0.7442532361441232,0.6110131648793595,1.287443517181554,自动归类成功
匿名文件_行号_2340,数据集3,0,0.8221944762337956,0.7233574369738568,0.9992611324350161,自动归类成功
匿名文件_行号_2341,数据集3,0,0.7690863871384312,0.63826319110821,1.1986566451654515,自动归类成功
匿名文件_行号_2342,数据集3,0,0.8878254432449649,0.8338382690684802,0.7281066380549377,自动归类成功
匿名文件_行号_2343,数据集3,0,0.8079606274738499,0.6966227856339222,1.0448717845414708,自动归类成功
匿名文件_行号_2344,数据集3,0,0.8588465322384838,0.7871052525391555,0.8574391737592418,自动归类成功
匿名文件_行号_2345,数据集3,0,0.7860126311068368,0.6889181417547032,1.1645357798388076,自动归类成功
匿名文件_行号_2346,数据集3,0,0.8101003657639367,0.7042247532764297,1.0474521228985034,自动归类成功
匿名文件_行号_2347,数据集3,0,0.8750260911145935,0.8106104527016696,0.7810929190206696,自动归类成功
匿名文件_行号_2348,数据集3,0,0.6455829711792065,0.3900869038633388,1.4213233658107864,自动归类成功
匿名文件_行号_2349,数据集3,0,0.8025655817470612,0.6924719619964701,1.0764722437061587,自动归类成功
匿名文件_行号_2350,数据集3,0,0.8537219693526882,0.7768092180393699,0.8773450299452041,自动归类成功
匿名文件_行号_2351,数据集3,0,0.7683797064670044,0.645788232330418,1.2192196513141234,自动归类成功
匿名文件_行号_2352,数据集3,0,0.8067294148194626,0.6939580460435081,1.0507160359986243,自动归类成功
匿名文件_行号_2353,数据集3,0,0.8587902769276187,0.7823778536018101,0.8472454687417893,自动归类成功
匿名文件_行号_2354,数据集3,0,0.8253118548002509,0.7431822423473168,1.0087670825303638,自动归类成功
匿名文件_行号_2355,数据集3,0,0.8000828025864407,0.6873875088368526,1.0850104600918016,自动归类成功
匿名文件_行号_2356,数据集3,0,0.8631961237978227,0.7919362168726208,0.834338576139963,自动归类成功
匿名文件_行号_2357,数据集3,0,0.8256482286351489,0.7396855150020589,1.0055023810662747,自动归类成功
匿名文件_行号_2358,数据集3,0,0.8494693793365631,0.7764229971738962,0.9056964957596312,自动归类成功
匿名文件_行号_2359,数据集3,0,0.7782633601501887,0.6742270121555651,1.2063431100476474,自动归类成功
匿名文件_行号_2360,数据集3,0,0.7111628324505611,0.548108944343436,1.3891264769601674,自动归类成功
匿名文件_行号_2361,数据集3,0,0.7643329041146267,0.6143603920911456,1.1715628420905753,自动归类成功
匿名文件_行号_2362,数据集3,0,0.8355186135066419,0.746696938573562,0.952962493280847,自动归类成功
匿名文件_行号_2363,数据集3,0,0.6082511144579477,0.3259413917132095,1.505090976595745,自动归类成功
匿名文件_行号_2364,数据集3,0,0.8516082519350558,0.7771243628673262,0.891065504176,自动归类成功
匿名文件_行号_2365,数据集3,0,0.8410858163792695,0.7510031152275343,0.9170892973937546,自动归类成功
匿名文件_行号_2366,数据集3,0,0.7913627087942624,0.6695136614542618,1.103840142163765,自动归类成功
匿名文件_行号_2367,数据集3,0,0.8153660592694765,0.7159275180183783,1.0364164841828125,自动归类成功
匿名文件_行号_2368,数据集3,0,0.8646362103261304,0.8045404179186506,0.8447212249462921,自动归类成功
匿名文件_行号_2369,数据集3,0,0.8791998255769394,0.828989380026036,0.7797878455857528,自动归类成功
匿名文件_行号_2370,数据集3,0,0.7992772987817898,0.7075197742027368,1.126043386158113,自动归类成功
匿名文件_行号_2371,数据集3,0,0.8186062592292599,0.7147570296217449,1.0067019347596378,自动归类成功
匿名文件_行号_2372,数据集3,0,0.850209804235991,0.7754665251704579,0.8993078550137253,自动归类成功
匿名文件_行号_2373,数据集3,0,0.8674887857283783,0.7992883185813434,0.8176008354679998,自动归类成功
匿名文件_行号_2374,数据集3,0,0.8232373307536455,0.7283760089442997,1.0008696687328835,自动归类成功
匿名文件_行号_2375,数据集3,0,0.8008405889314669,0.6703903076475176,1.0352332652679246,自动归类成功
匿名文件_行号_2376,数据集3,0,0.7957540775825033,0.6809817024894194,1.099592160349887,自动归类成功
匿名文件_行号_2377,数据集3,0,0.7922377409321135,0.6738191059737363,1.1094528660031202,自动归类成功
匿名文件_行号_2378,数据集3,0,0.7392689601546176,0.5827369861059173,1.2744855060602018,自动归类成功
匿名文件_行号_2379,数据集3,0,0.7789957657375678,0.6446112677454949,1.138656559927977,自动归类成功
匿名文件_行号_2380,数据集3,0,0.837188488082656,0.7551093425080105,0.9545180516838796,自动归类成功
匿名文件_行号_2381,数据集3,0,0.6192504869716289,0.3581445068042213,1.5273879535579742,自动归类成功
匿名文件_行号_2382,数据集3,0,0.7447798431269244,0.5789201424606358,1.219270692981352,自动归类成功
匿名文件_行号_2383,数据集3,0,0.87360334048284,0.8083721994830485,0.7880425633526241,自动归类成功
匿名文件_行号_2384,数据集3,0,0.7597467260494372,0.6085692983892929,1.1917764809644442,自动归类成功
匿名文件_行号_2385,数据集3,0,0.7922613574934002,0.6679262825422608,1.097366816634927,自动归类成功
匿名文件_行号_2386,数据集3,0,0.8392391849039119,0.7748016342403846,0.957108937052269,自动归类成功
匿名文件_行号_2387,数据集3,0,0.8777407517996447,0.8139796267539389,0.7679063015914036,自动归类成功
匿名文件_行号_2388,数据集3,0,0.8256929957310318,0.7235885154382248,0.9756847770578229,自动归类成功
匿名文件_行号_2389,数据集3,0,0.8266497966662334,0.7317224716509267,0.9845492756144667,自动归类成功
匿名文件_行号_2390,数据集3,0,0.7990536183709943,0.6866547417633836,1.0870480494901935,自动归类成功
匿名文件_行号_2391,数据集3,0,0.8325147411787458,0.7375807254892779,0.9556880322882525,自动归类成功
匿名文件_行号_2392,数据集3,0,0.8329395935550498,0.7427432389094069,0.9608018654008587,自动归类成功
匿名文件_行号_2393,数据集3,0,0.8633571083029982,0.7927313209462375,0.8307892320382405,自动归类成功
匿名文件_行号_2394,数据集3,0,0.762364426067287,0.6311614440743352,1.2255564627501898,自动归类成功
匿名文件_行号_2395,数据集3,0,0.8394016675067086,0.7488678159332005,0.9304360886257106,自动归类成功
匿名文件_行号_2396,数据集3,0,0.7442099831955689,0.5805102798548085,1.2334884030332243,自动归类成功
匿名文件_行号_2397,数据集3,0,0.760028866256543,0.6247302519687828,1.2243195287314896,自动归类成功
匿名文件_行号_2398,数据集3,0,0.8174789903358407,0.7183418284598863,1.0205653171405478,自动归类成功
匿名文件_行号_2399,数据集3,0,0.7824422006849028,0.6732472104889186,1.1717868887484622,自动归类成功
匿名文件_行号_2400,数据集3,0,0.8694516190285583,0.802167432235329,0.8061303468865373,自动归类成功
匿名文件_行号_2401,数据集3,0,0.8184699430827937,0.7170146640014764,1.012337804326843,自动归类成功
匿名文件_行号_2402,数据集3,0,0.8047168738947105,0.6879890112795075,1.050425718324432,自动归类成功
匿名文件_行号_2403,数据集3,0,0.8798305051854276,0.8211168058591791,0.766553713912275,自动归类成功
匿名文件_行号_2404,数据集3,0,0.814283478139426,0.7031614901704728,1.010070165896411,自动归类成功
匿名文件_行号_2405,数据集3,0,0.7880569225119174,0.6631722932079812,1.1175033783215593,自动归类成功
匿名文件_行号_2406,数据集3,0,0.719466924143207,0.5453181042997484,1.3251247828985158,自动归类成功
匿名文件_行号_2407,数据集3,0,0.7709518111237101,0.6315034009651952,1.165257321345332,自动归类成功
匿名文件_行号_2408,数据集3,0,0.7784313328021667,0.665914563750437,1.178917833651158,自动归类成功
匿名文件_行号_2409,数据集3,0,0.8219478249891712,0.7246491803812594,1.0030335357679558,自动归类成功
匿名文件_行号_2410,数据集3,2,0.7474364055617606,0.5619101389389515,1.1407133590212026,自动归类成功
匿名文件_行号_2411,数据集3,0,0.8640747801597416,0.7959496692383866,0.8376086412810753,自动归类成功
匿名文件_行号_2412,数据集3,0,0.8492903149022398,0.7727955696205068,0.9028083300032,自动归类成功
匿名文件_行号_2413,数据集3,0,0.8271020304101584,0.7528439839567703,1.015928563026793,自动归类成功
匿名文件_行号_2414,数据集3,0,0.8934545765190472,0.8425800109904702,0.6994842515616689,自动归类成功
匿名文件_行号_2415,数据集3,0,0.8413429611235886,0.763543165755464,0.9360829432793776,自动归类成功
匿名文件_行号_2416,数据集3,0,0.8381755360561384,0.7517662762028683,0.9422325796172341,自动归类成功
匿名文件_行号_2417,数据集3,0,0.8327411952533553,0.763027130565472,0.9764008840207089,自动归类成功
匿名文件_行号_2418,数据集3,0,0.8815981127007746,0.8252187023815454,0.7603405271599144,自动归类成功
匿名文件_行号_2419,数据集3,0,0.8302651552107979,0.752906737741354,0.9902475239367937,自动归类成功
匿名文件_行号_2420,数据集3,0,0.8118583524123038,0.7155621483529531,1.057669847945704,自动归类成功
匿名文件_行号_2421,数据集3,0,0.7962264736023665,0.7175969143257375,1.135493599772163,自动归类成功
匿名文件_行号_2422,数据集3,0,0.8538475501599528,0.7728615077066945,0.8679971078960143,自动归类成功
匿名文件_行号_2423,数据集3,0,0.818230359704093,0.7054471145300075,0.989106192976457,自动归类成功
匿名文件_行号_2424,数据集3,0,0.860318611786881,0.7869292861107325,0.8472209691755759,自动归类成功
匿名文件_行号_2425,数据集3,0,0.8345998790357754,0.7453283897014757,0.9555687591765694,自动归类成功
匿名文件_行号_2426,数据集3,0,0.7754486665540419,0.6434989316576285,1.1625819805126896,自动归类成功
匿名文件_行号_2427,数据集3,0,0.8772620328978129,0.8160031143763561,0.775518428135996,自动归类成功
匿名文件_行号_2428,数据集3,0,0.8274485198672314,0.738262161996197,0.9946597195414429,自动归类成功
匿名文件_行号_2429,数据集3,0,0.8787741401880744,0.8223486625918468,0.7753633150807601,自动归类成功
匿名文件_行号_2430,数据集3,0,0.8500317905273204,0.7762905174845921,0.902970785059987,自动归类成功
匿名文件_行号_2431,数据集3,0,0.7733395413073941,0.6395678971083922,1.1698520296716848,自动归类成功
匿名文件_行号_2432,数据集3,0,0.8310992402134474,0.7502855315375327,0.9871147965618507,自动归类成功
匿名文件_行号_2433,数据集3,0,0.8046698849345498,0.7058010459584858,1.0908044178442562,自动归类成功
匿名文件_行号_2434,数据集3,0,0.8037661747909289,0.7083002595790431,1.0841691157736424,自动归类成功
匿名文件_行号_2435,数据集3,0,0.6709946018245808,0.4181750786954679,1.314265049281797,自动归类成功
匿名文件_行号_2436,数据集3,0,0.8306726006433753,0.740697438988119,0.9686783248301188,自动归类成功
匿名文件_行号_2437,数据集3,0,0.8595114162462263,0.7846881068458715,0.8516575400494628,自动归类成功
匿名文件_行号_2438,数据集3,0,0.8792167041933125,0.8161363523318269,0.761211162124038,自动归类成功
匿名文件_行号_2439,数据集3,0,0.8276450188138758,0.7301142432394366,0.9730713239106195,自动归类成功
匿名文件_行号_2440,数据集3,0,0.8552438278245282,0.7769373356879474,0.8682138489518386,自动归类成功
匿名文件_行号_2441,数据集3,0,0.590543944234679,0.4046229508047954,1.7646614915425403,自动归类成功
匿名文件_行号_2442,数据集3,0,0.81767245794916,0.7359487674434674,1.0466731837363707,自动归类成功
匿名文件_行号_2443,数据集3,0,0.6940880009649005,0.5688345236266132,1.523012851259025,自动归类成功
匿名文件_行号_2444,数据集3,0,0.8207836658627164,0.722248571888527,1.0078542787021194,自动归类成功
匿名文件_行号_2445,数据集3,0,0.7719650639102503,0.6626405630155591,1.2146969990783418,自动归类成功
匿名文件_行号_2446,数据集3,0,0.8059137032914252,0.6954568717089354,1.0614988683390951,自动归类成功
匿名文件_行号_2447,数据集3,0,0.8065947874181946,0.69955935924004,1.0602862397050843,自动归类成功
匿名文件_行号_2448,数据集3,0,0.8132168822247489,0.71664819355296,1.050244191777104,自动归类成功
匿名文件_行号_2449,数据集3,0,0.8151908100834491,0.7168408000785684,1.0366062681577775,自动归类成功
匿名文件_行号_2450,数据集3,0,0.846750153605766,0.7642429702356262,0.9033359909855765,自动归类成功
匿名文件_行号_2451,数据集3,0,0.7318946846684049,0.5721273338472419,1.306406211921718,自动归类成功
匿名文件_行号_2452,数据集3,0,0.8511591936017059,0.7752316538658159,0.8911150376670047,自动归类成功
匿名文件_行号_2453,数据集3,0,0.8598431712062875,0.7835586165070635,0.8432919701735938,自动归类成功
匿名文件_行号_2454,数据集3,0,0.86557697496796,0.7939984549958435,0.8209710076586232,自动归类成功
匿名文件_行号_2455,数据集3,0,0.8551395375926186,0.780515453711012,0.8710557216370424,自动归类成功
匿名文件_行号_2456,数据集3,0,0.8248005052518834,0.7375790315430739,1.0062683309712692,自动归类成功
匿名文件_行号_2457,数据集3,0,0.9059664969872256,0.8620961917790287,0.6384217512389221,自动归类成功
匿名文件_行号_2458,数据集3,0,0.8097931309198407,0.70555201895749,1.054863151082841,自动归类成功
匿名文件_行号_2459,数据集3,0,0.8258455796850678,0.730716932367332,0.9866867856667837,自动归类成功
匿名文件_行号_2460,数据集3,0,0.836076950368144,0.7631296649269356,0.9711374523053168,自动归类成功
匿名文件_行号_2461,数据集3,0,0.7936815024990137,0.6729913241457662,1.0966201726320453,自动归类成功
匿名文件_行号_2462,数据集3,0,0.7957380479318295,0.6741680542457607,1.081988180258132,自动归类成功
匿名文件_行号_2463,数据集3,0,0.8318424710628791,0.7389245851673676,0.9607935410480065,自动归类成功
匿名文件_行号_2464,数据集3,0,0.8331251942899502,0.7355721617809432,0.9435339833753066,自动归类成功
匿名文件_行号_2465,数据集3,0,0.8556540544552688,0.778559305134307,0.8663893025558784,自动归类成功
匿名文件_行号_2466,数据集3,0,0.8384911426911249,0.7474223357769625,0.9291116886074301,自动归类成功
匿名文件_行号_2467,数据集3,0,0.7266801336500411,0.5467369997931377,1.2749224317357133,自动归类成功
匿名文件_行号_2468,数据集3,0,0.8076406886326525,0.7066741323569354,1.0623167799990354,自动归类成功
匿名文件_行号_2469,数据集3,0,0.8011144170992723,0.6887203573084681,1.0781819854902794,自动归类成功
匿名文件_行号_2470,数据集3,0,0.8666422662225388,0.7972739512729112,0.8207580016110759,自动归类成功
匿名文件_行号_2471,数据集3,0,0.7767849210885412,0.6391287603970537,1.1418014156646576,自动归类成功
匿名文件_行号_2472,数据集3,0,0.8083373958650609,0.7156400473326793,1.0766428842463596,自动归类成功
匿名文件_行号_2473,数据集3,0,0.7976710287132267,0.6941590610395599,1.1141082659390742,自动归类成功
匿名文件_行号_2474,数据集3,0,0.8382534993455261,0.7543768611493402,0.9433750334122722,自动归类成功
匿名文件_行号_2475,数据集3,0,0.8747616991696191,0.8106665644789626,0.784671272329271,自动归类成功
匿名文件_行号_2476,数据集3,0,0.7659537544388382,0.6330663449306387,1.205655624507429,自动归类成功
匿名文件_行号_2477,数据集3,0,0.8324993289412282,0.753158921407408,0.981478925492589,自动归类成功
匿名文件_行号_2478,数据集3,0,0.768128983944133,0.6498007845443317,1.2234562073765878,自动归类成功
匿名文件_行号_2479,数据集3,0,0.8085742146761644,0.6995429425252787,1.0486400912374174,自动归类成功
匿名文件_行号_2480,数据集3,0,0.8237567419680927,0.7240994404910813,0.9890612322282823,自动归类成功
匿名文件_行号_2481,数据集3,0,0.8309749412539247,0.7310609978273783,0.9488463431122942,自动归类成功
匿名文件_行号_2482,数据集3,0,0.8375724456485204,0.7449440023804231,0.9305719228995538,自动归类成功
匿名文件_行号_2483,数据集3,0,0.8414495492392298,0.7543471789286968,0.9217078022371843,自动归类成功
匿名文件_行号_2484,数据集3,0,0.8539748538239955,0.7797402787267085,0.8754899108971561,自动归类成功
匿名文件_行号_2485,数据集3,0,0.8276668359433008,0.7376680764289828,0.9897367315398531,自动归类成功
匿名文件_行号_2486,数据集3,0,0.8568819947028238,0.7759473569921846,0.852044129000032,自动归类成功
匿名文件_行号_2487,数据集3,0,0.8004810347486091,0.7025372895097055,1.100544825623971,自动归类成功
匿名文件_行号_2488,数据集3,0,0.8133559243778659,0.7049685408526651,1.0241881920521145,自动归类成功
匿名文件_行号_2489,数据集3,0,0.8097312579874275,0.7017669861052792,1.0437728850049457,自动归类成功
匿名文件_行号_2490,数据集3,0,0.8510675831337533,0.7748198014086012,0.894044276325809,自动归类成功
匿名文件_行号_2491,数据集3,0,0.8489414044441723,0.7674727801440346,0.8911004106440049,自动归类成功
匿名文件_行号_2492,数据集3,0,0.8408631544224643,0.7485182200063861,0.9149464125217865,自动归类成功
匿名文件_行号_2493,数据集3,0,0.7934437646537608,0.6731304206272952,1.1014986912623947,自动归类成功
匿名文件_行号_2494,数据集3,0,0.7915104205708566,0.6867685165904269,1.1400612681255249,自动归类成功
匿名文件_行号_2495,数据集3,0,0.7973047408419227,0.6853735352074537,1.0923087709192636,自动归类成功
匿名文件_行号_2496,数据集3,0,0.744557865957655,0.5674386228692698,1.196496190384167,自动归类成功
匿名文件_行号_2497,数据集3,0,0.8193332886191163,0.7151381514113457,1.0020234640547805,自动归类成功
匿名文件_行号_2498,数据集3,0,0.8596194636470017,0.7972403776338919,0.8608386639216808,自动归类成功
匿名文件_行号_2499,数据集3,0,0.8258016512099077,0.7290777131921053,0.9843167753564172,自动归类成功
匿名文件_行号_2500,数据集3,0,0.863641500199981,0.7951828090091956,0.8405607935108915,自动归类成功
匿名文件_行号_2501,数据集3,0,0.8063315194484387,0.6882723238375066,1.039427150083727,自动归类成功
匿名文件_行号_2502,数据集3,0,0.7924327389703383,0.6743714028704734,1.1054407159520843,自动归类成功
匿名文件_行号_2503,数据集3,0,0.872183113998569,0.8059800204315419,0.7952026034356209,自动归类成功
匿名文件_行号_2504,数据集3,0,0.7846885958731294,0.6921079438019409,1.1892900147055057,自动归类成功
匿名文件_行号_2505,数据集3,0,0.8658832249224204,0.7954942734486794,0.8214911435621195,自动归类成功
匿名文件_行号_2506,数据集3,0,0.7709243742978369,0.6299846225051655,1.161919808320608,自动归类成功
匿名文件_行号_2507,数据集3,0,0.848876005330104,0.7668458046818094,0.8923065489454058,自动归类成功
匿名文件_行号_2508,数据集3,0,0.8041312150365202,0.718293672577235,1.1051944007802372,自动归类成功
匿名文件_行号_2509,数据集3,0,0.7844675422782177,0.6623272728653354,1.1416030317638095,自动归类成功
匿名文件_行号_2510,数据集3,0,0.8572715677115189,0.7777597209586067,0.8510671398072195,自动归类成功
匿名文件_行号_2511,数据集3,0,0.7342694721929265,0.5852634699033952,1.3053232596074742,自动归类成功
匿名文件_行号_2512,数据集3,0,0.8599294921211109,0.7820410514842138,0.8425033978595559,自动归类成功
匿名文件_行号_2513,数据集3,0,0.8156283650450332,0.7112645986415682,1.0221491181993534,自动归类成功
匿名文件_行号_2514,数据集3,0,0.8303469150799895,0.7317000913586676,0.9581417175970567,自动归类成功
匿名文件_行号_2515,数据集3,0,0.7760957246927079,0.6606559523960961,1.1809574908988993,自动归类成功
匿名文件_行号_2516,数据集3,0,0.8386599577206725,0.75829097134643,0.9527653705827741,自动归类成功
匿名文件_行号_2517,数据集3,0,0.7389476398689723,0.5686131184424179,1.242844381529018,自动归类成功
匿名文件_行号_2518,数据集3,0,0.826800061306002,0.7351125279846429,0.9895538786269567,自动归类成功
匿名文件_行号_2519,数据集3,0,0.7980343233374002,0.6712191932978502,1.0584793999611755,自动归类成功
匿名文件_行号_2520,数据集3,0,0.8399260808477667,0.7668260488234919,0.952110355543626,自动归类成功
匿名文件_行号_2521,数据集3,0,0.8163030668859581,0.71721570964445,1.02856376444029,自动归类成功
匿名文件_行号_2522,数据集3,0,0.856378149813943,0.781456780465731,0.8642590282381116,自动归类成功
匿名文件_行号_2523,数据集3,0,0.8297881422484983,0.7386564024086215,0.9702616152043473,自动归类成功
匿名文件_行号_2524,数据集3,0,0.8440582841476112,0.7640136483605553,0.9210579791893067,自动归类成功
匿名文件_行号_2525,数据集3,0,0.7604116708462006,0.6542892253293604,1.2749487104294388,自动归类成功
匿名文件_行号_2526,数据集3,0,0.8287468316629348,0.737335156026125,0.9808889807209328,自动归类成功
匿名文件_行号_2527,数据集3,0,0.8097864421774605,0.6991760354099723,1.0367658997862679,自动归类成功
匿名文件_行号_2528,数据集3,0,0.849877865000612,0.7814079914641718,0.9083215546437483,自动归类成功
匿名文件_行号_2529,数据集3,0,0.8422179466381297,0.7626166165259467,0.9336340494583542,自动归类成功
匿名文件_行号_2530,数据集3,0,0.8489486223277253,0.7661682209050513,0.8901016180034493,自动归类成功
匿名文件_行号_2531,数据集3,0,0.8083697891299577,0.6996859471059453,1.0491451636147586,自动归类成功
匿名文件_行号_2532,数据集3,0,0.8036823429323203,0.6896798261620785,1.0609240179552843,自动归类成功
匿名文件_行号_2533,数据集3,0,0.848789688073115,0.7671287282633535,0.8942836333129205,自动归类成功
匿名文件_行号_2534,数据集3,0,0.815055241464217,0.7036002128441422,1.0077285373993248,自动归类成功
匿名文件_行号_2535,数据集3,0,0.7979796169366244,0.6741139375291509,1.0656498426905274,自动归类成功
匿名文件_行号_2536,数据集3,0,0.7817317635891047,0.6659553880823543,1.1555121807894482,自动归类成功
匿名文件_行号_2537,数据集3,0,0.8437291454106182,0.7564958610690643,0.9102804055860023,自动归类成功
匿名文件_行号_2538,数据集3,0,0.849214285090329,0.7772602365746145,0.9100040320174436,自动归类成功
匿名文件_行号_2539,数据集3,0,0.8291781981001248,0.7399127857916917,0.9842759844453051,自动归类成功
匿名文件_行号_2540,数据集3,0,0.4990204846316899,0.2612566577140034,1.9051861094740297,自动归类成功
匿名文件_行号_2541,数据集3,0,0.8293871701463058,0.7345686228439505,0.9684790279706119,自动归类成功
匿名文件_行号_2542,数据集3,0,0.8463376582563144,0.7542712372249843,0.8828822775983685,自动归类成功
匿名文件_行号_2543,数据集3,0,0.8670634000618003,0.79798968863363,0.8188157586890463,自动归类成功
匿名文件_行号_2544,数据集3,0,0.8315577721346522,0.7450538119651287,0.970836153305345,自动归类成功
匿名文件_行号_2545,数据集3,0,0.7431542917275266,0.575152477838774,1.22842829036091,自动归类成功
匿名文件_行号_2546,数据集3,0,0.8264578267447629,0.7311370556699923,0.9825930705578602,自动归类成功
匿名文件_行号_2547,数据集3,0,0.855537204985274,0.7784624150702806,0.8659172567007369,自动归类成功
匿名文件_行号_2548,数据集3,0,0.8332148450869445,0.755380933020963,0.975745916202667,自动归类成功
匿名文件_行号_2549,数据集3,0,0.8284502003883465,0.7466361693147257,0.9957710160757779,自动归类成功
匿名文件_行号_2550,数据集3,0,0.7965043751869365,0.6923597013935305,1.112885857052901,自动归类成功
匿名文件_行号_2551,数据集3,0,0.8687683128354906,0.8002959770684204,0.809580128256299,自动归类成功
匿名文件_行号_2552,数据集3,0,0.8227852903239656,0.7222797291923482,0.992553696982763,自动归类成功
匿名文件_行号_2553,数据集3,0,0.8395587336065056,0.7534776769557678,0.9347151074193389,自动归类成功
匿名文件_行号_2554,数据集3,0,0.7314810391251744,0.6021544727891666,1.3715351185516365,自动归类成功
匿名文件_行号_2555,数据集3,0,0.8263558474111539,0.7289672590514193,0.9802165849391273,自动归类成功
匿名文件_行号_2556,数据集3,0,0.8019323029373924,0.6942408818562598,1.086212246618307,自动归类成功
匿名文件_行号_2557,数据集3,0,0.8091404723326997,0.7021970225468304,1.0505852001298805,自动归类成功
匿名文件_行号_2558,数据集3,0,0.8079612161175815,0.6993555993613095,1.0512136473432805,自动归类成功
匿名文件_行号_2559,数据集3,0,0.8125962688315403,0.7214792035940257,1.0710935797066823,自动归类成功
匿名文件_行号_2560,数据集3,0,0.7847136859461624,0.6601460158888109,1.133515579514227,自动归类成功
匿名文件_行号_2561,数据集3,0,0.8297331168646279,0.7394416957176112,0.9762615035553991,自动归类成功
匿名文件_行号_2562,数据集3,0,0.8150948008745273,0.7106976031809781,1.0234714814922632,自动归类成功
匿名文件_行号_2563,数据集3,0,0.7838896147950736,0.6571755220352279,1.1331880652327109,自动归类成功
匿名文件_行号_2564,数据集3,0,0.842790702836497,0.7661724632177656,0.9351797730445174,自动归类成功
匿名文件_行号_2565,数据集3,0,0.7788267338159122,0.6491330532421229,1.1544343179449226,自动归类成功
匿名文件_行号_2566,数据集3,0,0.8334971794133885,0.7437154571263589,0.9590133218689757,自动归类成功
匿名文件_行号_2567,数据集3,0,0.83499723473651,0.7389714536390575,0.9375811225616397,自动归类成功
匿名文件_行号_2568,数据集3,0,0.7782197474939216,0.6540386908545881,1.1678940517506788,自动归类成功
匿名文件_行号_2569,数据集3,0,0.8306278806370379,0.7353184585975497,0.9648698438440094,自动归类成功
匿名文件_行号_2570,数据集3,0,0.7854909725333165,0.6906631026070391,1.1858221401744629,自动归类成功
匿名文件_行号_2571,数据集3,0,0.6812749453760542,0.4450392679970787,1.322885708855218,自动归类成功
匿名文件_行号_2572,数据集3,0,0.8354871699386462,0.7589079669155838,0.9700283181923345,自动归类成功
匿名文件_行号_2573,数据集3,0,0.8113657818871147,0.6959872748449074,1.0171252914582678,自动归类成功
匿名文件_行号_2574,数据集3,0,0.8171656417175203,0.713036434275393,1.013517452382832,自动归类成功
匿名文件_行号_2575,数据集3,0,0.8385675964565129,0.7493153312657144,0.9329646905806405,自动归类成功
匿名文件_行号_2576,数据集3,0,0.8360448181822364,0.7491951027781127,0.9517595971183239,自动归类成功
匿名文件_行号_2577,数据集3,0,0.6889281931803652,0.47335622874150995,1.3502347743243321,自动归类成功
匿名文件_行号_2578,数据集3,0,0.8165711652220352,0.7101217003391549,1.0124378213899405,自动归类成功
匿名文件_行号_2579,数据集3,0,0.7742629368700397,0.659031616298405,1.2007332056159816,自动归类成功
匿名文件_行号_2580,数据集3,0,0.8679339290814931,0.8021292958892999,0.8173169967116345,自动归类成功
匿名文件_行号_2581,数据集3,0,0.8490378257503897,0.7658664714672124,0.8890062871648003,自动归类成功
匿名文件_行号_2582,数据集3,0,0.7917907594627783,0.6709045646353693,1.1062955449594807,自动归类成功
匿名文件_行号_2583,数据集3,2,0.8000550840921985,0.6494549509722922,0.9717486750496034,自动归类成功
匿名文件_行号_2584,数据集3,0,0.7958900446161092,0.6968000478982739,1.1386472627610758,自动归类成功
匿名文件_行号_2585,数据集3,0,0.690382382958418,0.4888464706521629,1.385100775059882,自动归类成功
匿名文件_行号_2586,数据集3,0,0.8231268591149934,0.7375828524138508,1.0198074658780556,自动归类成功
匿名文件_行号_2587,数据集3,0,0.8839281160783194,0.8290048237187441,0.748365757518891,自动归类成功
匿名文件_行号_2588,数据集3,0,0.7470002477723833,0.6089260388671751,1.2611663750980946,自动归类成功
匿名文件_行号_2589,数据集3,0,0.8844120104100404,0.8266031492699923,0.7373452202227713,自动归类成功
匿名文件_行号_2590,数据集3,0,0.7976849896116571,0.7027259213452539,1.118225902126496,自动归类成功
匿名文件_行号_2591,数据集3,0,0.8192611948526906,0.7132696181324977,0.9988230399369236,自动归类成功
匿名文件_行号_2592,数据集3,0,0.8441808200611144,0.7657982261208929,0.9244970531952856,自动归类成功
匿名文件_行号_2593,数据集3,0,0.8637711380336299,0.7997678465229601,0.8495379041649814,自动归类成功
匿名文件_行号_2594,数据集3,0,0.8393092485013217,0.7513781983473229,0.931880936732533,自动归类成功
匿名文件_行号_2595,数据集3,0,0.5551640065670788,0.3580118668500886,1.8105306709373437,自动归类成功
匿名文件_行号_2596,数据集3,0,0.7908140672200996,0.657624399879804,1.0797504326862004,自动归类成功
匿名文件_行号_2597,数据集3,0,0.8423358057173953,0.7619276976948814,0.9342726235924037,自动归类成功
匿名文件_行号_2598,数据集3,0,0.8568510734124866,0.7747677271865133,0.8483277749522634,自动归类成功
匿名文件_行号_2599,数据集3,0,0.8268673077194663,0.7327715594287028,0.9851924518236564,自动归类成功
匿名文件_行号_2600,数据集3,0,0.8348792953857873,0.740000979530091,0.9408526829606049,自动归类成功
匿名文件_行号_2601,数据集3,0,0.852821928622344,0.7627390337684574,0.8510357578480331,自动归类成功
匿名文件_行号_2602,数据集3,0,0.8432656506706864,0.766652085975178,0.9282983201009913,自动归类成功
匿名文件_行号_2603,数据集3,0,0.8459658042031363,0.7560081019751973,0.8914068541639688,自动归类成功
匿名文件_行号_2604,数据集3,0,0.7841193478297821,0.656398536621645,1.126719242880235,自动归类成功
匿名文件_行号_2605,数据集3,0,0.8216963264065832,0.7177090741948938,0.9899313328918016,自动归类成功
匿名文件_行号_2606,数据集3,0,0.8080674576244673,0.6875351578469752,1.0220665816173788,自动归类成功
匿名文件_行号_2607,数据集3,0,0.7838684323224752,0.6526689927305328,1.1207838313195264,自动归类成功
匿名文件_行号_2608,数据集3,0,0.8129708841077063,0.7031549947910684,1.0225471812374878,自动归类成功
匿名文件_行号_2609,数据集3,0,0.7840657922939018,0.67456243622301,1.1709819572684896,自动归类成功
匿名文件_行号_2610,数据集3,0,0.7709041667270411,0.644750538364515,1.1979934932894767,自动归类成功
匿名文件_行号_2611,数据集3,0,0.741876621548685,0.568510227100588,1.2180858945651907,自动归类成功
匿名文件_行号_2612,数据集3,0,0.8224285817090858,0.7364414632766427,1.0232735054637991,自动归类成功
匿名文件_行号_2613,数据集3,0,0.8325963129179338,0.7414491807311513,0.9604412200787447,自动归类成功
匿名文件_行号_2614,数据集3,0,0.878823020081496,0.8202128472521775,0.7735367160615663,自动归类成功
匿名文件_行号_2615,数据集3,0,0.6670980209206759,0.4414348449505169,1.4232898653839423,自动归类成功
匿名文件_行号_2616,数据集3,0,0.8005650020836227,0.6790579439664353,1.0591131693452078,自动归类成功
匿名文件_行号_2617,数据集3,0,0.829689962990925,0.7366153521082578,0.968507377175566,自动归类成功
匿名文件_行号_2618,数据集3,0,0.8484847434386094,0.7752350910762337,0.9127620590215604,自动归类成功
匿名文件_行号_2619,数据集3,0,0.7448865060578072,0.6158734053163996,1.2924486158135724,自动归类成功
匿名文件_行号_2620,数据集3,0,0.7946095978881008,0.6683252312270229,1.078040407101484,自动归类成功
匿名文件_行号_2621,数据集3,0,0.7694870589058689,0.659968944400189,1.2226973327249215,自动归类成功
匿名文件_行号_2622,数据集3,0,0.8664047661184093,0.7959289667108052,0.8193619399829571,自动归类成功
匿名文件_行号_2623,数据集3,0,0.8042981849965471,0.6801916748401141,1.0329493608747182,自动归类成功
匿名文件_行号_2624,数据集3,0,0.8475748393385182,0.7615638196677276,0.8904759491375731,自动归类成功
匿名文件_行号_2625,数据集3,0,0.7872070326591798,0.6761254608740637,1.1353061602054808,自动归类成功
匿名文件_行号_2626,数据集3,0,0.8682195116926446,0.8095135378601636,0.821470827036978,自动归类成功
匿名文件_行号_2627,数据集3,0,0.780684143004504,0.6345420121718632,1.0970450965429743,自动归类成功
匿名文件_行号_2628,数据集3,0,0.8258419810439154,0.7355867315993734,1.0010822873124037,自动归类成功
匿名文件_行号_2629,数据集3,0,0.8233799662799094,0.7224671358540337,0.9884983509853945,自动归类成功
匿名文件_行号_2630,数据集3,0,0.8612452226368387,0.790022976866349,0.8477894003120159,自动归类成功
匿名文件_行号_2631,数据集3,0,0.8320568353728534,0.7426034082046717,0.9683403967499759,自动归类成功
匿名文件_行号_2632,数据集3,0,0.8113431674753293,0.7018031177053441,1.0311747485656657,自动归类成功
匿名文件_行号_2633,数据集3,0,0.8072998685327718,0.6900797346001827,1.0340712922225024,自动归类成功
匿名文件_行号_2634,数据集3,0,0.8116994099794055,0.6998378569801772,1.0233495761792992,自动归类成功
匿名文件_行号_2635,数据集3,0,0.7321788833738052,0.5690804424167529,1.2953477230668033,自动归类成功
匿名文件_行号_2636,数据集3,0,0.8271122768235681,0.7329312240027228,0.9830305043900279,自动归类成功
匿名文件_行号_2637,数据集3,0,0.7987038079521711,0.6841868956901737,1.0873536141714595,自动归类成功
匿名文件_行号_2638,数据集3,0,0.8156949701307099,0.7193815718954366,1.0385048237465855,自动归类成功
匿名文件_行号_2639,数据集3,0,0.8459802007975538,0.7613331725643055,0.9013829398180688,自动归类成功
匿名文件_行号_2640,数据集3,0,0.8083378729172788,0.7104446611876479,1.0654334435278254,自动归类成功
匿名文件_行号_2641,数据集3,0,0.8294270994842837,0.7377050239835413,0.9777117083401334,自动归类成功
匿名文件_行号_2642,数据集3,0,0.6768226910731333,0.4562158605295674,1.3825259001567358,自动归类成功
匿名文件_行号_2643,数据集3,0,0.6500038788932191,0.4367553098290238,1.51505421696486,自动归类成功
匿名文件_行号_2644,数据集3,0,0.536702056291477,0.17191110444336377,1.5232891693452482,自动归类成功
匿名文件_行号_2645,数据集3,0,0.8557762837666326,0.7739830493538861,0.8543460352524904,自动归类成功
匿名文件_行号_2646,数据集3,0,0.7650777966001647,0.6625450025411649,1.2343448338397927,自动归类成功
匿名文件_行号_2647,数据集3,0,0.7553198659504332,0.5976115543404421,1.1932171956087203,自动归类成功
匿名文件_行号_2648,数据集3,0,0.7643189039188883,0.6184223741378644,1.185964939580655,自动归类成功
匿名文件_行号_2649,数据集3,0,0.8164653982042751,0.7088819679099854,1.0094925780174953,自动归类成功
匿名文件_行号_2650,数据集3,0,0.8017600039841899,0.6940627125431207,1.0864409168581377,自动归类成功
匿名文件_行号_2651,数据集3,0,0.8344649893245655,0.7544686124143503,0.9690440583478692,自动归类成功
匿名文件_行号_2652,数据集3,0,0.8479710506743502,0.7660494568216498,0.8963342220403782,自动归类成功
匿名文件_行号_2653,数据集3,0,0.7901367485769328,0.6725950894548111,1.1198008043437042,自动归类成功
匿名文件_行号_2654,数据集3,0,0.8390533223683877,0.7518243978971545,0.9350468880991774,自动归类成功
匿名文件_行号_2655,数据集3,0,0.6386248433693565,0.43045056874355325,1.5759828928846231,自动归类成功
匿名文件_行号_2656,数据集3,0,0.8246570659672532,0.7289998152134797,0.9921147300173334,自动归类成功
匿名文件_行号_2657,数据集3,0,0.7926910465682754,0.677610744802922,1.116952479575616,自动归类成功
匿名文件_行号_2658,数据集3,0,0.8795825869700132,0.8242522159756438,0.7688035553285979,自动归类成功
匿名文件_行号_2659,数据集3,0,0.8280273436851157,0.7376339199117028,0.9872771557626105,自动归类成功
匿名文件_行号_2660,数据集3,0,0.7837292978737601,0.6672886203190935,1.1488124563087778,自动归类成功
匿名文件_行号_2661,数据集3,0,0.5262167812872794,0.15747914463824908,1.553764703520887,自动归类成功
匿名文件_行号_2662,数据集3,0,0.8821459213368001,0.825235064635926,0.7558100727460211,自动归类成功
匿名文件_行号_2663,数据集3,0,0.741541837832646,0.5874211225947298,1.2743217177865855,自动归类成功
匿名文件_行号_2664,数据集3,0,0.8414766885211489,0.7564494067742595,0.9302786075003395,自动归类成功
匿名文件_行号_2665,数据集3,0,0.459877068372977,0.2098468958006766,2.0428203318029423,自动归类成功
匿名文件_行号_2666,数据集3,0,0.8385371279158754,0.752107456875372,0.9414987323213634,自动归类成功
匿名文件_行号_2667,数据集3,0,0.590466651929918,0.32636408989957855,1.6178802705642175,自动归类成功
匿名文件_行号_2668,数据集3,0,0.8639657921931597,0.7919975367430611,0.8303575708623517,自动归类成功
匿名文件_行号_2669,数据集3,0,0.8679862899309622,0.7949214056782972,0.8038874841861133,自动归类成功
匿名文件_行号_2670,数据集3,0,0.796087177083442,0.6806996133313805,1.1005038108138687,自动归类成功
匿名文件_行号_2671,数据集3,0,0.8314545137191877,0.7531860334161441,0.9899450485379578,自动归类成功
匿名文件_行号_2672,数据集3,0,0.8421689991216497,0.7698050067935163,0.9466127656198459,自动归类成功
匿名文件_行号_2673,数据集3,0,0.8150007681496741,0.7074252838934937,1.017001545611984,自动归类成功
匿名文件_行号_2674,数据集3,0,0.7571792412548085,0.6153786697993984,1.2263941495772581,自动归类成功
匿名文件_行号_2675,数据集3,0,0.7969656355249339,0.6802583085602878,1.0900153613645942,自动归类成功
匿名文件_行号_2676,数据集3,0,0.786209636955435,0.6697441995254618,1.1408697737927322,自动归类成功
匿名文件_行号_2677,数据集3,0,0.8369407215975387,0.75221151260299,0.949873322328144,自动归类成功
匿名文件_行号_2678,数据集3,0,0.8302636428609919,0.7505299421462136,0.9958940954227248,自动归类成功
匿名文件_行号_2679,数据集3,0,0.7496291053344847,0.6147444096319545,1.2675599018245705,自动归类成功
匿名文件_行号_2680,数据集3,0,0.8396385053201155,0.742965184877305,0.909840131721071,自动归类成功
匿名文件_行号_2681,数据集3,-1,0.49044291914859195,0.09561101848258369,1.6034149291431201,多类别特征 (倾向类别 0 与 4)
匿名文件_行号_2682,数据集3,0,0.7306396541729231,0.5726818575480697,1.3071772041013132,自动归类成功
匿名文件_行号_2683,数据集3,0,0.8561708929866592,0.787506136467226,0.8730916606875566,自动归类成功
匿名文件_行号_2684,数据集3,0,0.821326388664388,0.7189202754427728,0.9948529062618909,自动归类成功
匿名文件_行号_2685,数据集3,0,0.8198156231900339,0.7236156118064083,1.0179175803097238,自动归类成功
匿名文件_行号_2686,数据集3,0,0.8391960802358774,0.7549209574677321,0.9417098781034574,自动归类成功
匿名文件_行号_2687,数据集3,0,0.8590438305314572,0.7829169646048042,0.8484560746080364,自动归类成功
匿名文件_行号_2688,数据集3,0,0.8201545046509895,0.7178336803077533,1.0014504302684757,自动归类成功
匿名文件_行号_2689,数据集3,0,0.8282335956329776,0.7252703502614112,0.956441014709522,自动归类成功
匿名文件_行号_2690,数据集3,0,0.691881468098674,0.4995297837827295,1.3951298257643518,自动归类成功
匿名文件_行号_2691,数据集3,0,0.8247133017170087,0.7383215418605923,1.0103723928899284,自动归类成功
匿名文件_行号_2692,数据集3,0,0.7630698884626019,0.6482785606260849,1.2335973187508176,自动归类成功
匿名文件_行号_2693,数据集3,0,0.8565557897564352,0.7766594173352936,0.8527416037858042,自动归类成功
匿名文件_行号_2694,数据集3,0,0.8508577035021441,0.7776920126526141,0.9003445811666352,自动归类成功
匿名文件_行号_2695,数据集3,0,0.8236966920196686,0.7267379689786072,0.9943982084343298,自动归类成功
匿名文件_行号_2696,数据集3,0,0.8205142924354908,0.7213143572957725,1.0081468791491093,自动归类成功
匿名文件_行号_2697,数据集3,0,0.8455169133510658,0.7684204918997665,0.9164164017195575,自动归类成功
匿名文件_行号_2698,数据集3,0,0.7743352110585631,0.6427344813636174,1.1693556480197838,自动归类成功
匿名文件_行号_2699,数据集3,0,0.8361448107642014,0.7486625757813599,0.9493147470404081,自动归类成功
匿名文件_行号_2700,数据集3,0,0.816436840939865,0.7293065570176616,1.04355799933604,自动归类成功
匿名文件_行号_2701,数据集3,0,0.8503196489077895,0.7780464271910887,0.9058632840852032,自动归类成功
匿名文件_行号_2702,数据集3,0,0.8475306794982256,0.7684516198347805,0.907378705333141,自动归类成功
匿名文件_行号_2703,数据集3,0,0.6787720386473289,0.4727440107925214,1.4160892674885697,自动归类成功
匿名文件_行号_2704,数据集3,0,0.6694815536826288,0.4365064252845814,1.3882029186757958,自动归类成功
匿名文件_行号_2705,数据集3,0,0.764458084344184,0.6217905134450721,1.187547011192506,自动归类成功
匿名文件_行号_2706,数据集3,0,0.8494388765763469,0.7732321135947307,0.9002714909823403,自动归类成功
匿名文件_行号_2707,数据集3,0,0.8253893561629394,0.7287110238783208,0.9868898635782117,自动归类成功
匿名文件_行号_2708,数据集3,0,0.7981656667032196,0.6940401138995128,1.107873555310643,自动归类成功
匿名文件_行号_2709,数据集3,0,0.8519430999414336,0.7736820057526667,0.8836065064496632,自动归类成功
匿名文件_行号_2710,数据集3,0,0.8062077956948017,0.7014124319295525,1.0627201504402115,自动归类成功
匿名文件_行号_2711,数据集3,0,0.8349771447944055,0.7529099632675675,0.9668861449780237,自动归类成功
匿名文件_行号_2712,数据集3,0,0.7839123251036959,0.6506726673306411,1.115268896349292,自动归类成功
匿名文件_行号_2713,数据集3,0,0.7798496594375309,0.6555618297899615,1.155291006722354,自动归类成功
匿名文件_行号_2714,数据集3,0,0.8760118459329143,0.8149561876105356,0.7849488387959397,自动归类成功
匿名文件_行号_2715,数据集3,0,0.7899211924239081,0.6721677179374256,1.1246643444953537,自动归类成功
匿名文件_行号_2716,数据集3,0,0.8343279069748257,0.7568656632378655,0.97890557943249,自动归类成功
匿名文件_行号_2717,数据集3,0,0.8706475427333216,0.8014851428306069,0.7987152745365721,自动归类成功
匿名文件_行号_2718,数据集3,0,0.7548306925989335,0.5984880156128336,1.2058575994396203,自动归类成功
匿名文件_行号_2719,数据集3,0,0.844822806056396,0.7523979644020565,0.8901123915100275,自动归类成功
匿名文件_行号_2720,数据集3,0,0.8387998308226126,0.7521268274233441,0.9391692972270229,自动归类成功
匿名文件_行号_2721,数据集3,0,0.7994838251545348,0.6790610744843812,1.0679696598691577,自动归类成功
匿名文件_行号_2722,数据集3,0,0.8664790539703449,0.7952634126916025,0.81828915490591,自动归类成功
匿名文件_行号_2723,数据集3,0,0.8443008392475994,0.7607330245337701,0.9146953643287238,自动归类成功
匿名文件_行号_2724,数据集3,0,0.8311353688329014,0.7383751376480104,0.9664142481382194,自动归类成功
匿名文件_行号_2725,数据集3,0,0.8632505269990319,0.7909286357576825,0.8323615222665729,自动归类成功
匿名文件_行号_2726,数据集3,0,0.8456580952610357,0.7646052781071973,0.9078704866462656,自动归类成功
匿名文件_行号_2727,数据集3,0,0.8383588013288258,0.7525219447514272,0.9415370340132009,自动归类成功
匿名文件_行号_2728,数据集3,0,0.8454100824106071,0.7592443995251903,0.9036827523082874,自动归类成功
匿名文件_行号_2729,数据集3,0,0.8098493470343276,0.7051113620907554,1.0498647729854718,自动归类成功
匿名文件_行号_2730,数据集3,0,0.8078138572623728,0.6989389442396017,1.0505989769343147,自动归类成功
匿名文件_行号_2731,数据集3,0,0.8593285942156028,0.7922329541166608,0.8639133291277069,自动归类成功
匿名文件_行号_2732,数据集3,0,0.8176350788633382,0.7161351213453382,1.0197431822435736,自动归类成功
匿名文件_行号_2733,数据集3,0,0.7914091888603283,0.6734121078878477,1.1138731183234367,自动归类成功
匿名文件_行号_2734,数据集3,0,0.7640727533438461,0.637596758741183,1.2188585635841123,自动归类成功
匿名文件_行号_2735,数据集3,0,0.8231678469228046,0.7249460999625427,0.9949146142930937,自动归类成功
匿名文件_行号_2736,数据集3,0,0.7901135012135381,0.6588128540737914,1.0872481061695458,自动归类成功
匿名文件_行号_2737,数据集3,0,0.8825837197109792,0.8239820804700069,0.7505384052775834,自动归类成功
匿名文件_行号_2738,数据集3,0,0.8244223553994168,0.7259923728579932,0.9891118528276834,自动归类成功
匿名文件_行号_2739,数据集3,0,0.8285106330714566,0.7352374156064347,0.9790762770790084,自动归类成功
匿名文件_行号_2740,数据集3,0,0.8184932881262522,0.729097990448536,1.0307411912769815,自动归类成功
匿名文件_行号_2741,数据集3,0,0.8420439523039248,0.7571597835040415,0.9219673336185006,自动归类成功
匿名文件_行号_2742,数据集3,0,0.8630635705620563,0.791313640589864,0.8341668663634124,自动归类成功
匿名文件_行号_2743,数据集3,0,0.8621596402256642,0.7923954154925992,0.8431039907606734,自动归类成功
匿名文件_行号_2744,数据集3,0,0.8232049677506,0.7331093845729655,1.0126572825888471,自动归类成功
匿名文件_行号_2745,数据集3,0,0.7488240769560923,0.6314789456659702,1.316731278369602,自动归类成功
匿名文件_行号_2746,数据集3,0,0.8290935976674777,0.7388479795562084,0.9750551515978645,自动归类成功
匿名文件_行号_2747,数据集3,0,0.8134012269167012,0.7120535043264078,1.038327767999572,自动归类成功
匿名文件_行号_2748,数据集3,0,0.7967120373070706,0.6806248224807028,1.0903206635380451,自动归类成功
匿名文件_行号_2749,数据集3,0,0.776657110328693,0.6451798246822662,1.1563266544348623,自动归类成功
匿名文件_行号_2750,数据集3,0,0.7936379478938321,0.6823971183504766,1.1157347331771212,自动归类成功
匿名文件_行号_2751,数据集3,0,0.741150866715513,0.5700672707926224,1.2292923817910002,自动归类成功
匿名文件_行号_2752,数据集3,0,0.8497115652299563,0.7673151045230842,0.8866269174137726,自动归类成功
匿名文件_行号_2753,数据集3,0,0.8183681573834864,0.7151629485593634,1.0093395431471988,自动归类成功
匿名文件_行号_2754,数据集3,0,0.8836456382548431,0.828776516079706,0.7518494478984347,自动归类成功
匿名文件_行号_2755,数据集3,0,0.7731579464133648,0.6348786515990344,1.1589932383001988,自动归类成功
匿名文件_行号_2756,数据集3,0,0.8631671220396356,0.7888296719631925,0.8291953607312192,自动归类成功
匿名文件_行号_2757,数据集3,0,0.7831023069414238,0.641807194811442,1.09931703155782,自动归类成功
匿名文件_行号_2758,数据集3,0,0.8383419477287728,0.7530581363719697,0.9445517826760325,自动归类成功
匿名文件_行号_2759,数据集3,0,0.8372867246586808,0.7511260608472232,0.9457671042034802,自动归类成功
匿名文件_行号_2760,数据集3,0,0.8293413363734414,0.7347868173851629,0.9741005536314471,自动归类成功
匿名文件_行号_2761,数据集3,0,0.8764330865744221,0.8163973772431184,0.7816696821617392,自动归类成功
匿名文件_行号_2762,数据集3,0,0.8622337193614129,0.7987334080650691,0.8536217870553319,自动归类成功
匿名文件_行号_2763,数据集3,0,0.6303086034901624,0.37320944025140756,1.4912740839600895,自动归类成功
匿名文件_行号_2764,数据集3,0,0.8621953636667963,0.7866381657569199,0.8320353210777137,自动归类成功
匿名文件_行号_2765,数据集3,0,0.8578058420894052,0.7826566680366951,0.8561031272334981,自动归类成功
匿名文件_行号_2766,数据集3,0,0.8105860882800858,0.6909657718972901,1.0108748076232204,自动归类成功
匿名文件_行号_2767,数据集3,0,0.8301538562591924,0.7285320769158972,0.9523974202796852,自动归类成功
匿名文件_行号_2768,数据集3,0,0.7580540438333241,0.6071189106157002,1.2015271109407537,自动归类成功
匿名文件_行号_2769,数据集3,0,0.7518710236669313,0.5936924672880045,1.209323822388112,自动归类成功
匿名文件_行号_2770,数据集3,0,0.786149443300753,0.7025992526025958,1.1723941056301377,自动归类成功
匿名文件_行号_2771,数据集3,0,0.8211786147186233,0.7232546311812754,1.0058955605945832,自动归类成功
匿名文件_行号_2772,数据集3,0,0.8318364854322482,0.7355861899673435,0.9536450769505371,自动归类成功
匿名文件_行号_2773,数据集3,0,0.8171909719072888,0.7193896078211501,1.0301900552942689,自动归类成功
匿名文件_行号_2774,数据集3,0,0.8184619403644764,0.7249161987873385,1.0301759409564564,自动归类成功
匿名文件_行号_2775,数据集3,0,0.8570464863917991,0.7995905323741647,0.8799171214112927,自动归类成功
匿名文件_行号_2776,数据集3,0,0.780407726988291,0.6480039469120187,1.1345063565915305,自动归类成功
匿名文件_行号_2777,数据集3,0,0.7983207365890012,0.676527104066103,1.0695922430000264,自动归类成功
匿名文件_行号_2778,数据集3,0,0.8452594151776965,0.7610809308677162,0.9086909035115585,自动归类成功
匿名文件_行号_2779,数据集3,0,0.8529407371614232,0.7697316376071285,0.8671521411562447,自动归类成功
匿名文件_行号_2780,数据集3,0,0.8292272031515375,0.7358259050658615,0.972696651769322,自动归类成功
匿名文件_行号_2781,数据集3,0,0.8283836382419665,0.7328055598955125,0.9756751970819597,自动归类成功
匿名文件_行号_2782,数据集3,0,0.7649999670839797,0.6175962366144648,1.175632226574597,自动归类成功
匿名文件_行号_2783,数据集3,0,0.7422005946260298,0.5773648203329034,1.2451751804567999,自动归类成功
匿名文件_行号_2784,数据集3,0,0.8319809162022173,0.7479668936181398,0.9725529442651824,自动归类成功
匿名文件_行号_2785,数据集3,0,0.7201678894151032,0.5990964314966345,1.409686306031758,自动归类成功
匿名文件_行号_2786,数据集3,0,0.758998087186663,0.6119068618362951,1.206977918053005,自动归类成功
匿名文件_行号_2787,数据集3,0,0.7766476549797962,0.6643709186502788,1.193637149842172,自动归类成功
匿名文件_行号_2788,数据集3,0,0.7654592663924975,0.6180705905825353,1.1683252213660311,自动归类成功
匿名文件_行号_2789,数据集3,0,0.8100928241995046,0.7004469547675706,1.0381400094014888,自动归类成功
匿名文件_行号_2790,数据集3,0,0.845677688912686,0.755093939206032,0.8910395835116216,自动归类成功
匿名文件_行号_2791,数据集3,0,0.7849533967168497,0.6816969713205281,1.1642083713768712,自动归类成功
匿名文件_行号_2792,数据集3,0,0.8283697838535693,0.7504697162951005,1.0101957713546708,自动归类成功
匿名文件_行号_2793,数据集3,0,0.6507403138707927,0.44461291755651605,1.519422044399268,自动归类成功
匿名文件_行号_2794,数据集3,0,0.8589995264748066,0.7857938601172393,0.8532123156850109,自动归类成功
匿名文件_行号_2795,数据集3,0,0.8339427980785495,0.7440471468653476,0.9551194558096484,自动归类成功
匿名文件_行号_2796,数据集3,0,0.8428810585780635,0.7571802260938169,0.9171191088549816,自动归类成功
匿名文件_行号_2797,数据集3,0,0.8309538044148471,0.7393819707596891,0.9700994818434983,自动归类成功
匿名文件_行号_2798,数据集3,0,0.7811162260292116,0.6687645987514514,1.1657126936996576,自动归类成功
匿名文件_行号_2799,数据集3,0,0.8181862177891007,0.7352129194337798,1.0414336048127268,自动归类成功
匿名文件_行号_2800,数据集3,0,0.8282217910426584,0.7321408090141865,0.9727066923204347,自动归类成功
匿名文件_行号_2801,数据集3,0,0.803726912022937,0.6859392290894535,1.0522121639112418,自动归类成功
匿名文件_行号_2802,数据集3,0,0.8096904584628043,0.7234205428165127,1.0747693373053242,自动归类成功
匿名文件_行号_2803,数据集3,0,0.7748245409204526,0.6395778522165461,1.1562897400653107,自动归类成功
匿名文件_行号_2804,数据集3,0,0.8057731655191096,0.6983806923677357,1.0637141216755592,自动归类成功
匿名文件_行号_2805,数据集3,0,0.8432473640744407,0.7546952667399506,0.9094270473860395,自动归类成功
匿名文件_行号_2806,数据集3,0,0.8445409861509104,0.7605150773127888,0.9123625125058635,自动归类成功
匿名文件_行号_2807,数据集3,0,0.7736994426609646,0.672577133057159,1.1996490758976164,自动归类成功
匿名文件_行号_2808,数据集3,0,0.8278436178477062,0.7309474540463862,0.9745982679013087,自动归类成功
匿名文件_行号_2809,数据集3,0,0.8229512366156054,0.7223043881886078,0.9914070195821668,自动归类成功
匿名文件_行号_2810,数据集3,0,0.8010071463455494,0.6901488142257838,1.0829845483969376,自动归类成功
匿名文件_行号_2811,数据集3,0,0.7969620768102347,0.6897746372097228,1.1094376097087333,自动归类成功
匿名文件_行号_2812,数据集3,0,0.8143903491279352,0.712949074240029,1.0329216076964245,自动归类成功
匿名文件_行号_2813,数据集3,0,0.8428150079516892,0.7557775376073258,0.9159475380759525,自动归类成功
匿名文件_行号_2814,数据集3,0,0.832323960818164,0.7386863389414111,0.9575830880942879,自动归类成功
匿名文件_行号_2815,数据集3,0,0.8332940721226728,0.7434109152515721,0.9632586238663519,自动归类成功
匿名文件_行号_2816,数据集3,0,0.8138023975249401,0.7063230174085113,1.0229707204173482,自动归类成功
匿名文件_行号_2817,数据集3,0,0.8226162285220104,0.7228444873358659,0.9948102303878463,自动归类成功
匿名文件_行号_2818,数据集3,0,0.8275382820015696,0.7178420982715357,0.9440728668487418,自动归类成功
匿名文件_行号_2819,数据集3,0,0.8286185556497985,0.7361157079705446,0.9801020328452544,自动归类成功
匿名文件_行号_2820,数据集3,0,0.7989690499586578,0.6880900175466347,1.0939421077884455,自动归类成功
匿名文件_行号_2821,数据集3,0,0.7447290921028392,0.6320516644250194,1.3393018290577678,自动归类成功
匿名文件_行号_2822,数据集3,0,0.8449001236869509,0.7691282351614486,0.9264397045775717,自动归类成功
匿名文件_行号_2823,数据集3,0,0.8668829728513205,0.7944356914962216,0.8120359376336136,自动归类成功
匿名文件_行号_2824,数据集3,0,0.823830458805731,0.7300427433112342,1.0012079168042358,自动归类成功
匿名文件_行号_2825,数据集3,0,0.8396664033220855,0.7573221770073306,0.9389024455143252,自动归类成功
匿名文件_行号_2826,数据集3,0,0.7719768423104884,0.62366466453437,1.1405828576781711,自动归类成功
匿名文件_行号_2827,数据集3,0,0.849638147978493,0.7738752877104168,0.8991775001753033,自动归类成功
匿名文件_行号_2828,数据集3,0,0.8735894864862205,0.8129684658608088,0.7971059754917238,自动归类成功
匿名文件_行号_2829,数据集3,0,0.7213858022679661,0.5318345193797546,1.2734025085867937,自动归类成功
匿名文件_行号_2830,数据集3,0,0.8557842501027216,0.7930850516736441,0.8840245649434175,自动归类成功
匿名文件_行号_2831,数据集3,0,0.7732225158581718,0.6402040576986757,1.170036440128442,自动归类成功
匿名文件_行号_2832,数据集3,0,0.8129798912355412,0.7116701111507052,1.040364728337367,自动归类成功
匿名文件_行号_2833,数据集3,0,0.8433691093532474,0.7523411613157479,0.9015411428000448,自动归类成功
匿名文件_行号_2834,数据集3,0,0.832684725612574,0.7429120624312874,0.9626023927885726,自动归类成功
匿名文件_行号_2835,数据集3,0,0.7967999897742055,0.7157689467140163,1.1510114369852273,自动归类成功
匿名文件_行号_2836,数据集3,0,0.8424434567725742,0.7550319903652978,0.9154549154141716,自动归类成功
匿名文件_行号_2837,数据集3,0,0.8373239318899686,0.749947419330095,0.9434365000097599,自动归类成功
匿名文件_行号_2838,数据集3,0,0.8199337343140704,0.7126271089981924,0.9914088327754474,自动归类成功
匿名文件_行号_2839,数据集3,0,0.8418989095841217,0.7800335072845084,0.963931121472037,自动归类成功
匿名文件_行号_2840,数据集3,0,0.7828428527929999,0.6601567834106662,1.1472658965493057,自动归类成功
匿名文件_行号_2841,数据集3,0,0.7835135316912994,0.6482305133821069,1.112931355848833,自动归类成功
匿名文件_行号_2842,数据集3,0,0.8186528609016603,0.7241146813627575,1.0270666759217035,自动归类成功
匿名文件_行号_2843,数据集3,0,0.7768630237428238,0.6397570289117331,1.142224188844855,自动归类成功
匿名文件_行号_2844,数据集3,0,0.7782196231432458,0.6543187640850259,1.1674576128312693,自动归类成功
匿名文件_行号_2845,数据集3,0,0.8249902303207067,0.7306102431512737,0.9937302689997451,自动归类成功
匿名文件_行号_2846,数据集3,0,0.8425025862786885,0.7627005052064268,0.9202857671228889,自动归类成功
匿名文件_行号_2847,数据集3,0,0.875749139351619,0.8103548220835451,0.7761937873550339,自动归类成功
匿名文件_行号_2848,数据集3,0,0.646610015543686,0.39787254584455034,1.4350682540075088,自动归类成功
匿名文件_行号_2849,数据集3,0,0.8317612067422233,0.7740612757941846,1.0177341985498496,自动归类成功
匿名文件_行号_2850,数据集3,0,0.7985744325832482,0.7020808734566816,1.1066143952213623,自动归类成功
匿名文件_行号_2851,数据集3,0,0.8307801116166251,0.755089745969568,0.9872321627468426,自动归类成功
匿名文件_行号_2852,数据集3,0,0.8340619717230374,0.740228634946374,0.9468603391296361,自动归类成功
匿名文件_行号_2853,数据集3,0,0.8133715247848458,0.7030237646267418,1.0188887823334434,自动归类成功
匿名文件_行号_2854,数据集3,0,0.7460126032129653,0.5999269559794143,1.2635063375220836,自动归类成功
匿名文件_行号_2855,数据集3,0,0.6136222065839383,0.34035229367755826,1.5036982399625258,自动归类成功
匿名文件_行号_2856,数据集3,0,0.8732834801573196,0.8115820679936087,0.7968973909175622,自动归类成功
匿名文件_行号_2857,数据集3,0,0.8601470555758919,0.795818545890241,0.8586253684794962,自动归类成功
匿名文件_行号_2858,数据集3,0,0.7658618529882842,0.6325804891750698,1.2022449955281274,自动归类成功
匿名文件_行号_2859,数据集3,0,0.8119398106856712,0.7072767074941134,1.0387513429273634,自动归类成功
匿名文件_行号_2860,数据集3,0,0.8263262954810511,0.7262654963754118,0.9746811665501232,自动归类成功
匿名文件_行号_2861,数据集3,0,0.8471069903294008,0.7557730951273498,0.8799637176589162,自动归类成功
匿名文件_行号_2862,数据集3,0,0.8069665754018083,0.6951111344860914,1.0501489690307884,自动归类成功
匿名文件_行号_2863,数据集3,0,0.873625295978736,0.8065163726081301,0.7846124630998647,自动归类成功
匿名文件_行号_2864,数据集3,0,0.8931698236539876,0.8436874971020016,0.7054664315112126,自动归类成功
匿名文件_行号_2865,数据集3,0,0.8059714840797549,0.7052756020445313,1.0804832805798972,自动归类成功
匿名文件_行号_2866,数据集3,0,0.7859733733053227,0.6562257173883691,1.115329240881883,自动归类成功
匿名文件_行号_2867,数据集3,0,0.7850498931751319,0.6477115810081646,1.1009051434684123,自动归类成功
匿名文件_行号_2868,数据集3,0,0.8385680236615572,0.762084375938356,0.9516779334045705,自动归类成功
匿名文件_行号_2869,数据集3,0,0.7859086849999344,0.6540944886613296,1.1095366506989401,自动归类成功
匿名文件_行号_2870,数据集3,0,0.7871940606342849,0.6750215210261895,1.1382871526606335,自动归类成功
匿名文件_行号_2871,数据集3,0,0.8235034268111407,0.7203557780041201,0.982347195750858,自动归类成功
匿名文件_行号_2872,数据集3,0,0.8356960235235359,0.7477608212934181,0.9513855359756316,自动归类成功
匿名文件_行号_2873,数据集3,0,0.8388190158312889,0.75252691911336,0.939692497708561,自动归类成功
匿名文件_行号_2874,数据集3,0,0.8322903280627914,0.7372641890942515,0.9534929422975349,自动归类成功
匿名文件_行号_2875,数据集3,0,0.8416311551713206,0.7645322168519028,0.9424035134827065,自动归类成功
匿名文件_行号_2876,数据集3,0,0.8385143897496403,0.7416077772554417,0.916042678099946,自动归类成功
匿名文件_行号_2877,数据集3,0,0.8398222098746896,0.7537269390385165,0.9329699530510129,自动归类成功
匿名文件_行号_2878,数据集3,0,0.826579859577232,0.7333516717592691,0.9866219370314628,自动归类成功
匿名文件_行号_2879,数据集3,0,0.8347443641575153,0.7582933898109009,0.9747258592473862,自动归类成功
匿名文件_行号_2880,数据集3,0,0.8001961041167592,0.6825806810234752,1.0707117537141455,自动归类成功
匿名文件_行号_2881,数据集3,0,0.9038022621614101,0.863125604608449,0.6518336171757868,自动归类成功
匿名文件_行号_2882,数据集3,0,0.8459631522345588,0.7648386259237666,0.9113797641378348,自动归类成功
匿名文件_行号_2883,数据集3,0,0.862164932643977,0.7937335270202611,0.8461496207473772,自动归类成功
匿名文件_行号_2884,数据集3,0,0.8753707368637527,0.8177655572245698,0.7932520487500957,自动归类成功
匿名文件_行号_2885,数据集3,0,0.8642348323002192,0.7883363460258371,0.819230245479101,自动归类成功
匿名文件_行号_2886,数据集3,0,0.8323124978452,0.7384791699425788,0.9586495874463166,自动归类成功
匿名文件_行号_2887,数据集3,0,0.8395747643279824,0.7492520656970804,0.925154941448121,自动归类成功
匿名文件_行号_2888,数据集3,0,0.7852450553006016,0.6614641359016356,1.1286390262283295,自动归类成功
匿名文件_行号_2889,数据集3,0,0.8537811896298164,0.7732952564884782,0.8678295983855617,自动归类成功
匿名文件_行号_2890,数据集3,0,0.7873826922092707,0.6701772339895721,1.133284952482771,自动归类成功
匿名文件_行号_2891,数据集3,0,0.8270779390046415,0.7329262297066149,0.9859698951567983,自动归类成功
匿名文件_行号_2892,数据集3,0,0.8117215399397152,0.7046392179354488,1.0327105310783082,自动归类成功
匿名文件_行号_2893,数据集3,0,0.769792983109955,0.6332879574080515,1.1814285602139478,自动归类成功
匿名文件_行号_2894,数据集3,0,0.7880585538907888,0.6655456179016885,1.1190307454964212,自动归类成功
匿名文件_行号_2895,数据集3,0,0.751052385377786,0.5926051116776405,1.213907230119811,自动归类成功
匿名文件_行号_2896,数据集3,0,0.8090351376944932,0.7137812653408929,1.0652481856116585,自动归类成功
匿名文件_行号_2897,数据集3,0,0.8625328005054087,0.7919728844451219,0.8415577076738437,自动归类成功
匿名文件_行号_2898,数据集3,0,0.8519281856296468,0.7734621291364832,0.8805029343329587,自动归类成功
匿名文件_行号_2899,数据集3,0,0.836747437080166,0.7508337993797103,0.949581943214752,自动归类成功
匿名文件_行号_2900,数据集3,0,0.7908199677494321,0.6760687990053189,1.1265070219811117,自动归类成功
匿名文件_行号_2901,数据集3,0,0.7931779608329101,0.6741681132298031,1.1034436818614028,自动归类成功
匿名文件_行号_2902,数据集3,0,0.846436303960986,0.7679120028006275,0.9121272525295148,自动归类成功
匿名文件_行号_2903,数据集3,0,0.8633185060345521,0.7901068811331341,0.8311833907255698,自动归类成功
匿名文件_行号_2904,数据集3,0,0.849398325983547,0.7605273367036918,0.8739643398458937,自动归类成功
匿名文件_行号_2905,数据集3,0,0.7798625577174281,0.656678355539571,1.1500595631161978,自动归类成功
匿名文件_行号_2906,数据集3,0,0.8437796610498933,0.7700487823862148,0.9363918876820759,自动归类成功
匿名文件_行号_2907,数据集3,0,0.8425454737792557,0.7575205603077916,0.9203440158900446,自动归类成功
匿名文件_行号_2908,数据集3,0,0.7814864476217016,0.6604377962954668,1.1531508051301012,自动归类成功
匿名文件_行号_2909,数据集3,0,0.7912642879174635,0.6669179217973267,1.1014793849122824,自动归类成功
匿名文件_行号_2910,数据集3,0,0.8211530042089566,0.7192251334068764,0.9980026114411442,自动归类成功
匿名文件_行号_2911,数据集3,0,0.8344518148407547,0.7437913676234963,0.95198225649236,自动归类成功
匿名文件_行号_2912,数据集3,0,0.763100229488494,0.6214562263859543,1.1966873486551295,自动归类成功
匿名文件_行号_2913,数据集3,0,0.8595357682052102,0.7915964246209349,0.8655627080750348,自动归类成功
匿名文件_行号_2914,数据集3,0,0.8327592169324884,0.7451915028558297,0.96574038914691,自动归类成功
匿名文件_行号_2915,数据集3,0,0.8249271751862912,0.7358950019872346,1.007184046225993,自动归类成功
匿名文件_行号_2916,数据集3,0,0.7981029392096604,0.7140287808269056,1.1389503378988663,自动归类成功
匿名文件_行号_2917,数据集3,0,0.8160478071222916,0.7092415226206804,1.0141108188146224,自动归类成功
匿名文件_行号_2918,数据集3,0,0.8143025918937443,0.7052598934796507,1.01743917568062,自动归类成功
匿名文件_行号_2919,数据集3,0,0.8117182051779028,0.6999441095486636,1.02578120539038,自动归类成功
匿名文件_行号_2920,数据集3,0,0.7988380917339266,0.6839563596959478,1.0849125772855597,自动归类成功
匿名文件_行号_2921,数据集3,0,0.7312249824429966,0.5522755591136362,1.2547096940929494,自动归类成功
匿名文件_行号_2922,数据集3,0,0.8444209599715311,0.7598490599190556,0.9122118004615518,自动归类成功
匿名文件_行号_2923,数据集3,0,0.7985378640672013,0.6960330627978686,1.1082504926642205,自动归类成功
匿名文件_行号_2924,数据集3,0,0.7930345570243283,0.6786701052385747,1.1145573164345464,自动归类成功
匿名文件_行号_2925,数据集3,0,0.8493596443941867,0.7632017809213696,0.8799539640737093,自动归类成功
匿名文件_行号_2926,数据集3,0,0.5870810910450242,0.34186575393322655,1.6289495273198529,自动归类成功
匿名文件_行号_2927,数据集3,0,0.7906378270399554,0.6606420987579587,1.088846681506616,自动归类成功
匿名文件_行号_2928,数据集3,0,0.8290299878566644,0.7365915935667499,0.9751319263697653,自动归类成功
匿名文件_行号_2929,数据集3,0,0.8502422542593048,0.7711621594731137,0.8928688908534694,自动归类成功
匿名文件_行号_2930,数据集3,0,0.8421383248433694,0.7606427274368781,0.9307153232265776,自动归类成功
匿名文件_行号_2931,数据集3,0,0.8336190207149331,0.7622371003617155,0.9733671846097814,自动归类成功
匿名文件_行号_2932,数据集3,0,0.8535786069442078,0.7678507846017363,0.8563551045052776,自动归类成功
匿名文件_行号_2933,数据集3,0,0.7506494373294148,0.5906046000121431,1.2160649715456127,自动归类成功
匿名文件_行号_2934,数据集3,0,0.8370151911603498,0.7527928789254481,0.9514427659131299,自动归类成功
匿名文件_行号_2935,数据集3,0,0.8504167619619677,0.7733346438815986,0.8913090412965683,自动归类成功
匿名文件_行号_2936,数据集3,0,0.8066805309839884,0.7133693770235036,1.0875725928198827,自动归类成功
匿名文件_行号_2937,数据集3,0,0.8383515418000405,0.751806695365921,0.9404619411230323,自动归类成功
匿名文件_行号_2938,数据集3,0,0.8022450331803564,0.6889940097584754,1.071215085597579,自动归类成功
匿名文件_行号_2939,数据集3,0,0.8745096499705344,0.8095057267949499,0.7842284585330436,自动归类成功
匿名文件_行号_2940,数据集3,0,0.7969686957951455,0.6827416114355299,1.0990230940569492,自动归类成功
匿名文件_行号_2941,数据集3,0,0.6797477396607658,0.5288336385762523,1.5454582691326193,自动归类成功
匿名文件_行号_2942,数据集3,0,0.8560057489566376,0.7867623279465241,0.8739989739922541,自动归类成功
匿名文件_行号_2943,数据集3,0,0.742065693724302,0.6033895502624393,1.3029613359419392,自动归类成功
匿名文件_行号_2944,数据集3,0,0.844510557415864,0.7570120380157476,0.9046869499585264,自动归类成功
匿名文件_行号_2945,数据集3,0,0.872537175837944,0.8136136264115912,0.8049037875780692,自动归类成功
匿名文件_行号_2946,数据集3,0,0.8213095258599913,0.725456179718291,1.0066651248709675,自动归类成功
匿名文件_行号_2947,数据集3,0,0.8319351821885157,0.738310718064444,0.9593854635214152,自动归类成功
匿名文件_行号_2948,数据集3,0,0.8376050701678875,0.7489152933841459,0.9404008267853141,自动归类成功
匿名文件_行号_2949,数据集3,0,0.8629715630364961,0.7963292905066469,0.8447869022019858,自动归类成功
匿名文件_行号_2950,数据集3,0,0.7466001413486917,0.5924462693366592,1.2462733338846799,自动归类成功
匿名文件_行号_2951,数据集3,0,0.8234080475900569,0.7247880375729581,0.9957907361024632,自动归类成功
匿名文件_行号_2952,数据集3,0,0.8790752919368208,0.8166558645711894,0.7616279081947004,自动归类成功
匿名文件_行号_2953,数据集3,0,0.806646841342459,0.6999911802334589,1.0596082939523745,自动归类成功
匿名文件_行号_2954,数据集3,0,0.8246113168695488,0.7328835059158477,1.000927275116693,自动归类成功
匿名文件_行号_2955,数据集3,0,0.7965877846161011,0.6834129543508545,1.1041727984905372,自动归类成功
匿名文件_行号_2956,数据集3,0,0.8254504046325595,0.726058650300599,0.9799729344025785,自动归类成功
匿名文件_行号_2957,数据集3,0,0.816115849458969,0.7144392585803795,1.0243794809495226,自动归类成功
匿名文件_行号_2958,数据集3,0,0.865682681818319,0.8021276080766044,0.8389247838069496,自动归类成功
匿名文件_行号_2959,数据集3,0,0.8313752739620051,0.7408226099670345,0.9687759863711014,自动归类成功
匿名文件_行号_2960,数据集3,0,0.7755972920131654,0.634088776048403,1.135658955600295,自动归类成功
匿名文件_行号_2961,数据集3,0,0.7712990517142987,0.6251055986485351,1.148932061619905,自动归类成功
匿名文件_行号_2962,数据集3,0,0.7598274625272026,0.6009695326179174,1.1675807746189861,自动归类成功
匿名文件_行号_2963,数据集3,0,0.8484011875124106,0.767516493664957,0.9015154992262534,自动归类成功
匿名文件_行号_2964,数据集3,0,0.7664102380020884,0.6243022067607611,1.1815864395655178,自动归类成功
匿名文件_行号_2965,数据集3,0,0.8622382807719021,0.791518226270212,0.8424748604660204,自动归类成功
匿名文件_行号_2966,数据集3,0,0.7927906956607115,0.6750666293094905,1.107394245789027,自动归类成功
匿名文件_行号_2967,数据集3,0,0.7836711497793141,0.688821430059227,1.1731921260975797,自动归类成功
匿名文件_行号_2968,数据集3,0,0.859878828410854,0.7905010538632248,0.8569975941768732,自动归类成功
匿名文件_行号_2969,数据集3,0,0.7746755073808295,0.648644906351699,1.1762074538941307,自动归类成功
匿名文件_行号_2970,数据集3,0,0.8351284668338024,0.7450581873973438,0.9505003330380167,自动归类成功
匿名文件_行号_2971,数据集3,0,0.736501136318302,0.6230555806917706,1.3741786022728575,自动归类成功
匿名文件_行号_2972,数据集3,0,0.7788945144864754,0.6504982598228147,1.1552008645230776,自动归类成功
匿名文件_行号_2973,数据集3,0,0.8555866146057126,0.790248339861696,0.8866599551894704,自动归类成功
匿名文件_行号_2974,数据集3,0,0.8852394817240025,0.8282387597001647,0.7359662725281318,自动归类成功
匿名文件_行号_2975,数据集3,0,0.8624687175954243,0.7968678546922286,0.8493044156631043,自动归类成功
匿名文件_行号_2976,数据集3,0,0.7794560800974716,0.6469550381660842,1.1374183774815285,自动归类成功
匿名文件_行号_2977,数据集3,0,0.8665022915265496,0.8093831743668577,0.8375592596231014,自动归类成功
匿名文件_行号_2978,数据集3,0,0.8463166488044674,0.7760603288206428,0.919240529063099,自动归类成功
匿名文件_行号_2979,数据集3,0,0.8595732639436372,0.7849546021056844,0.8486680971523398,自动归类成功
匿名文件_行号_2980,数据集3,0,0.8226065208803848,0.7326045738018494,1.0067132498000542,自动归类成功
匿名文件_行号_2981,数据集3,0,0.6305781888901196,0.494002518225717,1.6840003016026928,自动归类成功
匿名文件_行号_2982,数据集3,0,0.8618036193219225,0.7875774874855965,0.83777965522879,自动归类成功
匿名文件_行号_2983,数据集3,0,0.795048843895881,0.6888781999882865,1.1212712357042884,自动归类成功
匿名文件_行号_2984,数据集3,0,0.8479193403426712,0.7726988644382795,0.9121599197775215,自动归类成功
匿名文件_行号_2985,数据集3,0,0.7397047663048787,0.5915114996208635,1.291884003933711,自动归类成功
匿名文件_行号_2986,数据集3,0,0.8434005106966668,0.7597225819232314,0.9180659002459312,自动归类成功
匿名文件_行号_2987,数据集3,0,0.8620604360848296,0.7899094889576249,0.8396179509147983,自动归类成功
匿名文件_行号_2988,数据集3,0,0.7508616621741314,0.6005339534008485,1.2400421800301267,自动归类成功
匿名文件_行号_2989,数据集3,0,0.8586283732621132,0.7925387525322927,0.8648848897319613,自动归类成功
匿名文件_行号_2990,数据集3,0,0.8380018581326245,0.7602055421506941,0.9564638941601517,自动归类成功
匿名文件_行号_2991,数据集3,0,0.860228893347493,0.7992944179631782,0.8664424084837397,自动归类成功
匿名文件_行号_2992,数据集3,0,0.828862845196939,0.735097481194348,0.975358773414236,自动归类成功
匿名文件_行号_2993,数据集3,0,0.8607089746693488,0.777164523270544,0.8226174687845852,自动归类成功
匿名文件_行号_2994,数据集3,0,0.8149337404064558,0.7046998474218835,1.0119947464300252,自动归类成功
匿名文件_行号_2995,数据集3,0,0.8360607904091911,0.7472843404354973,0.9426358078362697,自动归类成功
匿名文件_行号_2996,数据集3,0,0.8602420190656063,0.7877208942606932,0.8496950958268636,自动归类成功
匿名文件_行号_2997,数据集3,0,0.777971227723227,0.6675698025223235,1.1947642506301461,自动归类成功
匿名文件_行号_2998,数据集3,0,0.8037894150940137,0.696026490224867,1.0740231033572487,自动归类成功
匿名文件_行号_2999,数据集3,0,0.8686497511419193,0.8014771246060427,0.8122138676727526,自动归类成功
匿名文件_行号_3000,数据集3,0,0.8565459998556407,0.7823619858635583,0.8654438673190972,自动归类成功
匿名文件_行号_3001,数据集3,0,0.8294373909795052,0.7366595745422675,0.9700797334088193,自动归类成功
匿名文件_行号_3002,数据集3,0,0.8398507659140146,0.7513801934023361,0.9272737875806051,自动归类成功
匿名文件_行号_3003,数据集3,0,0.8298678692220349,0.7367822521172877,0.9709119319188811,自动归类成功
匿名文件_行号_3004,数据集3,0,0.8042596326980933,0.7049525651952117,1.0823482874755703,自动归类成功
匿名文件_行号_3005,数据集3,0,0.8244061759319801,0.7303020025797639,1.0005000339244206,自动归类成功
匿名文件_行号_3006,数据集3,0,0.8336752338128259,0.7415223523609769,0.9519574727469953,自动归类成功
匿名文件_行号_3007,数据集3,0,0.7533917787921391,0.5909909322337225,1.19273271164997,自动归类成功
匿名文件_行号_3008,数据集3,0,0.8660809498872549,0.8029566119244986,0.8359786194248497,自动归类成功
匿名文件_行号_3009,数据集3,0,0.7992436037065747,0.6868046578080095,1.0893877998723527,自动归类成功
匿名文件_行号_3010,数据集3,0,0.8243136584910852,0.7283023085038891,0.993986041250542,自动归类成功
匿名文件_行号_3011,数据集3,0,0.8010797894117948,0.6922327709117531,1.0860528389428417,自动归类成功
匿名文件_行号_3012,数据集3,0,0.7333032468610391,0.6012249765998476,1.3548478578373573,自动归类成功
匿名文件_行号_3013,数据集3,0,0.8263575297701804,0.7350536024877639,0.9949897888457375,自动归类成功
匿名文件_行号_3014,数据集3,0,0.8368090308589434,0.7508206395826498,0.9476527867303708,自动归类成功
匿名文件_行号_3015,数据集3,0,0.8255026098883955,0.7311163339462935,0.990261572574288,自动归类成功
匿名文件_行号_3016,数据集3,0,0.806751196933453,0.6903308224275413,1.0399744037600263,自动归类成功
匿名文件_行号_3017,数据集3,0,0.8406537619350091,0.7584981136723484,0.93738916580621,自动归类成功
匿名文件_行号_3018,数据集3,0,0.8637716143652101,0.7937089431568523,0.8342548354882092,自动归类成功
匿名文件_行号_3019,数据集3,0,0.8266332420787458,0.7316972993782949,0.9843117406162493,自动归类成功
匿名文件_行号_3020,数据集3,0,0.7932766876080203,0.672819645982991,1.0985210290013725,自动归类成功
匿名文件_行号_3021,数据集3,0,0.8331552222897323,0.7492897171324825,0.9699438203940826,自动归类成功
匿名文件_行号_3022,数据集3,0,0.8273231284257713,0.7317814648815564,0.9794554633186483,自动归类成功
匿名文件_行号_3023,数据集3,0,0.706311139232407,0.5199885293560254,1.3533768478661146,自动归类成功
匿名文件_行号_3024,数据集3,0,0.8296583427127611,0.7419991320382411,0.9832313756520452,自动归类成功
匿名文件_行号_3025,数据集3,0,0.8640017956254165,0.7918308352210854,0.8307546774653729,自动归类成功
匿名文件_行号_3026,数据集3,0,0.8245961176911053,0.7280868847359792,0.9920319393277613,自动归类成功
匿名文件_行号_3027,数据集3,0,0.7916612970237833,0.6679898276273821,1.0991672922572935,自动归类成功
匿名文件_行号_3028,数据集3,0,0.6728045605078118,0.520669469011655,1.5742361393901558,自动归类成功
匿名文件_行号_3029,数据集3,0,0.7744663080811638,0.6353626667159676,1.1481444966832115,自动归类成功
匿名文件_行号_3030,数据集3,0,0.8099481436762469,0.7031899165321381,1.0439975758850046,自动归类成功
匿名文件_行号_3031,数据集3,0,0.7559045762418646,0.6112983298622634,1.2251315011027604,自动归类成功
匿名文件_行号_3032,数据集3,0,0.8040704098155534,0.693735846323426,1.0669506048659727,自动归类成功
匿名文件_行号_3033,数据集3,0,0.7357113089677451,0.5680583297627466,1.265231052543981,自动归类成功
匿名文件_行号_3034,数据集3,0,0.7854807036303418,0.6665275820011227,1.1450465862222485,自动归类成功
匿名文件_行号_3035,数据集3,0,0.8173395405359591,0.716507488181637,1.0214653896210066,自动归类成功
匿名文件_行号_3036,数据集3,0,0.8145412691081327,0.7114687818698513,1.0292012622237718,自动归类成功
匿名文件_行号_3037,数据集3,0,0.8337767980225506,0.7391469453843218,0.9464475269520923,自动归类成功
匿名文件_行号_3038,数据集3,0,0.7775655222191392,0.6493124873354843,1.1579849702006908,自动归类成功
匿名文件_行号_3039,数据集3,0,0.8268729023791145,0.729863851263152,0.9772786769191001,自动归类成功
匿名文件_行号_3040,数据集3,0,0.743720710786811,0.5818458901054885,1.2354152725626988,自动归类成功
匿名文件_行号_3041,数据集3,0,0.8170954848504798,0.7165950590157473,1.0220432968130584,自动归类成功
匿名文件_行号_3042,数据集3,0,0.8037672749547418,0.6937332710149995,1.068286119636262,自动归类成功
匿名文件_行号_3043,数据集3,0,0.825657982552769,0.7291360378213617,0.9875883141712914,自动归类成功
匿名文件_行号_3044,数据集3,0,0.8780918700084658,0.819149078593429,0.7724187340492856,自动归类成功
匿名文件_行号_3045,数据集3,-1,0.4001060727157098,0.1484566322892542,2.060641277162686,多类别特征 (倾向类别 0 与 1)
匿名文件_行号_3046,数据集3,0,0.8081478705607552,0.7060488336271775,1.0619058603214386,自动归类成功
匿名文件_行号_3047,数据集3,0,0.824679723561633,0.7283788015225383,0.9921177987881182,自动归类成功
匿名文件_行号_3048,数据集3,0,0.7803209025926363,0.6542854627101432,1.1505935778607217,自动归类成功
匿名文件_行号_3049,数据集3,0,0.8268578485290985,0.7275957341261208,0.9731209662429052,自动归类成功
匿名文件_行号_3050,数据集3,0,0.8141140088959121,0.7112355102034662,1.032130509600167,自动归类成功
匿名文件_行号_3051,数据集3,0,0.8525573947328734,0.7777504697467731,0.8884992137919658,自动归类成功
匿名文件_行号_3052,数据集3,0,0.8446755385276409,0.7627779994351649,0.9159531645586133,自动归类成功
匿名文件_行号_3053,数据集3,0,0.8124460842189953,0.7077655854320628,1.0369385304082406,自动归类成功
匿名文件_行号_3054,数据集3,0,0.7870091757665345,0.664006128700295,1.124299059902508,自动归类成功
匿名文件_行号_3055,数据集3,0,0.814461367340792,0.7145600380442608,1.0368435721834635,自动归类成功
匿名文件_行号_3056,数据集3,0,0.8204118897310237,0.7220828414255367,1.0066870154109604,自动归类成功
匿名文件_行号_3057,数据集3,0,0.722469097610674,0.5438764119563619,1.297399657655838,自动归类成功
匿名文件_行号_3058,数据集3,0,0.7609385098889396,0.6203753857858765,1.211414121045771,自动归类成功
匿名文件_行号_3059,数据集3,0,0.7545755365742922,0.6025279784379997,1.213208021261101,自动归类成功
匿名文件_行号_3060,数据集3,0,0.7855428609310469,0.6643121185627249,1.1359926974369856,自动归类成功
匿名文件_行号_3061,数据集3,0,0.7677523933777833,0.6322157689881513,1.189205902552777,自动归类成功
匿名文件_行号_3062,数据集3,0,0.8737723993506745,0.807584086693739,0.7841790927073656,自动归类成功
匿名文件_行号_3063,数据集3,0,0.8466636631544707,0.7635932283432908,0.9009614085757134,自动归类成功
匿名文件_行号_3064,数据集3,0,0.7827946487937576,0.659939467218407,1.1455798844897365,自动归类成功
匿名文件_行号_3065,数据集3,0,0.774850443634994,0.6683928241213031,1.1973626859260633,自动归类成功
匿名文件_行号_3066,数据集3,0,0.5809756405512811,0.3981290131748807,1.7523081661832032,自动归类成功
匿名文件_行号_3067,数据集3,0,0.7969503027897604,0.6816505791233105,1.0918662282251197,自动归类成功
匿名文件_行号_3068,数据集3,0,0.7735338544343185,0.6359528396448433,1.1604512774109161,自动归类成功
匿名文件_行号_3069,数据集3,0,0.8272186911551191,0.736197515335538,0.9870338832092632,自动归类成功
匿名文件_行号_3070,数据集3,0,0.8361947748488014,0.7515108173328093,0.9551794661680594,自动归类成功
匿名文件_行号_3071,数据集3,0,0.8080444448557587,0.7064458970836132,1.0666896647836606,自动归类成功
匿名文件_行号_3072,数据集3,0,0.8453401497654481,0.7627322851599792,0.9098941299929536,自动归类成功
匿名文件_行号_3073,数据集3,0,0.8220304236760312,0.7317898594862321,1.016877206508499,自动归类成功
匿名文件_行号_3074,数据集3,0,0.7930345834874514,0.6698618548944251,1.092767668228723,自动归类成功
匿名文件_行号_3075,数据集3,0,0.7822382450376099,0.6528778664497761,1.1330089426456433,自动归类成功
匿名文件_行号_3076,数据集3,0,0.7584721504664373,0.6289679561462048,1.2364790834027921,自动归类成功
匿名文件_行号_3077,数据集3,0,0.5352894102397522,0.2613962389485272,1.7983805583053722,自动归类成功
匿名文件_行号_3078,数据集3,0,0.8039996758349346,0.6911377140433768,1.063132183213275,自动归类成功
匿名文件_行号_3079,数据集3,0,0.7770784069629119,0.6382395158858627,1.1364522936396693,自动归类成功
匿名文件_行号_3080,数据集3,0,0.765557655618036,0.6201537211841297,1.174509408128453,自动归类成功
匿名文件_行号_3081,数据集3,0,0.5922598626688224,0.32280194418679503,1.598432666525692,自动归类成功
匿名文件_行号_3082,数据集3,0,0.728243425525817,0.570588383604,1.3266498930401724,自动归类成功
匿名文件_行号_3083,数据集3,0,0.7952877737491922,0.6782384610322019,1.0966026187110622,自动归类成功
匿名文件_行号_3084,数据集3,0,0.7801444011753693,0.6420227068731109,1.1217285187527362,自动归类成功
匿名文件_行号_3085,数据集3,0,0.7991864882110242,0.6881706770738066,1.0895638431920445,自动归类成功
匿名文件_行号_3086,数据集3,0,0.7774443163958702,0.6400958106242011,1.1383381153418084,自动归类成功
匿名文件_行号_3087,数据集3,0,0.614860359638441,0.4332286175889275,1.7212209256295246,自动归类成功
匿名文件_行号_3088,数据集3,0,0.815020036111995,0.7131783386239173,1.0308608788585794,自动归类成功
匿名文件_行号_3089,数据集3,0,0.8190136828840936,0.7188762969610812,1.0126233455321347,自动归类成功
匿名文件_行号_3090,数据集3,0,0.8439569778582957,0.761517392846944,0.9168527033045469,自动归类成功
匿名文件_行号_3091,数据集3,0,0.8437507333253091,0.7681981471405972,0.9363444732826095,自动归类成功
匿名文件_行号_3092,数据集3,0,0.7605592354630444,0.6260474141546148,1.225978270247896,自动归类成功
匿名文件_行号_3093,数据集3,0,0.757822459015679,0.6150637422372628,1.2188649343344145,自动归类成功
匿名文件_行号_3094,数据集3,0,0.7947239877607266,0.6818706319079522,1.1061747698387054,自动归类成功
匿名文件_行号_3095,数据集3,0,0.7844453864549923,0.6509972687698813,1.1124293701190626,自动归类成功
匿名文件_行号_3096,数据集3,0,0.8635553885761769,0.7939427234611527,0.837628911000033,自动归类成功
匿名文件_行号_3097,数据集3,0,0.8055586560762035,0.69837345846005,1.0664940934047018,自动归类成功
匿名文件_行号_3098,数据集3,0,0.7917193739921576,0.676993652604136,1.1197332967734654,自动归类成功
匿名文件_行号_3099,数据集3,0,0.7948860437629021,0.6807802952133722,1.1076138790740442,自动归类成功
匿名文件_行号_3100,数据集3,0,0.7341044261520011,0.6014793266022953,1.3592977607959347,自动归类成功
匿名文件_行号_3101,数据集3,0,0.6899370753217172,0.4874932651277112,1.3842419655828309,自动归类成功
匿名文件_行号_3102,数据集3,0,0.8370086096588495,0.7495688914133894,0.9464946325381853,自动归类成功
匿名文件_行号_3103,数据集3,0,0.8114874088466327,0.7283612211300431,1.08283582847526,自动归类成功
匿名文件_行号_3104,数据集3,0,0.53935644771153,0.17157530444038765,1.4998093755713418,自动归类成功
匿名文件_行号_3105,数据集3,0,0.8091246092242194,0.7222562380568684,1.089764350356355,自动归类成功
匿名文件_行号_3106,数据集3,0,0.7715448922820426,0.6416470695668838,1.1836448610185561,自动归类成功
匿名文件_行号_3107,数据集3,0,0.7174118275949132,0.5827049006540534,1.3899941221387413,自动归类成功
匿名文件_行号_3108,数据集3,0,0.7281725025617701,0.565110260373393,1.315276082252171,自动归类成功
匿名文件_行号_3109,数据集3,0,0.8106312139403319,0.7093285662673304,1.05264631321798,自动归类成功
匿名文件_行号_3110,数据集3,0,0.8412087465949841,0.7601079358269538,0.9334549724588536,自动归类成功
匿名文件_行号_3111,数据集3,0,0.7780569495950237,0.6473322300509116,1.1513601136414446,自动归类成功
匿名文件_行号_3112,数据集3,0,0.8540651823468561,0.7854544985208576,0.8854410984541892,自动归类成功
匿名文件_行号_3113,数据集3,0,0.7017981010468303,0.4946575199215322,1.316871997990569,自动归类成功
匿名文件_行号_3114,数据集3,0,0.7804550752503513,0.6559250436351745,1.153185206778623,自动归类成功
匿名文件_行号_3115,数据集3,0,0.7437269624576743,0.5870449987750066,1.2537352827029158,自动归类成功
匿名文件_行号_3116,数据集3,0,0.8033484285580954,0.6932396618626677,1.070997687981156,自动归类成功
匿名文件_行号_3117,数据集3,0,0.7671516026673684,0.6309909012242536,1.1919493737970928,自动归类成功
匿名文件_行号_3118,数据集3,0,0.8368274031389809,0.7455819140038796,0.93767350295758,自动归类成功
匿名文件_行号_3119,数据集3,0,0.6583452344697492,0.4330362826876055,1.4613042725599397,自动归类成功
匿名文件_行号_3120,数据集3,0,0.8571167195120674,0.7828772953590707,0.8633918445046592,自动归类成功
匿名文件_行号_3121,数据集3,0,0.7124224730714172,0.5423332259340041,1.3675771419322384,自动归类成功
匿名文件_行号_3122,数据集3,0,0.8021549047069881,0.6872529999103608,1.0653532930660996,自动归类成功
匿名文件_行号_3123,数据集3,0,0.792562852431051,0.679802627031414,1.1212067141635313,自动归类成功
匿名文件_行号_3124,数据集3,0,0.7967400468660598,0.6849480121599979,1.1003669931853137,自动归类成功
匿名文件_行号_3125,数据集3,0,0.7922818682215228,0.6738031516171761,1.1105478377523452,自动归类成功
匿名文件_行号_3126,数据集3,0,0.7708591605269772,0.6367012664688941,1.177034800618011,自动归类成功
匿名文件_行号_3127,数据集3,0,0.8185125553814581,0.7199432165847902,1.0194086551240362,自动归类成功
匿名文件_行号_3128,数据集3,0,0.7081890199120777,0.5652692875897053,1.4056111105476978,自动归类成功
匿名文件_行号_3129,数据集3,0,0.7680869134604769,0.6363038355462958,1.1965619554656386,自动归类成功
匿名文件_行号_3130,数据集3,0,0.7842194789709667,0.6708543624458623,1.1572824993880682,自动归类成功
匿名文件_行号_3131,数据集3,0,0.8229072519055751,0.7260799827250825,0.9992944687198902,自动归类成功
匿名文件_行号_3132,数据集3,0,0.7862003493742539,0.6645181157789198,1.1314381692350315,自动归类成功
匿名文件_行号_3133,数据集3,0,0.8026433978154273,0.6934651997774376,1.074717613367021,自动归类成功
匿名文件_行号_3134,数据集3,0,0.7758779384053281,0.6704017045364176,1.2038301876362372,自动归类成功
匿名文件_行号_3135,数据集3,0,0.8130294167121302,0.7069742464627372,1.0306505965468833,自动归类成功
匿名文件_行号_3136,数据集3,0,0.7639149196666937,0.6274321711608521,1.2054563314291253,自动归类成功
匿名文件_行号_3137,数据集3,0,0.8217520164566373,0.7269454374213076,1.0090692065016766,自动归类成功
匿名文件_行号_3138,数据集3,0,0.8050483988099796,0.7021961164136415,1.076580950837893,自动归类成功
匿名文件_行号_3139,数据集3,0,0.785809771434605,0.6542904769541988,1.1102240967082913,自动归类成功
匿名文件_行号_3140,数据集3,0,0.7701264082481075,0.6391299711154921,1.1886637183740083,自动归类成功
匿名文件_行号_3141,数据集3,0,0.7426189057355598,0.5934243792834959,1.2766996568269189,自动归类成功
匿名文件_行号_3142,数据集3,0,0.776224631736527,0.6467828434758485,1.1628041709832362,自动归类成功
匿名文件_行号_3143,数据集3,0,0.7424667830836933,0.5931658612517504,1.2771417111788388,自动归类成功
匿名文件_行号_3144,数据集3,0,0.7890804808186483,0.7104061843729865,1.1603830542493438,自动归类成功
匿名文件_行号_3145,数据集3,0,0.8118835474498202,0.7143052855772606,1.0555623704702133,自动归类成功
匿名文件_行号_3146,数据集3,0,0.8324595011060766,0.7406619103949322,0.9602945690715672,自动归类成功
匿名文件_行号_3147,数据集3,0,0.7756993537304763,0.6417304580928483,1.1547496260915506,自动归类成功
匿名文件_行号_3148,数据集3,0,0.7476898374618984,0.599197157717936,1.2548805665492002,自动归类成功
匿名文件_行号_3149,数据集3,0,0.5319515194441143,0.21924388545663237,1.7005097645945642,自动归类成功
匿名文件_行号_3150,数据集3,0,0.7954715386284282,0.6832792522535488,1.1046209453746219,自动归类成功
匿名文件_行号_3151,数据集3,0,0.7697765124592691,0.6343044412567473,1.179499525844945,自动归类成功
匿名文件_行号_3152,数据集3,0,0.8331012716856591,0.7459157576608045,0.964222358689026,自动归类成功
匿名文件_行号_3153,数据集3,0,0.7933219482908652,0.6798484679743758,1.115881703373701,自动归类成功
匿名文件_行号_3154,数据集3,0,0.8081478705607552,0.7060488336271775,1.0619058603214386,自动归类成功
匿名文件_行号_3155,数据集3,0,0.7965254833435966,0.6836277042091917,1.0996461344724013,自动归类成功
匿名文件_行号_3156,数据集3,0,0.6992955355707197,0.554033921020474,1.42919315365067,自动归类成功
匿名文件_行号_3157,数据集3,0,0.7625558022932262,0.6190449046025096,1.1959917667904258,自动归类成功
匿名文件_行号_3158,数据集3,0,0.7895674644896521,0.6654208426681983,1.1084796861961215,自动归类成功
匿名文件_行号_3159,数据集3,0,0.8106877371486982,0.7093763101798233,1.0521523865052858,自动归类成功
匿名文件_行号_3160,数据集3,0,0.8079415926759006,0.699181604424818,1.051024318088167,自动归类成功
匿名文件_行号_3161,数据集3,0,0.8353395766182499,0.7464966938285512,0.9468916167721392,自动归类成功
匿名文件_行号_3162,数据集3,0,0.8193152467852013,0.7173998789299851,1.0087801970918238,自动归类成功
匿名文件_行号_3163,数据集3,0,0.7866607141027407,0.6657292834164082,1.1308298798504872,自动归类成功
匿名文件_行号_3164,数据集3,0,0.7852826243391557,0.6604830921712733,1.1308893221116558,自动归类成功
匿名文件_行号_3165,数据集3,0,0.7437973142567235,0.5909038687821093,1.2616961637836823,自动归类成功
匿名文件_行号_3166,数据集3,0,0.7749563026152654,0.6477650701070972,1.1738466172175024,自动归类成功
匿名文件_行号_3167,数据集3,0,0.8354773233120447,0.7475341343003369,0.9525621624860128,自动归类成功
匿名文件_行号_3168,数据集3,0,0.76247866517938,0.6270698175433218,1.2151209885442231,自动归类成功
匿名文件_行号_3169,数据集3,0,0.7919036512892775,0.6755138225696242,1.1146691817946912,自动归类成功
匿名文件_行号_3170,数据集3,0,0.7562092265566907,0.6145564380062649,1.2301149827509552,自动归类成功
匿名文件_行号_3171,数据集3,0,0.800454027739952,0.688597617723759,1.081424292887423,自动归类成功
匿名文件_行号_3172,数据集3,0,0.6586148273551784,0.5112399337142127,1.6251446849197941,自动归类成功
匿名文件_行号_3173,数据集3,0,0.8563354341330088,0.7836582523135383,0.8685641600328697,自动归类成功
匿名文件_行号_3174,数据集3,0,0.8206953215792124,0.7244775135685868,1.0116076970461982,自动归类成功
匿名文件_行号_3175,数据集3,0,0.8249228041365726,0.7277109827723098,0.9885412743024153,自动归类成功
匿名文件_行号_3176,数据集3,0,0.7814623868851249,0.663382995941631,1.1651525807237777,自动归类成功
匿名文件_行号_3177,数据集3,0,0.7433333080312671,0.5864080914527734,1.255889346456061,自动归类成功
匿名文件_行号_3178,数据集3,0,0.8304472884208765,0.7385577897400147,0.9706995316602545,自动归类成功
匿名文件_行号_3179,数据集3,0,0.7664202145669418,0.633469389422183,1.2022056108625125,自动归类成功
匿名文件_行号_3180,数据集3,0,0.6833666779503079,0.5419130994603145,1.512921285046945,自动归类成功
匿名文件_行号_3181,数据集3,0,0.789597044417071,0.6910979059058494,1.1632848435859133,自动归类成功
匿名文件_行号_3182,数据集3,0,0.802902210213317,0.6919588953989939,1.0711052292298069,自动归类成功
匿名文件_行号_3183,数据集3,0,0.8275009339046091,0.7381885391283298,0.9914102824354283,自动归类成功
匿名文件_行号_3184,数据集3,0,0.8252933953349691,0.7276455535323065,0.9853805178308069,自动归类成功
匿名文件_行号_3185,数据集3,0,0.7100934771539891,0.5262980940098119,1.3432047128690514,自动归类成功
匿名文件_行号_3186,数据集3,0,0.7338084264875292,0.5787279501578613,1.3034757912149382,自动归类成功
匿名文件_行号_3187,数据集3,0,0.754678866358162,0.6191257131063292,1.2476192409255595,自动归类成功
匿名文件_行号_3188,数据集3,0,0.7493850497913952,0.6122874656107788,1.2756571789609037,自动归类成功
匿名文件_行号_3189,数据集3,0,0.7746483888325663,0.6516869479843929,1.1812686991820533,自动归类成功
匿名文件_行号_3190,数据集3,0,0.7698467781399371,0.6467927486661105,1.2066259286548873,自动归类成功
匿名文件_行号_3191,数据集3,0,0.7557598483401424,0.6072969563317769,1.2174796839898623,自动归类成功
匿名文件_行号_3192,数据集3,0,0.8017566280887063,0.6824217798828135,1.0584708621816317,自动归类成功
匿名文件_行号_3193,数据集3,0,0.7926108060231722,0.6737327484262308,1.105539339456127,自动归类成功
匿名文件_行号_3194,数据集3,0,0.6836886779727107,0.559423088798711,1.512011061706626,自动归类成功
匿名文件_行号_3195,数据集3,0,0.6266666985427789,0.43450029385799416,1.6641053282929184,自动归类成功
匿名文件_行号_3196,数据集3,0,0.7855428609310469,0.6643121185627249,1.1359926974369856,自动归类成功
匿名文件_行号_3197,数据集3,0,0.7498678706328038,0.6057771614480991,1.2547667562216873,自动归类成功
匿名文件_行号_3198,数据集3,0,0.8085380170995816,0.7067366396294046,1.0614356538285823,自动归类成功
匿名文件_行号_3199,数据集3,0,0.7770638691189611,0.6460181870376913,1.1503068944050223,自动归类成功
匿名文件_行号_3200,数据集3,0,0.7764203347599902,0.6558107508902142,1.179784043907145,自动归类成功
匿名文件_行号_3201,数据集3,0,0.8132819769294823,0.7074562266045377,1.0303203442004683,自动归类成功
匿名文件_行号_3202,数据集3,0,0.6671172754056527,0.4607669532343708,1.4737639663263455,自动归类成功
匿名文件_行号_3203,数据集3,0,0.7627674144771867,0.6264762936069921,1.2113696029291277,自动归类成功
匿名文件_行号_3204,数据集3,0,0.80164885636944,0.6866155991466059,1.0680765929325726,自动归类成功
匿名文件_行号_3205,数据集3,0,0.7957121193163622,0.677048971319237,1.0901464177802203,自动归类成功
匿名文件_行号_3206,数据集3,0,0.7351587176988542,0.620958052768942,1.341067204928593,自动归类成功
匿名文件_行号_3207,数据集3,0,0.8258404729156493,0.736525569186157,1.0025336313682374,自动归类成功
匿名文件_行号_3208,数据集3,0,0.8583280326048716,0.7818139194188914,0.8520536987788168,自动归类成功
匿名文件_行号_3209,数据集3,0,0.7807200661427324,0.6459458902095426,1.1279458995807103,自动归类成功
匿名文件_行号_3210,数据集3,0,0.6292425517494717,0.36252071785948803,1.4631488570049616,自动归类成功
匿名文件_行号_3211,数据集3,0,0.7291177372175001,0.564038171761846,1.3030191341824866,自动归类成功
匿名文件_行号_3212,数据集3,0,0.8476979537328985,0.7712467758013952,0.9100656561242554,自动归类成功
匿名文件_行号_3213,数据集3,0,0.8729311298031837,0.8069042628821034,0.7879634687453234,自动归类成功
匿名文件_行号_3214,数据集3,0,0.8036901728038821,0.6891492713968088,1.0591051476795892,自动归类成功
匿名文件_行号_3215,数据集3,0,0.7814476523427645,0.6489836757467822,1.1294648552628945,自动归类成功
匿名文件_行号_3216,数据集3,0,0.8018422121608476,0.6927793244266848,1.0791990227080503,自动归类成功
匿名文件_行号_3217,数据集3,0,0.7973518137489956,0.6910012225070438,1.1130099449461237,自动归类成功
匿名文件_行号_3218,数据集3,0,0.7880360891513033,0.6676666257373366,1.124564195530937,自动归类成功
匿名文件_行号_3219,数据集3,0,0.734045437607795,0.5518934796108618,1.2340648517366213,自动归类成功
匿名文件_行号_3220,数据集3,0,0.7304916239211439,0.5691651491359904,1.3086680458312963,自动归类成功
匿名文件_行号_3221,数据集3,0,0.8002940718892996,0.6858165409877113,1.0753273740366323,自动归类成功
匿名文件_行号_3222,数据集3,0,0.7990650831865347,0.6866133764814203,1.087865258444553,自动归类成功
匿名文件_行号_3223,数据集3,0,0.835204014547073,0.7477473359109815,0.9534221239335108,自动归类成功
匿名文件_行号_3224,数据集3,0,0.7648253111696172,0.6046133616894026,1.1402462204864936,自动归类成功
匿名文件_行号_3225,数据集3,0,0.7828338194746183,0.6592714134599259,1.1435684918801656,自动归类成功
匿名文件_行号_3226,数据集3,0,0.7759169630280133,0.6510833189613205,1.1785180389641883,自动归类成功
匿名文件_行号_3227,数据集3,0,0.835756994408079,0.751316564856164,0.9582090835616961,自动归类成功
匿名文件_行号_3228,数据集3,0,0.7409670914388399,0.5797333428376914,1.2562658945720362,自动归类成功
匿名文件_行号_3229,数据集3,0,0.8057763026467817,0.7022202027950993,1.0709767827778194,自动归类成功
匿名文件_行号_3230,数据集3,0,0.7788740481185381,0.6555588694108816,1.161400705867006,自动归类成功
匿名文件_行号_3231,数据集3,0,0.7909086745225352,0.6658003032194615,1.099244920883905,自动归类成功
匿名文件_行号_3232,数据集3,0,0.8014143328134377,0.6930010140084053,1.0857306042146038,自动归类成功
匿名文件_行号_3233,数据集3,0,0.7689899837057111,0.6375557640552447,1.196614428333609,自动归类成功
匿名文件_行号_3234,数据集3,0,0.7281105333392898,0.6020534426735282,1.3552994424235034,自动归类成功
匿名文件_行号_3235,数据集3,0,0.8406310965562664,0.7558835773809653,0.9273506531771846,自动归类成功
匿名文件_行号_3236,数据集3,0,0.7977849940141661,0.6863275895181238,1.0975852886139692,自动归类成功
匿名文件_行号_3237,数据集3,0,0.7318988241959138,0.568558252648684,1.2943299646625912,自动归类成功
匿名文件_行号_3238,数据集3,0,0.8239760784821659,0.7188080704051947,0.9740233367691833,自动归类成功
匿名文件_行号_3239,数据集3,0,0.8026997358095194,0.6926652913871166,1.0745880134373287,自动归类成功
匿名文件_行号_3240,数据集3,0,0.7482234168583258,0.5992581083626952,1.2516675696219783,自动归类成功
匿名文件_行号_3241,数据集3,2,0.7601070854263465,0.6129565509181829,1.1664034493568527,自动归类成功
匿名文件_行号_3242,数据集3,0,0.8213554877417015,0.7232423926208964,1.00513173116579,自动归类成功
匿名文件_行号_3243,数据集3,0,0.7376166740156495,0.582205530283005,1.2882322431678992,自动归类成功
匿名文件_行号_3244,数据集3,0,0.8171275819865884,0.7164007762876705,1.0210384479461605,自动归类成功
匿名文件_行号_3245,数据集3,0,0.8365983150000389,0.7541598247120123,0.957617008288845,自动归类成功
匿名文件_行号_3246,数据集3,0,0.7143108254644579,0.5397254991850722,1.3403170758513998,自动归类成功
匿名文件_行号_3247,数据集3,0,0.7807132538419221,0.656338306346248,1.1522781163851656,自动归类成功
匿名文件_行号_3248,数据集3,0,0.8169970418233278,0.7188542423583846,1.0278932584687543,自动归类成功
匿名文件_行号_3249,数据集3,0,0.7338084264875292,0.5787279501578613,1.3034757912149382,自动归类成功
匿名文件_行号_3250,数据集3,0,0.770853877779868,0.625613977763384,1.1491824909713109,自动归类成功
匿名文件_行号_3251,数据集3,0,0.783506783800561,0.6590062038573843,1.1392289674986318,自动归类成功
匿名文件_行号_3252,数据集3,0,0.7624277098793285,0.623135672665247,1.2052523610846302,自动归类成功
匿名文件_行号_3253,数据集3,0,0.7831189791313414,0.665889257446014,1.1561476232201366,自动归类成功
匿名文件_行号_3254,数据集3,0,0.7608641279809879,0.6196086994676175,1.209931686662665,自动归类成功
匿名文件_行号_3255,数据集3,0,0.8075328377991263,0.696279305485223,1.0461936227307884,自动归类成功
匿名文件_行号_3256,数据集3,0,0.7770062611564394,0.6506297598734565,1.1658208975273616,自动归类成功
匿名文件_行号_3257,数据集3,0,0.8017785187839941,0.6729477212727749,1.0341380333441763,自动归类成功
匿名文件_行号_3258,数据集3,0,0.7777280670134152,0.6525505102956418,1.1653398563822546,自动归类成功
匿名文件_行号_3259,数据集3,0,0.7959284708474821,0.6806436656382409,1.0971399830824384,自动归类成功
匿名文件_行号_3260,数据集3,0,0.7878153423589304,0.6708610238186921,1.1329586952850204,自动归类成功
匿名文件_行号_3261,数据集3,0,0.8158167862910239,0.7179604221928043,1.033312620844599,自动归类成功
匿名文件_行号_3262,数据集3,0,0.7970517072191786,0.6896705915349363,1.112377073403929,自动归类成功
匿名文件_行号_3263,数据集3,0,0.8214909588843478,0.7194731033184439,0.9972998809416259,自动归类成功
匿名文件_行号_3264,数据集3,0,0.835204014547073,0.7477473359109815,0.9534221239335108,自动归类成功
匿名文件_行号_3265,数据集3,0,0.7758858808894054,0.6497614310411529,1.1716847749522614,自动归类成功
匿名文件_行号_3266,数据集3,0,0.6463346217641005,0.41806399431742536,1.5038766199279392,自动归类成功
匿名文件_行号_3267,数据集3,0,0.8046563337873357,0.6958881975841669,1.0677201783234485,自动归类成功
匿名文件_行号_3268,数据集3,0,0.7482920146763229,0.6159190347779732,1.2799502876718791,自动归类成功
匿名文件_行号_3269,数据集3,0,0.8049446674006422,0.7075112436054418,1.090082853907165,自动归类成功
匿名文件_行号_3270,数据集3,0,0.7579968330248529,0.6033423031631361,1.1878166177292204,自动归类成功
匿名文件_行号_3271,数据集3,0,0.7026071676564789,0.5103885083948949,1.3538379131998366,自动归类成功
匿名文件_行号_3272,数据集3,0,0.8106877371486982,0.7093763101798233,1.0521523865052858,自动归类成功
匿名文件_行号_3273,数据集3,0,0.8236818769098625,0.727222537891116,0.9965409815860847,自动归类成功
匿名文件_行号_3274,数据集3,0,0.8099775130024095,0.7093869300338734,1.0554624826332435,自动归类成功
匿名文件_行号_3275,数据集3,0,0.7557598483401424,0.6072969563317769,1.2174796839898623,自动归类成功
匿名文件_行号_3276,数据集3,0,0.8394841080099409,0.7537605028642014,0.9347351782478251,自动归类成功
匿名文件_行号_3277,数据集3,0,0.7310529073390628,0.5643480932487601,1.2881896479710633,自动归类成功
匿名文件_行号_3278,数据集3,0,0.7542854615362115,0.6129530060202907,1.2404570873975442,自动归类成功
匿名文件_行号_3279,数据集3,0,0.8000736905806929,0.6813287681196056,1.0677855672371828,自动归类成功
匿名文件_行号_3280,数据集3,0,0.7511673463630967,0.6120352802465877,1.2610335330617088,自动归类成功
匿名文件_行号_3281,数据集3,0,0.7113222219102591,0.5199389359748455,1.3213789028548983,自动归类成功
匿名文件_行号_3282,数据集3,0,0.7564482748751208,0.6001627943552186,1.1962422341698111,自动归类成功
匿名文件_行号_3283,数据集3,0,0.8446755385276409,0.7627779994351649,0.9159531645586133,自动归类成功
匿名文件_行号_3284,数据集3,0,0.7522318330184588,0.6461129644095716,1.292537298615133,自动归类成功
匿名文件_行号_3285,数据集3,0,0.7851705896579931,0.662193819093629,1.1331125704620477,自动归类成功
匿名文件_行号_3286,数据集3,0,0.7568727816903064,0.6112024125509086,1.217679180008214,自动归类成功
匿名文件_行号_3287,数据集3,0,0.7255543544399471,0.567076318945445,1.3366055226279483,自动归类成功
匿名文件_行号_3288,数据集3,0,0.8298696750406458,0.7337578035744858,0.9655233433822866,自动归类成功
匿名文件_行号_3289,数据集3,0,0.8316273650473793,0.741921306859948,0.9664243893131683,自动归类成功
匿名文件_行号_3290,数据集3,0,0.750194935700193,0.6060057199375442,1.2530214072630015,自动归类成功
匿名文件_行号_3291,数据集3,0,0.827375151169006,0.7304100088371408,0.9760275647274637,自动归类成功
匿名文件_行号_3292,数据集3,0,0.789352831169585,0.6585877589976016,1.0959942992153584,自动归类成功
匿名文件_行号_3293,数据集3,0,0.7609302521205505,0.6536363066454758,1.2654285127872351,自动归类成功
匿名文件_行号_3294,数据集3,0,0.8070693842156148,0.70297795562049,1.0643100849194163,自动归类成功
匿名文件_行号_3295,数据集3,0,0.6822022074031394,0.47316771610703345,1.400854693565546,自动归类成功
匿名文件_行号_3296,数据集3,0,0.7962109228912256,0.6817592718001904,1.096948130743792,自动归类成功
匿名文件_行号_3297,数据集3,0,0.741432555655844,0.5890603515389926,1.2742917526574642,自动归类成功
匿名文件_行号_3298,数据集3,0,0.7925791545982869,0.6762740864678269,1.1117798055494836,自动归类成功
匿名文件_行号_3299,数据集3,0,0.7770784069629119,0.6382395158858627,1.1364522936396693,自动归类成功
匿名文件_行号_3300,数据集3,0,0.7756993537304763,0.6417304580928483,1.1547496260915506,自动归类成功
匿名文件_行号_3301,数据集3,0,0.7326084989786126,0.6137928759105036,1.3629497893732034,自动归类成功
匿名文件_行号_3302,数据集3,0,0.7493551798162112,0.653300952888006,1.305392419435515,自动归类成功
匿名文件_行号_3303,数据集3,0,0.8109469655051349,0.7085457825718013,1.051336565352159,自动归类成功
匿名文件_行号_3304,数据集3,0,0.7147275590376632,0.5253395337550797,1.29673519496346,自动归类成功
匿名文件_行号_3305,数据集3,0,0.840274733694633,0.7594698534227455,0.9404196752614916,自动归类成功
匿名文件_行号_3306,数据集3,-1,0.4934636784385116,0.10493603056503353,1.6167672559302928,多类别特征 (倾向类别 0 与 4)
匿名文件_行号_3307,数据集3,0,0.7169162021748833,0.5345988581002485,1.3156803189994268,自动归类成功
匿名文件_行号_3308,数据集3,0,0.8414384952633961,0.7522827227631346,0.9157310217696197,自动归类成功
匿名文件_行号_3309,数据集3,0,0.6756947815027257,0.45111406060560705,1.3820062700624527,自动归类成功
匿名文件_行号_3310,数据集3,0,0.7216533127300736,0.5433804090149565,1.3020705463962663,自动归类成功
匿名文件_行号_3311,数据集3,0,0.8354889952980339,0.7475731376143505,0.9498778944363497,自动归类成功
匿名文件_行号_3312,数据集3,0,0.7807962517474524,0.6508938677383334,1.1401528583630294,自动归类成功
匿名文件_行号_3313,数据集3,0,0.8381681992275212,0.747968151167353,0.9336492479276498,自动归类成功
匿名文件_行号_3314,数据集3,0,0.826677694441307,0.7271293043017004,0.9724237734061487,自动归类成功
匿名文件_行号_3315,数据集3,0,0.8295517850442188,0.7403799719043198,0.9843914452391516,自动归类成功
匿名文件_行号_3316,数据集3,0,0.7255543544399471,0.567076318945445,1.3366055226279483,自动归类成功
匿名文件_行号_3317,数据集3,0,0.7634672591279432,0.6235464136071772,1.1990405417733627,自动归类成功
匿名文件_行号_3318,数据集3,0,0.7897639777532,0.6901412020612311,1.1420544823115988,自动归类成功
匿名文件_行号_3319,数据集3,0,0.7706244332757798,0.6370577725350017,1.1801115156487259,自动归类成功
匿名文件_行号_3320,数据集3,-1,0.4578008989762748,0.031118140275584072,1.6102439943329534,多类别特征 (倾向类别 4 与 0)
匿名文件_行号_3321,数据集3,0,0.8080958868613212,0.6999371529549354,1.0514324124799992,自动归类成功
匿名文件_行号_3322,数据集3,0,0.7754231425648487,0.6362804151201671,1.14145106862274,自动归类成功
匿名文件_行号_3323,数据集3,0,0.7710684083753352,0.6376868267611921,1.1792348778650765,自动归类成功
匿名文件_行号_3324,数据集3,0,0.7966029627712424,0.6885359986899967,1.1104935477257347,自动归类成功
匿名文件_行号_3325,数据集3,0,0.8022305608256864,0.7031674474125561,1.1001838310388619,自动归类成功
匿名文件_行号_3326,数据集3,0,0.7714646886056211,0.6634585844854277,1.2299671493459203,自动归类成功
匿名文件_行号_3327,数据集3,0,0.824956435285877,0.7327687974245094,0.9951003761540096,自动归类成功
匿名文件_行号_3328,数据集3,0,0.7245780504709397,0.617557790344321,1.380675924366316,自动归类成功
匿名文件_行号_3329,数据集3,-1,0.43967617861420827,0.0052127055323196725,1.643983531403361,多类别特征 (倾向类别 4 与 0)
匿名文件_行号_3330,数据集3,0,0.7792184539877286,0.658389173049278,1.1719990476914144,自动归类成功
匿名文件_行号_3331,数据集3,0,0.7986284987847441,0.6860357603514697,1.0890794726176216,自动归类成功
匿名文件_行号_3332,数据集3,0,0.8359378987896309,0.7460677773859835,0.9427595020540306,自动归类成功
匿名文件_行号_3333,数据集3,0,0.8094589841034591,0.7020038111757237,1.0460754312450093,自动归类成功
匿名文件_行号_3334,数据集3,0,0.7995519722972175,0.6819901485756884,1.0728878921162706,自动归类成功
匿名文件_行号_3335,数据集3,0,0.7662417854255317,0.632123662005189,1.2002161996288625,自动归类成功
匿名文件_行号_3336,数据集3,0,0.7528441204980979,0.6050529014647861,1.232880436688337,自动归类成功
匿名文件_行号_3337,数据集3,0,0.76539775221934,0.6284708644483473,1.1979073140318617,自动归类成功
匿名文件_行号_3338,数据集3,0,0.7428357160654214,0.594225135942146,1.2728097344736002,自动归类成功
匿名文件_行号_3339,数据集3,0,0.7927757548051105,0.6772301671250449,1.112355371198528,自动归类成功
匿名文件_行号_3340,数据集3,0,0.7880623229546693,0.6658281721268908,1.120974719008542,自动归类成功
匿名文件_行号_3341,数据集3,0,0.8469339277007336,0.7719370183851668,0.919317942130501,自动归类成功
匿名文件_行号_3342,数据集3,0,0.8146100713431854,0.711952629471249,1.0291892611846225,自动归类成功
匿名文件_行号_3343,数据集3,0,0.8350737293369083,0.7484211786946224,0.9573943774115686,自动归类成功
匿名文件_行号_3344,数据集3,0,0.7838569710676363,0.661421971206378,1.1400875521160523,自动归类成功
匿名文件_行号_3345,数据集3,0,0.8051936347797518,0.7124470480952998,1.0872240367449808,自动归类成功
匿名文件_行号_3346,数据集3,0,0.8510840598924845,0.7726758501246446,0.8886216225854247,自动归类成功
匿名文件_行号_3347,数据集3,0,0.7715238115100977,0.6572918022445413,1.2042200415871052,自动归类成功
匿名文件_行号_3348,数据集3,0,0.832293407701334,0.747480950924684,0.9770637025903639,自动归类成功
匿名文件_行号_3349,数据集3,0,0.8216506014823244,0.7219786057839197,0.998526640295076,自动归类成功
匿名文件_行号_3350,数据集3,0,0.8072441370792632,0.6992444174948572,1.055739761833768,自动归类成功
匿名文件_行号_3351,数据集3,0,0.8097703103183627,0.7246420228148405,1.089441171290899,自动归类成功
匿名文件_行号_3352,数据集3,0,0.7665723140402038,0.6268151433816069,1.184958372329374,自动归类成功
匿名文件_行号_3353,数据集3,0,0.7702349675216462,0.6350126276858948,1.1774604331748506,自动归类成功
匿名文件_行号_3354,数据集3,0,0.814958790417491,0.7103141185809909,1.0244728817668498,自动归类成功
匿名文件_行号_3355,数据集3,0,0.7549574912690622,0.611397265130395,1.2308010830062652,自动归类成功
匿名文件_行号_3356,数据集3,0,0.7017243468434271,0.5140752352259025,1.370624931133642,自动归类成功
匿名文件_行号_3357,数据集3,0,0.8393469477598006,0.7565683386995344,0.9439801049374764,自动归类成功
匿名文件_行号_3358,数据集3,0,0.8082085760017393,0.7126129285246293,1.0714563030093216,自动归类成功
匿名文件_行号_3359,数据集3,0,0.8591387577027515,0.7821906986868372,0.8454536941318466,自动归类成功
匿名文件_行号_3360,数据集3,0,0.7520200167077622,0.606625382766631,1.2418096633426086,自动归类成功
匿名文件_行号_3361,数据集3,0,0.8405403198595375,0.7529493558921744,0.9224883745733176,自动归类成功
匿名文件_行号_3362,数据集3,0,0.6671483211666704,0.4559342677495073,1.4603422355875784,自动归类成功
匿名文件_行号_3363,数据集3,0,0.7876749494253193,0.6612066193229873,1.1114482458990143,自动归类成功
匿名文件_行号_3364,数据集3,0,0.6856312172391541,0.458766676607692,1.329391115832587,自动归类成功
匿名文件_行号_3365,数据集3,0,0.7860522604055596,0.6699256869944663,1.1422228150176936,自动归类成功
匿名文件_行号_3366,数据集3,0,0.7792621057153043,0.6561652824208258,1.1632276153432344,自动归类成功
匿名文件_行号_3367,数据集3,0,0.8325011596018558,0.7513128867792949,0.9841314043417542,自动归类成功
匿名文件_行号_3368,数据集3,0,0.7850592058571566,0.6609180767413775,1.1305052998684035,自动归类成功
匿名文件_行号_3369,数据集3,0,0.7804280109673416,0.6636917957817237,1.1718485581363252,自动归类成功
匿名文件_行号_3370,数据集3,0,0.7108352406606527,0.5368403797688313,1.365461345876744,自动归类成功
匿名文件_行号_3371,数据集3,0,0.7625162435252788,0.6279007285360843,1.2217764164070968,自动归类成功
匿名文件_行号_3372,数据集3,0,0.7860633091139354,0.6607764747774278,1.123771813034695,自动归类成功
匿名文件_行号_3373,数据集3,0,0.7636765815375863,0.6164167926999262,1.1810147524720394,自动归类成功
匿名文件_行号_3374,数据集3,0,0.7847518463627943,0.6596176540554431,1.1304099063798274,自动归类成功
匿名文件_行号_3375,数据集3,0,0.7628931328389026,0.6275511253169684,1.2132927654112662,自动归类成功
匿名文件_行号_3376,数据集3,0,0.7736105372545351,0.6504796603739621,1.1927571749974402,自动归类成功
匿名文件_行号_3377,数据集3,0,0.8462150357657703,0.762549142663273,0.902639888596356,自动归类成功
匿名文件_行号_3378,数据集3,0,0.7255543544399471,0.567076318945445,1.3366055226279483,自动归类成功
匿名文件_行号_3379,数据集3,0,0.8032206824564905,0.6915913060843073,1.0682571145286404,自动归类成功
匿名文件_行号_3380,数据集3,0,0.7950812227571462,0.6885982007230019,1.1225898931918994,自动归类成功
匿名文件_行号_3381,数据集3,0,0.7635174829835877,0.6210755492531412,1.1940279215617082,自动归类成功
匿名文件_行号_3382,数据集3,0,0.7431871405901433,0.589015365161387,1.2625983908606302,自动归类成功
匿名文件_行号_3383,数据集3,0,0.7173469634304029,0.5442850409878772,1.3355277715791511,自动归类成功
匿名文件_行号_3384,数据集3,0,0.7895674644896521,0.6654208426681983,1.1084796861961215,自动归类成功
匿名文件_行号_3385,数据集3,0,0.7975974016982069,0.7013640230296834,1.1293904783686741,自动归类成功
匿名文件_行号_3386,数据集3,0,0.770352557673719,0.6412974215419053,1.1902939215615742,自动归类成功
匿名文件_行号_3387,数据集3,0,0.7536084707222018,0.6235257427965709,1.2631325996195446,自动归类成功
匿名文件_行号_3388,数据集3,0,0.7898057361142776,0.6712115947946812,1.1201477315400687,自动归类成功
匿名文件_行号_3389,数据集3,0,0.8442154550967559,0.7598259079321041,0.9120597715188402,自动归类成功
匿名文件_行号_3390,数据集3,0,0.8002512201436038,0.6884575442754443,1.0832091686033556,自动归类成功
匿名文件_行号_3391,数据集3,0,0.8097890047446767,0.7045163223192484,1.0495496906082762,自动归类成功
匿名文件_行号_3392,数据集3,0,0.7889991270097289,0.6705072981384468,1.1246557360879923,自动归类成功
匿名文件_行号_3393,数据集3,0,0.7811819769621487,0.6367665548662913,1.1015107810328764,自动归类成功
匿名文件_行号_3394,数据集3,0,0.8064322634006748,0.7077179106762981,1.0802153852699428,自动归类成功
匿名文件_行号_3395,数据集3,0,0.7788740481185381,0.6555588694108816,1.161400705867006,自动归类成功
匿名文件_行号_3396,数据集3,0,0.7875676271032439,0.6804225314281697,1.1475483879529451,自动归类成功
匿名文件_行号_3397,数据集3,0,0.8067478410779427,0.6943827008337362,1.0471131535576192,自动归类成功
匿名文件_行号_3398,数据集3,0,0.7109839589187507,0.5726455700323985,1.4104271400180035,自动归类成功
匿名文件_行号_3399,数据集3,0,0.8271287648410363,0.7362224466744023,0.9880449997876115,自动归类成功
匿名文件_行号_3400,数据集3,0,0.8286158846364426,0.7304940307887153,0.9681585022136956,自动归类成功
匿名文件_行号_3401,数据集3,0,0.7255543544399471,0.567076318945445,1.3366055226279483,自动归类成功
匿名文件_行号_3402,数据集3,0,0.803373314633364,0.6946713445218032,1.0735816911409195,自动归类成功
匿名文件_行号_3403,数据集3,0,0.8043312363103188,0.6959805172509097,1.0692900631831979,自动归类成功
匿名文件_行号_3404,数据集3,0,0.7687535971193658,0.6237856004440753,1.1600950090141406,自动归类成功
匿名文件_行号_3405,数据集3,0,0.7533183138854214,0.6112168228429277,1.2396967047486214,自动归类成功
匿名文件_行号_3406,数据集3,0,0.839333404153809,0.756924634255639,0.9453981737437948,自动归类成功
匿名文件_行号_3407,数据集3,0,0.7526460331961417,0.6079053253486892,1.2404460390666967,自动归类成功
匿名文件_行号_3408,数据集3,0,0.7721194156425569,0.6436714787579737,1.184126010801744,自动归类成功
匿名文件_行号_3409,数据集3,0,0.743720710786811,0.5818458901054885,1.2354152725626988,自动归类成功
匿名文件_行号_3410,数据集3,0,0.755301973052075,0.6269232394420647,1.2431114137218306,自动归类成功
匿名文件_行号_3411,数据集3,0,0.8460267230177628,0.7624364852830264,0.9045268729669043,自动归类成功
匿名文件_行号_3412,数据集3,0,0.8068714636193566,0.6949702687867658,1.0492773679840108,自动归类成功
匿名文件_行号_3413,数据集3,-1,0.37963283364142897,0.11138173787257666,2.0765387078098447,无法明确归类 (低置信度)
匿名文件_行号_3414,数据集3,0,0.85090334688821,0.766184488889087,0.8745602615658683,自动归类成功
匿名文件_行号_3415,数据集3,0,0.8106950771904854,0.7094721368351888,1.0514452473874198,自动归类成功
匿名文件_行号_3416,数据集3,0,0.8216883116147253,0.7188124195733403,0.9917134130150204,自动归类成功
匿名文件_行号_3417,数据集3,0,0.8551096679364841,0.7797566098696319,0.8724518922994837,自动归类成功
匿名文件_行号_3418,数据集3,0,0.813833232499137,0.7103256344030411,1.0302377417180206,自动归类成功
匿名文件_行号_3419,数据集3,0,0.860743927206714,0.790399718018497,0.8516200935271495,自动归类成功
匿名文件_行号_3420,数据集3,0,0.8807835074561511,0.8187989459021809,0.7520250283146073,自动归类成功
匿名文件_行号_3421,数据集3,0,0.7517059005573257,0.5929568564010206,1.2109757566527788,自动归类成功
匿名文件_行号_3422,数据集3,0,0.8247282223466978,0.7247259571181588,0.982701913914593,自动归类成功
匿名文件_行号_3423,数据集3,0,0.8674765452948162,0.8055861885654407,0.8301853696047573,自动归类成功
匿名文件_行号_3424,数据集3,0,0.7911546207725068,0.6982490969497938,1.1660306705039907,自动归类成功
匿名文件_行号_3425,数据集3,0,0.7545441682676994,0.6405118006324715,1.2694470648767182,自动归类成功
匿名文件_行号_3426,数据集3,0,0.7960458477094366,0.6886581176261123,1.1138985434774515,自动归类成功
匿名文件_行号_3427,数据集3,0,0.7290566729729833,0.5569916494693112,1.283121411499215,自动归类成功
匿名文件_行号_3428,数据集3,0,0.7482920146763229,0.6159190347779732,1.2799502876718791,自动归类成功
匿名文件_行号_3429,数据集3,0,0.6957461885093967,0.4969706286687696,1.36621948684524,自动归类成功
匿名文件_行号_3430,数据集3,0,0.8238258553037513,0.7405037752942921,1.0208770313605149,自动归类成功
匿名文件_行号_3431,数据集3,0,0.7671516026673684,0.6309909012242536,1.1919493737970928,自动归类成功
匿名文件_行号_3432,数据集3,0,0.8082481228028905,0.7008184257285994,1.0524157890783,自动归类成功
匿名文件_行号_3433,数据集3,0,0.7903165365671554,0.6719395233563291,1.1182427509237778,自动归类成功
匿名文件_行号_3434,数据集3,0,0.7697707973084349,0.6390034937033326,1.190884706029271,自动归类成功
匿名文件_行号_3435,数据集3,0,0.7186064119292849,0.5322549527672807,1.2982276425552064,自动归类成功
匿名文件_行号_3436,数据集3,0,0.7831189791313414,0.665889257446014,1.1561476232201366,自动归类成功
匿名文件_行号_3437,数据集3,0,0.7391901671621361,0.6047129946504727,1.3197926699945817,自动归类成功
匿名文件_行号_3438,数据集3,0,0.8251905274632954,0.7285316577747999,0.9882656991055735,自动归类成功
匿名文件_行号_3439,数据集3,0,0.7754027529643683,0.6482567193759142,1.1722792420780594,自动归类成功
匿名文件_行号_3440,数据集3,1,0.5039539593577904,0.1944628811636968,1.7906476712205723,自动归类成功
匿名文件_行号_3441,数据集3,0,0.6693645111503375,0.4570481509224755,1.4487677398156478,自动归类成功
匿名文件_行号_3442,数据集3,0,0.7451268825350527,0.5816306153183303,1.2321921563905411,自动归类成功
匿名文件_行号_3443,数据集3,0,0.7438997125898997,0.5852884546125596,1.2481972409015287,自动归类成功
匿名文件_行号_3444,数据集3,0,0.8325803538591928,0.7365716043664576,0.9500301736583585,自动归类成功
匿名文件_行号_3445,数据集3,0,0.8267078831977102,0.731233585876857,0.9831750926513568,自动归类成功
匿名文件_行号_3446,数据集3,0,0.7027417704799725,0.5159575071190585,1.366876107712611,自动归类成功
匿名文件_行号_3447,数据集3,0,0.8112871789465234,0.7071447059215074,1.043120783595623,自动归类成功
匿名文件_行号_3448,数据集3,0,0.8394976846529918,0.757936174663553,0.9436993073159622,自动归类成功
匿名文件_行号_3449,数据集3,0,0.8391917951681419,0.7531529325747909,0.9379277618376236,自动归类成功
匿名文件_行号_3450,数据集3,0,0.8058716366972437,0.6957642433741984,1.0555908692269103,自动归类成功
匿名文件_行号_3451,数据集3,0,0.7907535784423722,0.6775914149034702,1.127194620516323,自动归类成功
匿名文件_行号_3452,数据集3,0,0.8435824290220315,0.7597047759130796,0.917232321204988,自动归类成功
匿名文件_行号_3453,数据集3,0,0.8297522252713472,0.7645643926625679,0.9941819725528174,自动归类成功
匿名文件_行号_3454,数据集3,0,0.7729185732064389,0.6449742246824627,1.1819350857922897,自动归类成功
匿名文件_行号_3455,数据集3,0,0.7860829294518322,0.6607962234352398,1.1235514475150106,自动归类成功
匿名文件_行号_3456,数据集3,0,0.8353204114061825,0.7437672730630753,0.9439988587804579,自动归类成功
匿名文件_行号_3457,数据集3,0,0.825947307051171,0.7302962944915612,0.9862758320368868,自动归类成功
匿名文件_行号_3458,数据集3,0,0.7813902589516416,0.6803138332792812,1.18369182922411,自动归类成功
匿名文件_行号_3459,数据集3,0,0.7962846362629039,0.6805945244405196,1.0946624020397333,自动归类成功
匿名文件_行号_3460,数据集3,0,0.817136957237495,0.7241626423290376,1.0385664198785973,自动归类成功
匿名文件_行号_3461,数据集3,0,0.8253496649715607,0.7324901704705067,0.9938994513705206,自动归类成功
匿名文件_行号_3462,数据集3,0,0.8337315268518574,0.7405839272314709,0.948887467095393,自动归类成功
匿名文件_行号_3463,数据集3,0,0.813150158144221,0.7161236510605856,1.046846605338213,自动归类成功
匿名文件_行号_3464,数据集3,0,0.806865504272178,0.6999089715823141,1.0603256286231573,自动归类成功
匿名文件_行号_3465,数据集3,0,0.8589436490742809,0.7828592705635036,0.848748715323113,自动归类成功
匿名文件_行号_3466,数据集3,0,0.8517075974877057,0.7753057914799205,0.889118518861001,自动归类成功
匿名文件_行号_3467,数据集3,0,0.6906896411999658,0.5811303309779074,1.520005051208746,自动归类成功
匿名文件_行号_3468,数据集3,0,0.7420718813115722,0.5887157699089027,1.2697046995461798,自动归类成功
匿名文件_行号_3469,数据集3,0,0.8264045198564633,0.7354886789739244,0.9946373186140901,自动归类成功
匿名文件_行号_3470,数据集3,0,0.8361119361644662,0.7457652579723822,0.9418251524855419,自动归类成功
匿名文件_行号_3471,数据集3,0,0.8107309509743222,0.7028782046568511,1.0389729096643046,自动归类成功
匿名文件_行号_3472,数据集3,0,0.842227915901812,0.7635273873452072,0.9343578701769691,自动归类成功
匿名文件_行号_3473,数据集3,0,0.8202266564345481,0.7316146851442354,1.027821341593291,自动归类成功
匿名文件_行号_3474,数据集3,0,0.7634206882907725,0.642091059472694,1.2315060604547678,自动归类成功
匿名文件_行号_3475,数据集3,0,0.6648081578292528,0.44573398040777157,1.447246897709454,自动归类成功
匿名文件_行号_3476,数据集3,0,0.8524988487408806,0.7729154503549178,0.8764302862580747,自动归类成功
匿名文件_行号_3477,数据集3,0,0.7190143996763394,0.5578608610063174,1.3528767216714983,自动归类成功
匿名文件_行号_3478,数据集3,0,0.8224548924082303,0.7252290799124453,1.0012426269018138,自动归类成功
匿名文件_行号_3479,数据集3,0,0.7676187195045264,0.6584397527028166,1.2236820212924415,自动归类成功
匿名文件_行号_3480,数据集3,0,0.6866627665525864,0.5452255915598798,1.4894384113531898,自动归类成功
匿名文件_行号_3481,数据集3,0,0.5932946180689864,0.38818083705179884,1.7588693349230284,自动归类成功
匿名文件_行号_3482,数据集3,0,0.765805682757126,0.6141586643101444,1.157061747617496,自动归类成功
匿名文件_行号_3483,数据集3,0,0.819279435328588,0.7195399731938461,1.0123717604001,自动归类成功
匿名文件_行号_3484,数据集3,0,0.817406958547836,0.7113110102226917,1.0067922985702398,自动归类成功
匿名文件_行号_3485,数据集3,-1,0.3812747309978011,0.051465982526800846,1.9094697719990577,无法明确归类 (低置信度)
匿名文件_行号_3486,数据集3,0,0.810681188753774,0.7045152674362521,1.043630130041355,自动归类成功
匿名文件_行号_3487,数据集3,0,0.8292477929934428,0.7526884120448132,1.0039155448777315,自动归类成功
匿名文件_行号_3488,数据集3,0,0.8186720849037951,0.7223292699366579,1.0208164073609534,自动归类成功
匿名文件_行号_3489,数据集3,0,0.8618956619514707,0.78999682078229,0.8403123155074985,自动归类成功
匿名文件_行号_3490,数据集3,0,0.8226974742368844,0.7273181508648209,1.0045147111671182,自动归类成功
匿名文件_行号_3491,数据集3,0,0.8128156640835127,0.7132014153438087,1.0436437531837812,自动归类成功
匿名文件_行号_3492,数据集3,0,0.7732469977038208,0.6453532923003532,1.1813091147380084,自动归类成功
匿名文件_行号_3493,数据集3,0,0.7731054304019335,0.6305803599833354,1.1470197736869485,自动归类成功
匿名文件_行号_3494,数据集3,0,0.7903704156145891,0.6719136951458811,1.1183595111794755,自动归类成功
匿名文件_行号_3495,数据集3,0,0.7381927702309035,0.5756760481051815,1.2668387574790214,自动归类成功
匿名文件_行号_3496,数据集3,0,0.7163288939699685,0.5701082328034623,1.3857935008087667,自动归类成功
匿名文件_行号_3497,数据集3,0,0.8289353079873855,0.7318998914746855,0.9661882801938031,自动归类成功
匿名文件_行号_3498,数据集3,0,0.8162473127850056,0.7150323555372475,1.0250328895812204,自动归类成功
匿名文件_行号_3499,数据集3,0,0.5591568321008953,0.26657791731105546,1.6585936727840236,自动归类成功
匿名文件_行号_3500,数据集3,0,0.8589436490742809,0.7828592705635036,0.848748715323113,自动归类成功
匿名文件_行号_3501,数据集3,0,0.8161275412181116,0.7141885214185044,1.023855679566282,自动归类成功
匿名文件_行号_3502,数据集3,0,0.7993476489798329,0.7055828953030543,1.1236892857435092,自动归类成功
匿名文件_行号_3503,数据集3,0,0.7580988514634827,0.624449442286614,1.2392513817710866,自动归类成功
匿名文件_行号_3504,数据集3,0,0.8079054964004507,0.7011693428849874,1.0554268430859368,自动归类成功
匿名文件_行号_3505,数据集3,0,0.7903876259930745,0.667129830985138,1.1063031098440823,自动归类成功
匿名文件_行号_3506,数据集3,0,0.8484483859609322,0.7766237651912657,0.9174243922738828,自动归类成功
匿名文件_行号_3507,数据集3,0,0.8217421601919694,0.7257115954986971,1.0053009337830963,自动归类成功
匿名文件_行号_3508,数据集3,0,0.7172651750068922,0.5404000806369039,1.3251443844495305,自动归类成功
匿名文件_行号_3509,数据集3,0,0.7980337349753209,0.6788450606052997,1.078471703252961,自动归类成功
匿名文件_行号_3510,数据集3,0,0.7517059005573257,0.5929568564010206,1.2109757566527788,自动归类成功
匿名文件_行号_3511,数据集3,0,0.8218434271346942,0.7235431677706743,1.002023545602079,自动归类成功
匿名文件_行号_3512,数据集3,0,0.8089710219876854,0.7313253367720446,1.0833448915410473,自动归类成功
匿名文件_行号_3513,数据集3,0,0.8192590496259167,0.7175778413360205,1.0085272372382432,自动归类成功
匿名文件_行号_3514,数据集3,0,0.7594815390793783,0.622109399201151,1.2297672124719732,自动归类成功
匿名文件_行号_3515,数据集3,0,0.794724323763626,0.6792488338078968,1.1029376685057173,自动归类成功
匿名文件_行号_3516,数据集3,0,0.8351063419872422,0.7441005685787183,0.9457070439592585,自动归类成功
匿名文件_行号_3517,数据集3,0,0.7675334342910434,0.6368598341970836,1.2020596737968803,自动归类成功
匿名文件_行号_3518,数据集3,0,0.78050584179619,0.6522201456380347,1.140137236109975,自动归类成功
